session_id,camera_id,seq,capture_unix_ns,tracker_done_unix_ns,send_prepare_unix_ns,arrival_unix_ns,arrival_monotonic_ns,capture_interval_ms,arrival_interval_ms,skipped_capture_frames,inference_ms,jpeg_encode_ms,jpeg_bytes,raw_capture_to_arrival_ms,clock_assumption,sender_clock_offset_ms,capture_to_arrival_ms,send_prepare_to_arrival_ms,clock_probe_rtt_ms,clock_estimate_age_ms
eece528b96d84366b4c43aa23e6e38bf,1,1,1790127282860472895,1790127282906873251,1790127282907611398,1790127281635404200,610499515000000,,,,46.16848500154447,0.730924,9174,-1225.068695,round_trip_estimate,1276.460414,51.391718999999966,4.2532159999998385,0.352981,379.610086
eece528b96d84366b4c43aa23e6e38bf,1,2,1790127282923734996,1790127282970055296,1790127282970709313,1790127281700110300,610499578000000,63.262101,63.0,0,46.06565299036447,0.646962,9070,-1223.624696,round_trip_estimate,1276.460414,52.835717999999815,5.861400999999887,0.352981,442.707168
eece528b96d84366b4c43aa23e6e38bf,1,3,1790127282991728403,1790127283037794536,1790127283038480405,1790127281760684400,610499640000000,67.993407,62.0,0,45.814652999979444,0.679388,9081,-1231.044003,round_trip_estimate,1276.460414,45.416410999999925,-1.3355910000000222,0.352981,510.477427
eece528b96d84366b4c43aa23e6e38bf,1,4,1790127283059743791,1790127283105700647,1790127283106366534,1790127281822509100,610499703000000,68.015388,63.0,0,45.71046799537726,0.659591,9134,-1237.234691,round_trip_estimate,1276.460414,39.22572299999979,-7.397020000000111,0.352981,578.364019
eece528b96d84366b4c43aa23e6e38bf,1,5,1790127283123740612,1790127283171860872,1790127283172473852,1790127281901985900,610499781000000,63.996821,78.0,0,47.872094000922516,0.606684,9126,-1221.754712,round_trip_estimate,1276.460414,54.705701999999974,5.97246199999995,0.352981,644.471577
eece528b96d84366b4c43aa23e6e38bf,1,6,1790127283160120376,1790127283220641223,1790127283221278425,1790127281950665700,610499828000000,36.379764,47.0,0,45.974912005476654,0.627332,9126,-1209.454676,round_trip_estimate,1276.460414,67.00573799999984,5.847688999999946,0.352981,693.276613
eece528b96d84366b4c43aa23e6e38bf,1,7,1790127283223752643,1790127283270159480,1790127283270799145,1790127281996584300,610499875000000,63.632267,47.0,0,46.14228098944295,0.634202,9190,-1227.168343,round_trip_estimate,1276.460414,49.29207099999985,2.245568999999932,0.352981,742.796185
eece528b96d84366b4c43aa23e6e38bf,1,8,1790127283259971851,1790127283318200295,1790127283318849682,1790127282042133600,610499921000000,36.219208,46.0,0,45.637764007551596,0.642999,9177,-1217.838251,round_trip_estimate,1276.460414,58.622163,-0.2556680000000142,0.352981,790.847
eece528b96d84366b4c43aa23e6e38bf,1,9,1790127283323908395,1790127283370215917,1790127283370852175,1790127282098206200,610499984000000,63.936544,63.0,0,45.872634000261314,0.62861,9134,-1225.702195,round_trip_estimate,1276.460414,50.758218999999826,3.814438999999993,0.352981,842.850104
eece528b96d84366b4c43aa23e6e38bf,1,10,1790127283360146492,1790127283418185770,1790127283418846565,1790127282149533800,610500031000000,36.238097,47.0,0,45.64237500017043,0.652851,9158,-1210.612692,round_trip_estimate,1276.460414,65.84772199999998,7.147649000000001,0.352981,890.844197
eece528b96d84366b4c43aa23e6e38bf,1,11,1790127283423804185,1790127283470237503,1790127283470865946,1790127282200106900,610500078000000,63.657693,47.0,0,46.059560001594946,0.621888,9183,-1223.697285,round_trip_estimate,1276.460414,52.763128999999935,5.701368000000002,0.352981,942.863153
eece528b96d84366b4c43aa23e6e38bf,1,12,1790127283460009004,1790127283519724556,1790127283520326611,1790127282249015200,610500125000000,36.204819,47.0,0,47.12009499780834,0.595888,9200,-1210.993804,round_trip_estimate,1276.460414,65.46660999999995,5.149002999999993,0.352981,992.324502
eece528b96d84366b4c43aa23e6e38bf,1,13,1790127283523938585,1790127283569862553,1790127283570474366,1790127282297280200,610500171000000,63.929581,46.0,0,45.66687499755062,0.605277,9150,-1226.658385,round_trip_estimate,1276.460414,49.80202899999995,3.266247999999905,0.352981,1042.472258
eece528b96d84366b4c43aa23e6e38bf,1,14,1790127283559895572,1790127283617815739,1790127283618459756,1790127282347155100,610500234000000,35.956987,63.0,0,45.46567201032303,0.637462,9127,-1212.740472,round_trip_estimate,1276.460414,63.719941999999946,5.155757999999878,0.352981,1090.457333
eece528b96d84366b4c43aa23e6e38bf,1,15,1790127283623847579,1790127283670843526,1790127283671467654,1790127282399530500,610500281000000,63.952007,47.0,0,46.73044799710624,0.618628,9134,-1224.317079,round_trip_estimate,1276.460414,52.14333499999998,4.5232599999999366,0.352981,1143.465731
eece528b96d84366b4c43aa23e6e38bf,1,16,1790127283660026861,1790127283718597212,1790127283719205322,1790127282446351200,610500328000000,36.179282,47.0,0,45.4803019965766,0.600258,9129,-1213.675661,round_trip_estimate,1276.460414,62.78475299999991,3.6062919999999394,0.352981,1191.203214
eece528b96d84366b4c43aa23e6e38bf,1,17,1790127283724028479,1790127283802042367,1790127283802600347,1790127282533342300,610500421000000,64.001618,93.0,0,77.74933200562373,0.553721,9126,-1190.686179,round_trip_estimate,1276.460414,85.77423499999986,7.202366999999867,0.352981,1274.596887
eece528b96d84366b4c43aa23e6e38bf,1,18,1790127283759886725,1790127283851966252,1790127283852546455,1790127282581834900,610500468000000,35.858246,47.0,0,46.4574669895228,0.575092,9132,-1178.051825,round_trip_estimate,1276.460414,98.40858899999989,5.748858999999811,0.352981,1324.543402
eece528b96d84366b4c43aa23e6e38bf,1,19,1790127283824327065,1790127283900109549,1790127283900717288,1790127282620707900,610500500000000,64.44034,32.0,0,45.90609700244386,0.60211,9110,-1203.619165,round_trip_estimate,1276.460414,72.84124899999983,-3.548974000000044,0.352981,1372.71531
eece528b96d84366b4c43aa23e6e38bf,1,20,1790127283860004385,1790127283950746396,1790127283951341765,1790127282679501800,610500562000000,35.67732,62.0,0,48.36711099778768,0.589499,9136,-1180.502585,round_trip_estimate,1276.460414,95.95782899999995,4.620449000000008,0.352981,1423.338805
eece528b96d84366b4c43aa23e6e38bf,1,21,1790127283926410035,1790127284000738911,1790127284001335373,1790127282717358400,610500593000000,66.40565,31.0,0,46.042097004828975,0.590166,9113,-1209.051635,round_trip_estimate,1276.460414,67.40877899999987,-7.516559000000143,0.352981,1473.333135
eece528b96d84366b4c43aa23e6e38bf,1,22,1790127283960178915,1790127284049332170,1790127284049937928,1790127282779213200,610500656000000,33.76888,63.0,0,46.255967012257315,0.600092,9118,-1180.965715,round_trip_estimate,1276.460414,95.49469899999986,5.735685999999987,0.352981,1521.935135
eece528b96d84366b4c43aa23e6e38bf,1,23,1790127284023989163,1790127284097498245,1790127284098106762,1790127282823906200,610500703000000,63.810248,47.0,0,45.65113500575535,0.602739,9181,-1200.082963,round_trip_estimate,1276.460414,76.37745099999984,2.25985199999991,0.352981,1570.104154
eece528b96d84366b4c43aa23e6e38bf,1,24,1790127284060173427,1790127284147539815,1790127284148145925,1790127282873606800,610500750000000,36.184264,47.0,0,46.23983700003009,0.600221,9189,-1186.566627,round_trip_estimate,1276.460414,89.89378699999997,1.921288999999888,0.352981,1620.143743
eece528b96d84366b4c43aa23e6e38bf,1,25,1790127284124196305,1790127284197280405,1790127284197873015,1790127282927228100,610500812000000,64.022878,62.0,0,45.96494899305981,0.586906,9176,-1196.968205,round_trip_estimate,1276.460414,79.492209,5.815498999999818,0.352981,1669.870333
eece528b96d84366b4c43aa23e6e38bf,1,26,1790127284160608661,1790127284245546757,1790127284246160312,1790127282968261600,610500843000000,36.412356,31.0,0,45.93969001143705,0.607221,9199,-1192.347061,round_trip_estimate,1276.460414,84.11335299999996,-1.4382980000000316,0.352981,1718.157777
eece528b96d84366b4c43aa23e6e38bf,1,27,1790127284224669057,1790127284293786332,1790127284294421238,1790127283024412300,610500906000000,64.060396,63.0,0,45.94894900219515,0.627813,9247,-1200.256757,round_trip_estimate,1276.460414,76.2036569999998,6.451475999999957,0.352981,1766.419352
eece528b96d84366b4c43aa23e6e38bf,1,28,1790127284260078748,1790127284343551458,1790127284344165531,1790127283073019800,610500953000000,35.409691,47.0,0,46.33652200573124,0.607536,9210,-1187.058948,round_trip_estimate,1276.460414,89.4014659999998,5.314682999999832,0.352981,1816.163608
eece528b96d84366b4c43aa23e6e38bf,1,29,1790127284324259829,1790127284391990069,1790127284392601531,1790127283122022600,610501000000000,64.181081,47.0,0,46.12035599711817,0.605017,9231,-1202.237229,round_trip_estimate,1276.460414,74.22318499999983,5.881482999999889,0.352981,1864.598978
eece528b96d84366b4c43aa23e6e38bf,1,30,1790127284360315463,1790127284440162144,1790127284440790050,1790127283167532800,610501046000000,36.055634,46.0,0,45.866597996791825,0.620276,9217,-1192.782663,round_trip_estimate,1276.460414,83.67775099999994,3.203163999999788,0.352981,1912.787571
eece528b96d84366b4c43aa23e6e38bf,1,31,1790127284424153156,1790127284488773032,1790127284489368142,1790127283218280400,610501093000000,63.837693,47.0,0,46.31226300261915,0.588554,9145,-1205.872756,round_trip_estimate,1276.460414,70.58765799999992,5.372671999999966,0.352981,1961.365886
eece528b96d84366b4c43aa23e6e38bf,1,32,1790127284460246365,1790127284538563640,1790127284539154750,1790127283260549300,610501140000000,36.093209,47.0,0,47.52350100898184,0.584295,9146,-1199.697065,round_trip_estimate,1276.460414,76.76334899999983,-2.1450360000001183,0.352981,2011.152198
eece528b96d84366b4c43aa23e6e38bf,1,33,1790127284526434719,1790127284587223084,1790127284587824176,1790127283318274300,610501203000000,66.188354,63.0,0,46.3709299947368,0.594258,9149,-1208.160419,round_trip_estimate,1276.460414,68.29999499999985,6.91053799999986,0.352981,2059.821975
eece528b96d84366b4c43aa23e6e38bf,1,34,1790127284560545932,1790127284636429731,1790127284637053118,1790127283353826100,610501234000000,34.111213,31.0,0,45.807967995642684,0.616962,9154,-1206.719832,round_trip_estimate,1276.460414,69.7405819999999,-6.766604000000143,0.352981,2109.050306
eece528b96d84366b4c43aa23e6e38bf,1,35,1790127284627920803,1790127284684712823,1790127284685309656,1790127283410433700,610501296000000,67.374871,62.0,0,45.66283799067605,0.59024,9095,-1217.487103,round_trip_estimate,1276.460414,58.97331099999997,1.5844579999998132,0.352981,2157.307344
eece528b96d84366b4c43aa23e6e38bf,1,36,1790127284691863921,1790127284738143925,1790127284738762312,1790127283466074400,610501343000000,63.943118,47.0,0,45.99770800268743,0.61098,9082,-1225.789521,round_trip_estimate,1276.460414,50.67089299999998,3.772501999999804,0.352981,2210.759538
eece528b96d84366b4c43aa23e6e38bf,1,37,1790127284759843050,1790127284805575036,1790127284806180332,1790127283534500800,610501421000000,67.979129,78.0,0,45.48811700078659,0.598592,9074,-1225.34225,round_trip_estimate,1276.460414,51.11816399999998,4.780881999999792,0.352981,2278.178631
eece528b96d84366b4c43aa23e6e38bf,1,38,1790127284827966771,1790127284875188570,1790127284875792883,1790127283605635600,610501484000000,68.123721,63.0,0,46.96678000618704,0.59835,9068,-1222.331171,round_trip_estimate,1276.460414,54.12924299999986,6.303130999999894,0.352981,2347.791034
eece528b96d84366b4c43aa23e6e38bf,1,39,1790127284891990630,1790127284937966283,1790127284938567819,1790127283668130500,610501546000000,64.023859,62.0,0,45.72413400455844,0.594018,9097,-1223.86013,round_trip_estimate,1276.460414,52.600283999999874,6.023095000000012,0.352981,2410.566247
eece528b96d84366b4c43aa23e6e38bf,1,40,1790127284928072209,1790127284986150690,1790127284986765967,1790127283715892400,610501593000000,36.081579,47.0,0,45.70570900978055,0.608944,9015,-1212.179809,round_trip_estimate,1276.460414,64.28060499999992,5.586846999999807,0.352981,2458.764229
eece528b96d84366b4c43aa23e6e38bf,1,41,1790127284991873717,1790127285039914902,1790127285040525235,1790127283769986000,610501656000000,63.801508,63.0,0,47.77255699445959,0.603702,9064,-1221.887717,round_trip_estimate,1276.460414,54.572696999999835,5.921178999999938,0.352981,2512.522552
eece528b96d84366b4c43aa23e6e38bf,1,42,1790127285030278254,1790127285090480769,1790127285091077249,1790127283819321700,610501703000000,38.404537,47.0,0,47.14918800164014,0.590573,9065,-1210.956554,round_trip_estimate,1276.460414,65.5038599999998,4.704864999999927,0.352981,2563.074011
eece528b96d84366b4c43aa23e6e38bf,1,43,1790127285091997229,1790127285169217711,1790127285169779950,1790127283900933600,610501781000000,61.718975,78.0,0,76.42953899630811,0.558017,9167,-1191.063629,round_trip_estimate,1276.460414,85.39678499999991,7.614063999999871,0.352981,2641.776472
eece528b96d84366b4c43aa23e6e38bf,1,44,1790127285128168160,1790127285251496813,1790127285252066182,1790127283983343600,610501859000000,36.170931,78.0,0,78.31499900203198,0.564666,9237,-1144.82456,round_trip_estimate,1276.460414,131.63585399999988,7.737831999999798,0.352981,2724.0625
eece528b96d84366b4c43aa23e6e38bf,1,46,1790127285228382727,1790127285301375680,1790127285302003068,1790127284027167100,610501906000000,100.214567,47.0,1,45.679746006499045,0.619518,9252,-1201.215627,round_trip_estimate,1276.460414,75.24478699999986,1.624445999999807,0.352981,2774.001293
eece528b96d84366b4c43aa23e6e38bf,1,47,1790127285292072661,1790127285349806476,1790127285350440846,1790127284074079400,610501953000000,63.689934,47.0,0,46.042560003115796,0.627147,9257,-1217.993261,round_trip_estimate,1276.460414,58.467152999999826,0.09896800000001349,0.352981,2822.438071
eece528b96d84366b4c43aa23e6e38bf,1,48,1790127285328190647,1790127285397838736,1790127285398440587,1790127284120032700,610502000000000,36.117986,47.0,0,45.729635006864555,0.595796,9244,-1208.157947,round_trip_estimate,1276.460414,68.30246699999998,-1.9474730000001728,0.352981,2870.438183
eece528b96d84366b4c43aa23e6e38bf,1,49,1790127285391856007,1790127285448929731,1790127285449534582,1790127284178421600,610502062000000,63.66536,62.0,0,48.0367410054896,0.599739,9230,-1213.434407,round_trip_estimate,1276.460414,63.026006999999936,5.347431999999799,0.352981,2921.532826
eece528b96d84366b4c43aa23e6e38bf,1,50,1790127285430337730,1790127285497042806,1790127285497648508,1790127284226776600,610502109000000,38.481723,47.0,0,45.67563500313554,0.600128,9215,-1203.56113,round_trip_estimate,1276.460414,72.89928399999985,5.588505999999825,0.352981,2969.645974
eece528b96d84366b4c43aa23e6e38bf,1,51,1790127285492298093,1790127285576466487,1790127285577046338,1790127284292528300,610502171000000,61.960363,62.0,0,77.07876000495162,0.575091,9204,-1199.769793,round_trip_estimate,1276.460414,76.69062099999996,-8.057624000000033,0.352981,3049.043156
eece528b96d84366b4c43aa23e6e38bf,1,52,1790127285528178061,1790127285656108576,1790127285656672167,1790127284373015400,610502250000000,35.879968,79.0,0,77.44577799167018,0.55961,9218,-1155.162661,round_trip_estimate,1276.460414,121.29775299999983,-7.196353000000045,0.352981,3128.668707
eece528b96d84366b4c43aa23e6e38bf,1,54,1790127285628204370,1790127285704380428,1790127285704973927,1790127284434609100,610502312000000,100.026309,62.0,1,46.01630099932663,0.587573,9261,-1193.59527,round_trip_estimate,1276.460414,82.86514399999987,6.095586999999796,0.352981,3176.971355
eece528b96d84366b4c43aa23e6e38bf,1,55,1790127285692232618,1790127285754365073,1790127285754971738,1790127284481006500,610502359000000,64.028248,47.0,0,47.11165100161452,0.601055,9321,-1211.226118,round_trip_estimate,1276.460414,65.23429599999986,2.4951759999999013,0.352981,3226.968945
eece528b96d84366b4c43aa23e6e38bf,1,56,1790127285730233545,1790127285802484185,1790127285803110683,1790127284534292300,610502421000000,38.000927,62.0,0,45.76202400494367,0.61874,9339,-1195.941245,round_trip_estimate,1276.460414,80.51916899999992,7.642030999999861,0.352981,3275.10789
eece528b96d84366b4c43aa23e6e38bf,1,57,1790127285792181408,1790127285852529922,1790127285853138903,1790127284573301200,610502453000000,61.947863,32.0,0,45.942727010697126,0.603795,9452,-1218.880208,round_trip_estimate,1276.460414,57.58020599999986,-3.377289000000019,0.352981,3325.136461
eece528b96d84366b4c43aa23e6e38bf,1,58,1790127285828870967,1790127285900560238,1790127285901170792,1790127284624543700,610502500000000,36.689559,47.0,0,45.7456540025305,0.604628,9377,-1204.327267,round_trip_estimate,1276.460414,72.13314700000001,-0.16667800000004718,0.352981,3373.168406
eece528b96d84366b4c43aa23e6e38bf,1,59,1790127285892116809,1790127285979437476,1790127285980001938,1790127284711068900,610502593000000,63.245842,93.0,0,76.54750200163107,0.559518,9228,-1181.047909,round_trip_estimate,1276.460414,95.41250500000001,7.527376000000004,0.352981,3451.999052
eece528b96d84366b4c43aa23e6e38bf,1,60,1790127285928627369,1790127286059983174,1790127286060547525,1790127284776086100,610502656000000,36.51056,63.0,0,76.83840898971539,0.559962,9145,-1152.541269,round_trip_estimate,1276.460414,123.91914499999984,-8.001011000000062,0.352981,3532.544194
eece528b96d84366b4c43aa23e6e38bf,1,62,1790127286028117846,1790127286107907138,1790127286108507044,1790127284834229500,610502718000000,99.490477,62.0,1,45.75569000735413,0.594036,9092,-1193.888346,round_trip_estimate,1276.460414,82.57206799999994,2.182869999999866,0.352981,3580.505325
eece528b96d84366b4c43aa23e6e38bf,1,63,1790127286092141353,1790127286200946627,1790127286201675866,1790127284925409100,610502812000000,64.023507,94.0,0,90.70134599460289,0.724369,9067,-1166.732253,round_trip_estimate,1276.460414,109.728161,0.1936479999999392,0.352981,3673.672425
eece528b96d84366b4c43aa23e6e38bf,1,65,1790127286194257806,1790127286253780896,1790127286254407765,1790127284983829300,610502859000000,102.116453,47.0,1,50.458162993891165,0.619276,9102,-1210.428506,round_trip_estimate,1276.460414,66.03190799999993,5.8819489999998495,0.352981,3726.405453
eece528b96d84366b4c43aa23e6e38bf,1,66,1790127286228135297,1790127286303205839,1790127286303810134,1790127285025875500,610502906000000,33.877491,47.0,0,46.9575590104796,0.59887,9060,-1202.259797,round_trip_estimate,1276.460414,74.20061699999997,-1.4742200000000594,0.352981,3775.807489
eece528b96d84366b4c43aa23e6e38bf,1,67,1790127286292135175,1790127286351591265,1790127286352179523,1790127285074096400,610502953000000,63.999878,47.0,0,45.855338001274504,0.582388,9131,-1218.038775,round_trip_estimate,1276.460414,58.421638999999914,-1.6227089999999862,0.352981,3824.177804
eece528b96d84366b4c43aa23e6e38bf,1,68,1790127286328239273,1790127286399793562,1790127286400410912,1790127285129549300,610503015000000,36.104098,62.0,0,45.70374600007199,0.610443,9187,-1198.689973,round_trip_estimate,1276.460414,77.77044099999989,5.598801999999978,0.352981,3872.408675
eece528b96d84366b4c43aa23e6e38bf,1,69,1790127286395960384,1790127286447946155,1790127286448542617,1790127285166697200,610503046000000,67.721111,31.0,0,45.613060996402055,0.590777,9245,-1229.263184,round_trip_estimate,1276.460414,47.19722999999999,-5.385003000000097,0.352981,3920.540027
eece528b96d84366b4c43aa23e6e38bf,1,70,1790127286459991225,1790127286506195210,1790127286506803376,1790127285235660400,610503125000000,64.030841,79.0,0,45.92250499990769,0.601369,9373,-1224.330825,round_trip_estimate,1276.460414,52.129588999999896,5.317437999999811,0.352981,3978.800953
eece528b96d84366b4c43aa23e6e38bf,1,71,1790127286527941928,1790127286605285614,1790127286605851483,1790127285334817300,610503218000000,67.950703,93.0,0,77.09344501199666,0.56148,9281,-1193.124628,round_trip_estimate,1276.460414,83.33578599999987,5.426230999999916,0.352981,4077.847782
eece528b96d84366b4c43aa23e6e38bf,1,72,1790127286596252575,1790127286654787482,1790127286655381407,1790127285384494500,610503265000000,68.310647,47.0,0,47.00241000682581,0.587573,9277,-1211.758075,round_trip_estimate,1276.460414,64.70233899999994,5.573506999999836,0.352981,4127.37904
eece528b96d84366b4c43aa23e6e38bf,1,73,1790127286660037250,1790127286706128736,1790127286706748531,1790127285433312700,610503312000000,63.784675,47.0,0,45.778319996315986,0.613777,9398,-1226.72455,round_trip_estimate,1276.460414,49.73586399999999,3.024582999999893,0.352981,4178.746164
eece528b96d84366b4c43aa23e6e38bf,1,74,1790127286727949935,1790127286773811329,1790127286774427309,1790127285498235100,610503375000000,67.912685,63.0,0,45.60252399824094,0.60924,9419,-1229.714835,round_trip_estimate,1276.460414,46.74557899999991,0.2682049999998526,0.352981,4246.424608
eece528b96d84366b4c43aa23e6e38bf,1,75,1790127286795953750,1790127286841931866,1790127286842538031,1790127285572360700,610503453000000,68.003815,78.0,0,45.69419000472408,0.599388,9358,-1223.59305,round_trip_estimate,1276.460414,52.86736399999995,6.283082999999806,0.352981,4314.537534
eece528b96d84366b4c43aa23e6e38bf,1,76,1790127286860196997,1790127286906119280,1790127286906734334,1790127285636099200,610503515000000,64.243247,62.0,0,45.669117011129856,0.609351,9148,-1224.097797,round_trip_estimate,1276.460414,52.362617,5.825279999999793,0.352981,4378.732004
eece528b96d84366b4c43aa23e6e38bf,1,77,1790127286896106281,1790127286953863004,1790127286954498373,1790127285685350600,610503562000000,35.909284,47.0,0,45.43669099803083,0.628795,9075,-1210.755681,round_trip_estimate,1276.460414,65.7047329999998,7.312640999999985,0.352981,4426.495579
eece528b96d84366b4c43aa23e6e38bf,1,78,1790127286959999770,1790127287037111271,1790127287037672677,1790127285760481300,610503640000000,63.893489,78.0,0,76.7992610053625,0.556962,9032,-1199.51847,round_trip_estimate,1276.460414,76.94194399999992,-0.7309630000002016,0.352981,4509.669106
eece528b96d84366b4c43aa23e6e38bf,1,79,1790127286996341645,1790127287117277396,1790127287117838506,1790127285845683300,610503734000000,36.341875,94.0,0,77.64453699928708,0.557017,8994,-1150.658345,round_trip_estimate,1276.460414,125.80206899999985,4.305207999999993,0.352981,4589.834934
eece528b96d84366b4c43aa23e6e38bf,1,81,1790127287096167065,1790127287196463652,1790127287197021318,1790127285926217800,610503812000000,99.82542,78.0,1,76.76942799298558,0.553573,8946,-1169.949265,round_trip_estimate,1276.460414,106.51114899999993,5.656895999999961,0.352981,4669.017395
eece528b96d84366b4c43aa23e6e38bf,1,83,1790127287196063319,1790127287243983395,1790127287244577171,1790127285973393100,610503859000000,99.896254,47.0,1,45.4526350076776,0.587962,8969,-1222.670219,round_trip_estimate,1276.460414,53.79019499999981,5.276342999999997,0.352981,4716.574989
eece528b96d84366b4c43aa23e6e38bf,1,84,1790127287260077197,1790127287306155424,1790127287306744071,1790127286035088000,610503921000000,64.013878,62.0,0,45.826337998732924,0.583814,9028,-1224.989197,round_trip_estimate,1276.460414,51.4712169999998,4.80434299999979,0.352981,4778.741722
eece528b96d84366b4c43aa23e6e38bf,1,85,1790127287296061036,1790127287354136333,1790127287354748406,1790127286084201700,610503968000000,35.983839,47.0,0,45.57350500544999,0.606295,9059,-1211.859336,round_trip_estimate,1276.460414,64.60107799999992,5.913707999999815,0.352981,4826.745816
eece528b96d84366b4c43aa23e6e38bf,1,86,1790127287360008396,1790127287406798862,1790127287407389861,1790127286136544900,610504015000000,63.94736,47.0,0,46.51696600194555,0.584888,9123,-1223.463496,round_trip_estimate,1276.460414,52.99691799999982,5.615452999999889,0.352981,4879.387197
eece528b96d84366b4c43aa23e6e38bf,1,87,1790127287396183290,1790127287454532771,1790127287455125622,1790127286184635000,610504062000000,36.174894,47.0,0,45.458579988917336,0.587573,9149,-1211.54829,round_trip_estimate,1276.460414,64.91212399999995,5.96979199999987,0.352981,4927.122958
eece528b96d84366b4c43aa23e6e38bf,1,88,1790127287460010427,1790127287508119298,1790127287508723501,1790127286236750000,610504125000000,63.827137,63.0,0,47.834890996455215,0.598054,9193,-1223.260427,round_trip_estimate,1276.460414,53.199986999999965,4.486912999999959,0.352981,4980.721356
eece528b96d84366b4c43aa23e6e38bf,1,89,1790127287498405409,1790127287557806444,1790127287558415906,1790127286278037600,610504156000000,38.394982,31.0,0,47.35794699809048,0.60261,9191,-1220.367809,round_trip_estimate,1276.460414,56.09260499999982,-3.9178920000001654,0.352981,5030.414205
eece528b96d84366b4c43aa23e6e38bf,1,90,1790127287560068977,1790127287607218924,1790127287607813553,1790127286336799400,610504218000000,61.663568,62.0,0,46.530393010471016,0.58961,9172,-1223.269577,round_trip_estimate,1276.460414,53.190836999999874,5.446260999999822,0.352981,5079.810593
eece528b96d84366b4c43aa23e6e38bf,1,91,1790127287596655833,1790127287655257666,1790127287655867961,1790127286370876100,610504250000000,36.586856,32.0,0,45.505486996262334,0.604314,9185,-1225.779733,round_trip_estimate,1276.460414,50.68068099999982,-8.531447000000071,0.352981,5127.865723
eece528b96d84366b4c43aa23e6e38bf,1,92,1790127287659996249,1790127287706227902,1790127287706867938,1790127286436013600,610504312000000,63.340416,62.0,0,45.753412996418774,0.632814,9133,-1223.982649,round_trip_estimate,1276.460414,52.47776499999986,5.606075999999803,0.352981,5178.865719
eece528b96d84366b4c43aa23e6e38bf,1,93,1790127287696031273,1790127287754202607,1790127287754862772,1790127286480110500,610504359000000,36.035024,47.0,0,45.572375995106995,0.651665,9119,-1215.920773,round_trip_estimate,1276.460414,60.53964099999985,1.7081419999999525,0.352981,5226.860757
eece528b96d84366b4c43aa23e6e38bf,1,94,1790127287759965726,1790127287837017634,1790127287837579522,1790127286557815800,610504437000000,63.934453,78.0,0,76.80244601215236,0.557888,9114,-1202.149926,round_trip_estimate,1276.460414,74.31048799999985,-3.3033080000000155,0.352981,5309.576136
eece528b96d84366b4c43aa23e6e38bf,1,95,1790127287796313304,1790127287885307449,1790127287885944115,1790127286611627700,610504500000000,36.347578,63.0,0,46.040375003940426,0.629591,9115,-1184.685604,round_trip_estimate,1276.460414,91.77480999999989,2.1439989999998943,0.352981,5357.941784
eece528b96d84366b4c43aa23e6e38bf,1,96,1790127287860197738,1790127287939994104,1790127287940625288,1790127286669463800,610504546000000,63.884434,46.0,0,47.161317997961305,0.624258,9126,-1190.733938,round_trip_estimate,1276.460414,85.72647599999982,5.298925999999938,0.352981,5412.622532
eece528b96d84366b4c43aa23e6e38bf,1,97,1790127287896059577,1790127287988678937,1790127287989290844,1790127286718749700,610504593000000,35.861839,47.0,0,45.98254099255428,0.606055,9131,-1177.309877,round_trip_estimate,1276.460414,99.15053699999999,5.9192699999998695,0.352981,5461.289032
eece528b96d84366b4c43aa23e6e38bf,1,98,1790127287960315566,1790127288038548324,1790127288039183712,1790127286768738700,610504656000000,64.255989,63.0,0,47.52865000045858,0.628017,9198,-1191.576866,round_trip_estimate,1276.460414,84.88354799999979,6.015401999999995,0.352981,5511.181326
eece528b96d84366b4c43aa23e6e38bf,1,99,1790127287998555067,1790127288086877991,1790127288087500990,1790127286817618600,610504703000000,38.239501,47.0,0,45.98820899263956,0.617073,9203,-1180.936467,round_trip_estimate,1276.460414,95.52394699999991,6.578023999999914,0.352981,5559.49916
eece528b96d84366b4c43aa23e6e38bf,1,100,1790127288060427968,1790127288137598802,1790127288138248616,1790127286866294600,610504750000000,61.872901,47.0,0,45.714209001744166,0.642998,9148,-1194.133368,round_trip_estimate,1276.460414,82.32704599999988,4.50639799999999,0.352981,5610.247452
eece528b96d84366b4c43aa23e6e38bf,1,101,1790127288096307455,1790127288186021914,1790127288186663727,1790127286915905000,610504796000000,35.879487,46.0,0,46.00589399342425,0.635443,9133,-1180.402455,round_trip_estimate,1276.460414,96.05795899999998,5.701686999999993,0.352981,5658.661674
eece528b96d84366b4c43aa23e6e38bf,1,102,1790127288160412073,1790127288234291766,1790127288234936820,1790127286963550100,610504843000000,64.104618,47.0,0,45.8762089983793,0.638629,9160,-1196.861973,round_trip_estimate,1276.460414,79.59844099999987,5.073693999999932,0.352981,5706.934508
eece528b96d84366b4c43aa23e6e38bf,1,103,1790127288196419672,1790127288282606730,1790127288283225210,1790127287010553100,610504890000000,36.007599,47.0,0,45.965949990204535,0.610165,9192,-1185.866572,round_trip_estimate,1276.460414,90.593842,3.7883039999999255,0.352981,5755.223139
eece528b96d84366b4c43aa23e6e38bf,1,104,1790127288264269931,1790127288332215394,1790127288332841986,1790127287062295900,610504937000000,67.850259,47.0,0,47.287613997468725,0.619943,9153,-1201.974031,round_trip_estimate,1276.460414,74.48638299999993,5.914327999999841,0.352981,5804.839081
eece528b96d84366b4c43aa23e6e38bf,1,105,1790127288328069754,1790127288380133988,1790127288380742376,1790127287104468900,610504984000000,63.799823,47.0,0,45.57359899627045,0.602833,9123,-1223.600854,round_trip_estimate,1276.460414,52.859559999999874,0.1869379999998273,0.352981,5852.740212
eece528b96d84366b4c43aa23e6e38bf,1,106,1790127288396054717,1790127288442182944,1790127288442789443,1790127287171858200,610505046000000,67.984963,62.0,0,45.82657899300102,0.601258,9178,-1224.196517,round_trip_estimate,1276.460414,52.263896999999815,5.529170999999906,0.352981,5914.787057
eece528b96d84366b4c43aa23e6e38bf,1,107,1790127288464000366,1790127288509694575,1790127288510339981,1790127287238746800,610505125000000,67.945649,79.0,0,45.43711700534914,0.640036,9137,-1225.253566,round_trip_estimate,1276.460414,51.20684799999981,4.867232999999942,0.352981,5982.337447
eece528b96d84366b4c43aa23e6e38bf,1,108,1790127288528000744,1790127288576067893,1790127288576661670,1790127287293260300,610505171000000,64.000378,46.0,0,47.796853992622346,0.588702,9117,-1234.740444,round_trip_estimate,1276.460414,41.719969999999876,-6.940956000000142,0.352981,6048.658802
eece528b96d84366b4c43aa23e6e38bf,1,109,1790127288595980837,1790127288642001823,1790127288642600359,1790127287370558200,610505250000000,67.980093,79.0,0,45.76465299760457,0.592851,9123,-1225.422637,round_trip_estimate,1276.460414,51.037777000000006,4.418254999999817,0.352981,6114.598306
eece528b96d84366b4c43aa23e6e38bf,1,110,1790127288664004763,1790127288709769361,1790127288710398248,1790127287439081200,610505328000000,68.023926,78.0,0,45.5084139975952,0.623295,9135,-1224.923563,round_trip_estimate,1276.460414,51.53685099999984,5.143365999999787,0.352981,6182.39614
eece528b96d84366b4c43aa23e6e38bf,1,111,1790127288728013900,1790127288774314719,1790127288774924533,1790127287503624900,610505390000000,64.009137,62.0,0,46.03037500055507,0.602721,9076,-1224.389,round_trip_estimate,1276.460414,52.071414000000004,5.160780999999815,0.352981,6246.921814
eece528b96d84366b4c43aa23e6e38bf,1,112,1790127288764091239,1790127288823870921,1790127288824479679,1790127287541899900,610505421000000,36.077339,31.0,0,47.154761996353045,0.603721,9034,-1222.191339,round_trip_estimate,1276.460414,54.26907499999993,-6.119365000000016,0.352981,6296.476812
eece528b96d84366b4c43aa23e6e38bf,1,113,1790127288828010728,1790127288874116233,1790127288874731991,1790127287598571400,610505484000000,63.919489,63.0,0,45.84993100434076,0.609073,9057,-1229.439328,round_trip_estimate,1276.460414,47.02108599999997,0.299822999999833,0.352981,6346.729475
eece528b96d84366b4c43aa23e6e38bf,1,114,1790127288864234918,1790127288921860272,1790127288922465345,1790127287651592600,610505531000000,36.22419,47.0,0,45.41600600350648,0.598388,9030,-1212.642318,round_trip_estimate,1276.460414,63.81809599999997,5.587669000000005,0.352981,6394.462199
eece528b96d84366b4c43aa23e6e38bf,1,115,1790127288928032130,1790127288974151191,1790127288974768800,1790127287703950900,610505578000000,63.797212,47.0,0,45.83795000507962,0.60861,9073,-1224.08123,round_trip_estimate,1276.460414,52.379183999999896,5.642513999999892,0.352981,6446.766174
eece528b96d84366b4c43aa23e6e38bf,1,116,1790127288964235672,1790127289022119655,1790127289022746320,1790127287744629900,610505625000000,36.203542,47.0,0,45.649210005649365,0.620535,9073,-1219.605772,round_trip_estimate,1276.460414,56.85464200000001,-1.6560060000001613,0.352981,6494.74336
eece528b96d84366b4c43aa23e6e38bf,1,117,1790127289028005792,1790127289074044149,1790127289074638055,1790127287792214400,610505671000000,63.77012,46.0,0,45.77163500653114,0.588795,9076,-1235.791392,round_trip_estimate,1276.460414,40.66902199999981,-5.963241000000153,0.352981,6546.635262
eece528b96d84366b4c43aa23e6e38bf,1,118,1790127289064209686,1790127289122111094,1790127289122721630,1790127287846735700,610505734000000,36.203894,63.0,0,45.68537599698175,0.603998,9070,-1217.473986,round_trip_estimate,1276.460414,58.98642799999993,0.4744839999998476,0.352981,6594.720022
eece528b96d84366b4c43aa23e6e38bf,1,119,1790127289128057490,1790127289175552474,1790127289176156714,1790127287905597500,610505781000000,63.847804,47.0,0,47.22859599860385,0.599351,9062,-1222.45999,round_trip_estimate,1276.460414,54.00042399999984,5.90119999999979,0.352981,6648.153791
eece528b96d84366b4c43aa23e6e38bf,1,120,1790127289166203436,1790127289223359920,1790127289223955678,1790127287953071200,610505828000000,38.145946,47.0,0,45.54752400144935,0.590721,9054,-1213.132236,round_trip_estimate,1276.460414,63.32817799999998,5.575935999999956,0.352981,6695.953237
eece528b96d84366b4c43aa23e6e38bf,1,121,1790127289228077393,1790127289274140046,1790127289274736545,1790127288002069200,610505890000000,61.873957,62.0,0,45.78445000515785,0.590351,9076,-1226.008193,round_trip_estimate,1276.460414,50.45222100000001,3.793068999999832,0.352981,6746.734603
eece528b96d84366b4c43aa23e6e38bf,1,122,1790127289264105621,1790127289322749287,1790127289323364934,1790127288052329400,610505937000000,36.028228,47.0,0,45.44541399809532,0.609554,9064,-1211.776221,round_trip_estimate,1276.460414,64.68419299999982,5.424879999999803,0.352981,6795.36327
eece528b96d84366b4c43aa23e6e38bf,1,123,1790127289328058814,1790127289374164911,1790127289374758262,1790127288089038000,610505968000000,63.953193,31.0,0,45.68393199588172,0.587295,9084,-1239.020814,round_trip_estimate,1276.460414,37.43959999999993,-9.259848000000147,0.352981,6846.755321
eece528b96d84366b4c43aa23e6e38bf,1,124,1790127289364098375,1790127289422114394,1790127289422719708,1790127288151037700,610506031000000,36.039561,63.0,0,45.54322799958754,0.599444,9121,-1213.060675,round_trip_estimate,1276.460414,63.399738999999954,4.7784059999999045,0.352981,6894.717859
eece528b96d84366b4c43aa23e6e38bf,1,125,1790127289428064142,1790127289474087425,1790127289474710368,1790127288201882700,610506078000000,63.965767,47.0,0,45.767061004880816,0.616777,9096,-1226.181442,round_trip_estimate,1276.460414,50.27897199999984,3.6327459999999974,0.352981,6946.707927
eece528b96d84366b4c43aa23e6e38bf,1,126,1790127289464458332,1790127289521827871,1790127289522461222,1790127288246392200,610506125000000,36.39419,47.0,0,45.42902499088086,0.627499,9144,-1218.066132,round_trip_estimate,1276.460414,58.394281999999976,0.3913919999999962,0.352981,6994.459151
eece528b96d84366b4c43aa23e6e38bf,1,127,1790127289528170378,1790127289575804398,1790127289576419768,1790127288307217800,610506187000000,63.712046,62.0,0,47.355077011161484,0.610203,9114,-1220.952578,round_trip_estimate,1276.460414,55.507836,7.258445999999822,0.352981,7048.418048
eece528b96d84366b4c43aa23e6e38bf,1,128,1790127289566295472,1790127289626546728,1790127289627161838,1790127288359381200,610506234000000,38.125094,47.0,0,47.0858920016326,0.609166,9149,-1206.914272,round_trip_estimate,1276.460414,69.54614199999992,8.679775999999947,0.352981,7099.159711
eece528b96d84366b4c43aa23e6e38bf,1,129,1790127289628102892,1790127289677850797,1790127289678451462,1790127288406824300,610506281000000,61.80742,47.0,0,46.220985997933894,0.594776,9127,-1221.278592,round_trip_estimate,1276.460414,55.18182200000001,4.833251999999902,0.352981,7150.448817
eece528b96d84366b4c43aa23e6e38bf,1,130,1790127289664402748,1790127289725697947,1790127289726312705,1790127288447693600,610506328000000,36.299856,47.0,0,45.54922798706684,0.609036,9080,-1216.709148,round_trip_estimate,1276.460414,59.75126599999999,-2.15869100000009,0.352981,7198.310578
eece528b96d84366b4c43aa23e6e38bf,1,131,1790127289728347960,1790127289774263040,1790127289774865020,1790127288495025700,610506375000000,63.945212,47.0,0,45.64531998767052,0.595184,9072,-1233.32226,round_trip_estimate,1276.460414,43.138153999999986,-3.3789060000001427,0.352981,7246.862634
eece528b96d84366b4c43aa23e6e38bf,1,132,1790127289764199966,1790127289822050801,1790127289822650725,1790127288544539200,610506421000000,35.852006,46.0,0,45.441672002198175,0.59498,9117,-1219.660766,round_trip_estimate,1276.460414,56.799647999999934,-1.6511110000001281,0.352981,7294.648265
eece528b96d84366b4c43aa23e6e38bf,1,133,1790127289828142215,1790127289874639201,1790127289875238236,1790127288604784400,610506484000000,63.942249,63.0,0,46.18306100019254,0.592925,9100,-1223.357815,round_trip_estimate,1276.460414,53.10259899999983,6.00657799999999,0.352981,7347.235387
eece528b96d84366b4c43aa23e6e38bf,1,134,1790127289864512627,1790127289924237291,1790127289924847105,1790127288652746700,610506531000000,36.370412,47.0,0,47.01600300904829,0.604332,9164,-1211.765927,round_trip_estimate,1276.460414,64.69448699999998,4.360008999999991,0.352981,7396.844756
eece528b96d84366b4c43aa23e6e38bf,1,135,1790127289928449802,1790127290007031004,1790127290007596800,1790127288733354600,610506609000000,63.937175,78.0,0,78.31705499847885,0.561277,9187,-1195.095202,round_trip_estimate,1276.460414,81.36521199999993,2.218213999999989,0.352981,7479.593006
eece528b96d84366b4c43aa23e6e38bf,1,136,1790127289966277749,1790127290086847094,1790127290087411500,1790127288816271300,610506703000000,37.827947,94.0,0,77.72020398988388,0.560092,9159,-1150.006449,round_trip_estimate,1276.460414,126.45396499999993,5.320213999999851,0.352981,7559.407744
eece528b96d84366b4c43aa23e6e38bf,1,138,1790127290064509858,1790127290134633670,1790127290135245539,1790127288854972100,610506734000000,98.232109,31.0,1,45.66717300622258,0.603962,9049,-1209.537758,round_trip_estimate,1276.460414,66.92265599999996,-3.8130250000001524,0.352981,7607.242671
eece528b96d84366b4c43aa23e6e38bf,1,139,1790127290132038286,1790127290182633671,1790127290183244781,1790127288912756200,610506796000000,67.528428,62.0,0,45.475302991690114,0.60461,8901,-1219.282086,round_trip_estimate,1276.460414,57.178327999999965,5.971832999999833,0.352981,7655.242358
eece528b96d84366b4c43aa23e6e38bf,1,140,1790127290196071923,1790127290243343667,1790127290243956110,1790127288969637600,610506843000000,64.033637,47.0,0,46.99565100600012,0.606258,8908,-1226.434323,round_trip_estimate,1276.460414,50.02609099999995,2.1419039999998404,0.352981,7715.954132
eece528b96d84366b4c43aa23e6e38bf,1,141,1790127290264074127,1790127290309843411,1790127290310489391,1790127289037676300,610506921000000,68.002204,78.0,0,45.50691301119514,0.638906,8897,-1226.397827,round_trip_estimate,1276.460414,50.062586999999894,3.647322999999915,0.352981,7782.487153
eece528b96d84366b4c43aa23e6e38bf,1,142,1790127290332048498,1790127290377727338,1790127290378339392,1790127289098138100,610506984000000,67.974371,63.0,0,45.41080199123826,0.606758,8910,-1233.910398,round_trip_estimate,1276.460414,42.550015999999914,-3.740878000000066,0.352981,7850.337358
eece528b96d84366b4c43aa23e6e38bf,1,143,1790127290396094562,1790127290442117752,1790127290442710103,1790127289167190600,610507046000000,64.046064,62.0,0,45.739913010038435,0.586703,8967,-1228.903962,round_trip_estimate,1276.460414,47.55645199999981,0.9409109999999146,0.352981,7914.707773
eece528b96d84366b4c43aa23e6e38bf,1,144,1790127290432187938,1790127290492063176,1790127290492674416,1790127289221966500,610507109000000,36.093376,63.0,0,47.16229900077451,0.605332,9035,-1210.221438,round_trip_estimate,1276.460414,66.23897599999987,5.752497999999832,0.352981,7964.671807
eece528b96d84366b4c43aa23e6e38bf,1,145,1790127290496140705,1790127290544531410,1790127290545132298,1790127289260619600,610507140000000,63.952767,31.0,0,48.10468699724879,0.59498,9148,-1235.521105,round_trip_estimate,1276.460414,40.93930899999987,-8.0522840000001,0.352981,8017.130078
eece528b96d84366b4c43aa23e6e38bf,1,146,1790127290534282892,1790127290592377782,1790127290592981855,1790127289322277300,610507203000000,38.142187,63.0,0,45.57972800103016,0.595851,9173,-1212.005592,round_trip_estimate,1276.460414,64.45482199999992,5.755858999999873,0.352981,8064.979728
eece528b96d84366b4c43aa23e6e38bf,1,147,1790127290596386904,1790127290642413002,1790127290643031852,1790127289369145500,610507250000000,62.104012,47.0,0,45.7534500019392,0.612351,9162,-1227.241404,round_trip_estimate,1276.460414,49.2190099999998,2.5740619999999126,0.352981,8115.030022
eece528b96d84366b4c43aa23e6e38bf,1,148,1790127290632359725,1790127290690535855,1790127290691164706,1790127289416849600,610507296000000,35.972821,46.0,0,45.51839499617927,0.621813,9196,-1215.510125,round_trip_estimate,1276.460414,60.950288999999884,2.1453079999998863,0.352981,8163.162486
eece528b96d84366b4c43aa23e6e38bf,1,149,1790127290696102474,1790127290742128368,1790127290742734219,1790127289472177400,610507359000000,63.742749,63.0,0,45.73991299548652,0.599666,9135,-1223.925074,round_trip_estimate,1276.460414,52.535339999999906,5.903594999999996,0.352981,8214.731925
eece528b96d84366b4c43aa23e6e38bf,1,150,1790127290732217350,1790127290789886185,1790127290790505110,1790127289519627900,610507406000000,36.114876,47.0,0,45.468302007066086,0.613128,9136,-1212.58945,round_trip_estimate,1276.460414,63.87096399999996,5.583203999999796,0.352981,8262.503464
eece528b96d84366b4c43aa23e6e38bf,1,151,1790127290796240247,1790127290842266159,1790127290842880251,1790127289570221000,610507453000000,64.022897,47.0,0,45.73789499409031,0.608054,9155,-1226.019247,round_trip_estimate,1276.460414,50.44116699999995,3.8011629999998604,0.352981,8314.878346
eece528b96d84366b4c43aa23e6e38bf,1,152,1790127290832200290,1790127290890320939,1790127290890923104,1790127289619805400,610507500000000,35.960043,47.0,0,45.645006000995636,0.59537,9130,-1212.39489,round_trip_estimate,1276.460414,64.06552399999987,5.342709999999897,0.352981,8362.920514
eece528b96d84366b4c43aa23e6e38bf,1,153,1790127290896140094,1790127290942119433,1790127290942746543,1790127289671531400,610507546000000,63.939804,46.0,0,45.71474599651992,0.621055,9112,-1224.608694,round_trip_estimate,1276.460414,51.85171999999989,5.2452710000000025,0.352981,8414.744416
eece528b96d84366b4c43aa23e6e38bf,1,154,1790127290932246229,1790127290991519117,1790127290992122042,1790127289718151400,610507593000000,36.106135,47.0,0,46.7988920136122,0.598036,9115,-1214.094829,round_trip_estimate,1276.460414,62.36558500000001,2.4897719999999026,0.352981,8464.119767
eece528b96d84366b4c43aa23e6e38bf,1,155,1790127290996279293,1790127291042302576,1790127291042915093,1790127289761346800,610507640000000,64.033064,47.0,0,45.729987003142014,0.606296,9002,-1234.932493,round_trip_estimate,1276.460414,41.52792099999988,-5.107879000000139,0.352981,8514.912856
eece528b96d84366b4c43aa23e6e38bf,1,156,1790127291032204262,1790127291090182652,1790127291090800762,1790127289810036200,610507687000000,35.924969,47.0,0,45.49387699807994,0.612517,9141,-1222.168062,round_trip_estimate,1276.460414,54.29235199999994,-4.304148000000168,0.352981,8562.798468
eece528b96d84366b4c43aa23e6e38bf,1,157,1790127291096135992,1790127291142126498,1790127291142729349,1790127289857460900,610507734000000,63.93173,47.0,0,45.70476501248777,0.597165,9113,-1238.675092,round_trip_estimate,1276.460414,37.78532199999995,-8.808035000000018,0.352981,8614.727185
eece528b96d84366b4c43aa23e6e38bf,1,158,1790127291132345942,1790127291191668645,1790127291192264588,1790127289920758000,610507796000000,36.20995,62.0,0,47.22137299540918,0.590054,9002,-1211.587942,round_trip_estimate,1276.460414,64.87247199999979,4.9538259999999354,0.352981,8664.261869
eece528b96d84366b4c43aa23e6e38bf,1,159,1790127291196169840,1790127291245945653,1790127291246715244,1790127289974425100,610507859000000,63.823898,63.0,0,49.506609997479245,0.763869,8873,-1221.74474,round_trip_estimate,1276.460414,54.71567399999981,4.170269999999846,0.352981,8718.711932
eece528b96d84366b4c43aa23e6e38bf,1,160,1790127291232438586,1790127291302383176,1790127291303148544,1790127290019609100,610507906000000,36.268746,47.0,0,53.90193399216514,0.759072,8835,-1212.829486,round_trip_estimate,1276.460414,63.63092799999981,-7.0790300000001025,0.352981,8775.146251
eece528b96d84366b4c43aa23e6e38bf,1,161,1790127291296204835,1790127291355074353,1790127291355663686,1790127290084235900,610507968000000,63.766249,62.0,0,50.20610900828615,0.584407,8926,-1211.968935,round_trip_estimate,1276.460414,64.4914789999998,5.0326279999999315,0.352981,8827.661429
eece528b96d84366b4c43aa23e6e38bf,1,162,1790127291334301911,1790127291403233095,1790127291403858372,1790127290132950600,610508015000000,38.097076,47.0,0,45.679617003770545,0.619296,8861,-1201.351311,round_trip_estimate,1276.460414,75.109103,5.552641999999878,0.352981,8875.855634
eece528b96d84366b4c43aa23e6e38bf,1,163,1790127291396294831,1790127291451771596,1790127291452374076,1790127290181385600,610508062000000,61.99292,47.0,0,46.24507900734898,0.59635,8683,-1214.909231,round_trip_estimate,1276.460414,61.55118299999981,5.471937999999909,0.352981,8924.371635
eece528b96d84366b4c43aa23e6e38bf,1,164,1790127291432538040,1790127291499679116,1790127291500276634,1790127290226194800,610508109000000,36.243209,47.0,0,45.69546900165733,0.591443,8623,-1206.34324,round_trip_estimate,1276.460414,70.11717399999998,2.378579999999829,0.352981,8972.273933
eece528b96d84366b4c43aa23e6e38bf,1,165,1790127291496117382,1790127291547623137,1790127291548234450,1790127290262269000,610508140000000,63.579342,31.0,0,45.65980201005004,0.604536,8375,-1233.848382,round_trip_estimate,1276.460414,42.612032,-9.505036000000018,0.352981,9020.23212
eece528b96d84366b4c43aa23e6e38bf,1,166,1790127291532362906,1790127291626424506,1790127291626978264,1790127290354015400,610508234000000,36.245524,94.0,0,76.31429999310058,0.549536,8323,-1178.347506,round_trip_estimate,1276.460414,98.11290799999983,3.497549999999819,0.352981,9098.974619
eece528b96d84366b4c43aa23e6e38bf,1,167,1790127291596243878,1790127291704717450,1790127291705270653,1790127290434410700,610508312000000,63.880972,78.0,0,76.23972599685658,0.548777,8305,-1161.833178,round_trip_estimate,1276.460414,114.62723599999981,5.600460999999996,0.352981,9177.266878
eece528b96d84366b4c43aa23e6e38bf,1,169,1790127291696196040,1790127291783490412,1790127291784049929,1790127290513277900,610508390000000,99.952162,78.0,1,76.21248500072397,0.554943,8451,-1182.91814,round_trip_estimate,1276.460414,93.5422739999999,5.688384999999926,0.352981,9256.045969
eece528b96d84366b4c43aa23e6e38bf,1,170,1790127291732489268,1790127291862235985,1790127291862790798,1790127290589707500,610508468000000,36.293228,78.0,0,76.57161400129553,0.550443,8587,-1142.781768,round_trip_estimate,1276.460414,133.67864599999984,3.377115999999887,0.352981,9334.787227
eece528b96d84366b4c43aa23e6e38bf,1,172,1790127291832237078,1790127291940558688,1790127291941121909,1790127290670567700,610508546000000,99.74781,78.0,1,76.209930004552,0.558925,8846,-1161.669378,round_trip_estimate,1276.460414,114.79103599999985,5.906205,0.352981,9413.118856
eece528b96d84366b4c43aa23e6e38bf,1,173,1790127291900434227,1790127292020015389,1790127292020579777,1790127290749437200,610508625000000,68.197149,79.0,0,77.27611299196724,0.560295,8976,-1150.997027,round_trip_estimate,1276.460414,125.46338700000001,5.317836999999827,0.352981,9492.576187
eece528b96d84366b4c43aa23e6e38bf,1,174,1790127291964520198,1790127292103534527,1790127292104093156,1790127290826327400,610508703000000,64.085971,78.0,0,80.93953199568205,0.554444,9043,-1138.192798,round_trip_estimate,1276.460414,138.26761599999986,-1.3053420000001097,0.352981,9576.089955
eece528b96d84366b4c43aa23e6e38bf,1,176,1790127292100179867,1790127292182565785,1790127292183124692,1790127290910394900,610508796000000,135.659669,93.0,1,76.39613299397752,0.554906,8885,-1189.784967,round_trip_estimate,1276.460414,86.67544699999985,3.730621999999812,0.352981,9655.121232
eece528b96d84366b4c43aa23e6e38bf,1,177,1790127292164285561,1790127292261712598,1790127292262290486,1790127290988055900,610508875000000,64.105694,79.0,0,75.93230000929907,0.573739,8729,-1176.229661,round_trip_estimate,1276.460414,100.23075299999982,2.225827999999865,0.352981,9734.287359
eece528b96d84366b4c43aa23e6e38bf,1,178,1790127292232324080,1790127292340921356,1790127292341480207,1790127291074895700,610508953000000,68.038519,78.0,0,76.94537300267257,0.555129,8734,-1157.42838,round_trip_estimate,1276.460414,119.03203399999984,9.87590699999987,0.352981,9813.47708
eece528b96d84366b4c43aa23e6e38bf,1,179,1790127292300571062,1790127292453800661,1790127292454376215,1790127291182730500,610509062000000,68.246982,109.0,0,106.15716999745928,0.571295,8814,-1117.840562,round_trip_estimate,1276.460414,158.6198519999998,4.814698999999791,0.352981,9926.373255
eece528b96d84366b4c43aa23e6e38bf,1,181,1790127292402737480,1790127292532404104,1790127292532962140,1790127291261796800,610509140000000,102.166418,78.0,1,76.48839199100621,0.553518,8962,-1140.94068,round_trip_estimate,1276.460414,135.51973399999997,5.295073999999886,0.352981,10004.958495
eece528b96d84366b4c43aa23e6e38bf,1,183,1790127292500221739,1790127292612907193,1790127292613468321,1790127291342365600,610509218000000,97.484259,78.0,1,78.4076479903888,0.556591,9060,-1157.856139,round_trip_estimate,1276.460414,118.60427499999992,5.3576929999999265,0.352981,10085.464972
eece528b96d84366b4c43aa23e6e38bf,1,185,1790127292600232087,1790127292692114395,1790127292692673820,1790127291421790600,610509296000000,100.010348,78.0,1,76.87041000463068,0.555332,9146,-1178.441487,round_trip_estimate,1276.460414,98.01892699999985,5.577193999999963,0.352981,10164.6706
eece528b96d84366b4c43aa23e6e38bf,1,186,1790127292664477484,1790127292772182947,1790127292772741724,1790127291501652100,610509390000000,64.245397,94.0,0,77.86520500667393,0.554925,9222,-1162.825384,round_trip_estimate,1276.460414,113.63502999999992,5.370789999999943,0.352981,10244.738226
eece528b96d84366b4c43aa23e6e38bf,1,188,1790127292764236203,1790127292882993033,1790127292883555940,1790127291605920700,610509484000000,99.758719,94.0,1,108.36225800449029,0.558536,9380,-1158.315503,round_trip_estimate,1276.460414,118.14491099999987,-1.1748260000001665,0.352981,10355.552165
eece528b96d84366b4c43aa23e6e38bf,1,190,1790127292864392050,1790127292992934955,1790127292993494250,1790127291722251000,610509609000000,100.155847,125.0,1,107.31246300565545,0.55524,9347,-1142.14105,round_trip_estimate,1276.460414,134.31936399999995,5.2171639999999115,0.352981,10465.491364
eece528b96d84366b4c43aa23e6e38bf,1,192,1790127292964336898,1790127293101115732,1790127293101687805,1790127291824658000,610509703000000,99.944848,94.0,1,105.69513399968855,0.567647,9372,-1139.678898,round_trip_estimate,1276.460414,136.781516,-0.569390999999996,0.352981,10573.684511
eece528b96d84366b4c43aa23e6e38bf,1,195,1790127293101229787,1790127293181287432,1790127293181855135,1790127291909980100,610509796000000,136.892889,93.0,2,77.63477900880389,0.563406,9369,-1191.249687,round_trip_estimate,1276.460414,85.2107269999999,4.585378999999875,0.352981,10653.851304
eece528b96d84366b4c43aa23e6e38bf,1,196,1790127293164245001,1790127293289942523,1790127293290508189,1790127292012563300,610509890000000,63.015214,94.0,0,106.52468699845485,0.561314,9366,-1151.681701,round_trip_estimate,1276.460414,124.77871299999993,-1.4844750000002023,0.352981,10762.504914
eece528b96d84366b4c43aa23e6e38bf,1,198,1790127293266293290,1790127293399890389,1790127293400463166,1790127292128851900,610510015000000,102.048289,125.0,1,107.52581599808764,0.568055,9395,-1137.44139,round_trip_estimate,1276.460414,139.01902399999994,4.849148000000014,0.352981,10872.45941
eece528b96d84366b4c43aa23e6e38bf,1,201,1790127293400207407,1790127293508874091,1790127293509441756,1790127292229656600,610510109000000,133.914117,94.0,2,106.47528000117745,0.563591,9351,-1170.550807,round_trip_estimate,1276.460414,105.90960699999982,-3.3247420000000147,0.352981,10981.438278
eece528b96d84366b4c43aa23e6e38bf,1,203,1790127293502142215,1790127293616436850,1790127293617007294,1790127292339969600,610510218000000,101.934808,109.0,1,105.42841099959332,0.565851,9407,-1162.172615,round_trip_estimate,1276.460414,114.28779899999995,-0.5772800000002007,0.352981,11089.003778
eece528b96d84366b4c43aa23e6e38bf,1,205,1790127293600285455,1790127293696767995,1790127293697333883,1790127292422687600,610510296000000,98.14324,78.0,1,78.07620400853921,0.561906,9386,-1177.597855,round_trip_estimate,1276.460414,98.86255899999992,1.8141309999998612,0.352981,11169.330256
eece528b96d84366b4c43aa23e6e38bf,1,206,1790127293664565797,1790127293777029102,1790127293777592101,1790127292507926500,610510390000000,64.280342,94.0,0,78.14866698754486,0.558499,9389,-1156.639297,round_trip_estimate,1276.460414,119.82111699999996,6.7948129999999765,0.352981,11249.588789
eece528b96d84366b4c43aa23e6e38bf,1,208,1790127293768253378,1790127293889457871,1790127293890033741,1790127292618822200,610510500000000,103.687581,110.0,1,107.93496199767105,0.57111,9397,-1149.431178,round_trip_estimate,1276.460414,127.02923599999986,5.248873000000003,0.352981,11362.030392
eece528b96d84366b4c43aa23e6e38bf,1,209,1790127293832756108,1790127293996658206,1790127293997224334,1790127292726566300,610510609000000,64.50273,109.0,0,105.05522700259462,0.561499,9427,-1106.189808,round_trip_estimate,1276.460414,170.27060599999982,5.802379999999857,0.352981,11469.221078
eece528b96d84366b4c43aa23e6e38bf,1,211,1790127293968318222,1790127294077521794,1790127294078101478,1790127292804071500,610510687000000,135.562114,78.0,1,78.65766700706445,0.575499,9405,-1164.246722,round_trip_estimate,1276.460414,112.21369199999981,2.4304359999998724,0.352981,11550.09824
eece528b96d84366b4c43aa23e6e38bf,1,212,1790127294034410912,1790127294156135201,1790127294156701441,1790127292875925600,610510750000000,66.09269,63.0,0,76.44283800618723,0.562055,9449,-1158.485312,round_trip_estimate,1276.460414,117.97510199999988,-4.315427,0.352981,11628.698203
eece528b96d84366b4c43aa23e6e38bf,1,213,1790127294100672621,1790127294237665677,1790127294238247528,1790127292963111300,610510843000000,66.261709,93.0,0,78.87662800203543,0.577351,9434,-1137.561321,round_trip_estimate,1276.460414,138.899093,1.324185999999827,0.352981,11710.244031
eece528b96d84366b4c43aa23e6e38bf,1,215,1790127294232284317,1790127294345192715,1790127294345759825,1790127293073272100,610510953000000,131.611696,110.0,1,105.35794899624307,0.562573,9416,-1159.012217,round_trip_estimate,1276.460414,117.44819699999994,3.9726889999999457,0.352981,11817.75642
eece528b96d84366b4c43aa23e6e38bf,1,217,1790127294332374498,1790127294454124935,1790127294454691267,1790127293183911700,610511062000000,100.090181,109.0,1,106.79087300377432,0.561832,9419,-1148.462798,round_trip_estimate,1276.460414,127.99761599999988,5.680846999999858,0.352981,11926.688215
eece528b96d84366b4c43aa23e6e38bf,1,219,1790127294433104956,1790127294532737935,1790127294533305878,1790127293262602700,610511140000000,100.730458,78.0,1,76.52478199452162,0.563333,9411,-1170.502256,round_trip_estimate,1276.460414,105.95815799999991,5.757235999999921,0.352981,12005.301751
eece528b96d84366b4c43aa23e6e38bf,1,221,1790127294532255288,1790127294611486305,1790127294612055359,1790127293341251900,610511218000000,99.150332,78.0,1,76.52918800886255,0.563776,9399,-1191.003388,round_trip_estimate,1276.460414,85.45702599999981,5.656954999999925,0.352981,12084.051751
eece528b96d84366b4c43aa23e6e38bf,1,222,1790127294568814478,1790127294692226597,1790127294692793114,1790127293417447800,610511296000000,36.55919,78.0,0,78.63251799426507,0.562221,9362,-1151.366678,round_trip_estimate,1276.460414,125.09373599999981,1.115099999999984,0.352981,12164.790024
eece528b96d84366b4c43aa23e6e38bf,1,224,1790127294674201205,1790127294775561680,1790127294776127087,1790127293508373200,610511390000000,105.386727,94.0,1,80.60043999284972,0.561221,9381,-1165.828005,round_trip_estimate,1276.460414,110.63240899999983,8.706526999999824,0.352981,12248.123886
eece528b96d84366b4c43aa23e6e38bf,1,226,1790127294768305268,1790127294857968617,1790127294858530042,1790127293581690700,610511468000000,94.104063,78.0,1,76.456874012365,0.557259,9392,-1186.614568,round_trip_estimate,1276.460414,89.84584599999994,-0.3789280000000872,0.352981,12330.526601
eece528b96d84366b4c43aa23e6e38bf,1,227,1790127294833168312,1790127294965195674,1790127294965765043,1790127293683783400,610511562000000,64.863044,94.0,0,104.96828299073968,0.56461,9430,-1149.384912,round_trip_estimate,1276.460414,127.07550199999991,-5.521229000000176,0.352981,12437.761583
eece528b96d84366b4c43aa23e6e38bf,1,229,1790127294932389810,1790127295044516728,1790127295045082301,1790127293762802600,610511640000000,99.221498,78.0,1,76.52922600391321,0.561036,9270,-1169.58721,round_trip_estimate,1276.460414,106.87320399999999,-5.819287000000031,0.352981,12517.079008
eece528b96d84366b4c43aa23e6e38bf,1,231,1790127295032413195,1790127295125882686,1790127295126456203,1790127293853978300,610511734000000,100.023385,94.0,1,78.67164800700266,0.569184,8827,-1178.434895,round_trip_estimate,1276.460414,98.0255189999998,3.9825109999999313,0.352981,12598.452892
eece528b96d84366b4c43aa23e6e38bf,1,232,1790127295070296772,1790127295204504056,1790127295205063333,1790127293931185600,610511812000000,37.883577,78.0,0,76.52507799502928,0.555036,8713,-1139.111172,round_trip_estimate,1276.460414,137.349242,2.582680999999866,0.352981,12677.060225
eece528b96d84366b4c43aa23e6e38bf,1,234,1790127295168263125,1790127295283770240,1790127295284335795,1790127294009292100,610511890000000,97.966353,78.0,1,76.59224400413223,0.561295,8739,-1158.971025,round_trip_estimate,1276.460414,117.48938899999985,1.41671899999983,0.352981,12756.332205
eece528b96d84366b4c43aa23e6e38bf,1,236,1790127295268493732,1790127295331253373,1790127295331856224,1790127294057303200,610511937000000,100.230607,47.0,1,45.40500699658878,0.59724,8777,-1211.190532,round_trip_estimate,1276.460414,65.26988199999982,1.9073899999998503,0.352981,12803.853967
eece528b96d84366b4c43aa23e6e38bf,1,237,1790127295332357593,1790127295420911704,1790127295421473610,1790127294150549200,610512031000000,63.863861,94.0,0,78.73968500643969,0.557665,8952,-1181.808393,round_trip_estimate,1276.460414,94.65202099999988,5.536003999999821,0.352981,12893.47015
eece528b96d84366b4c43aa23e6e38bf,1,238,1790127295370339485,1790127295500755757,1790127295501319738,1790127294230659100,610512109000000,37.981892,78.0,0,77.48900199658237,0.559499,9050,-1139.680385,round_trip_estimate,1276.460414,136.780029,5.799775999999838,0.352981,12973.316148
eece528b96d84366b4c43aa23e6e38bf,1,240,1790127295468473726,1790127295581300976,1790127295581860104,1790127294308295800,610512187000000,98.134241,78.0,1,78.16287099558394,0.554722,9147,-1160.177926,round_trip_estimate,1276.460414,116.28248799999983,2.896109999999908,0.352981,13053.856885
eece528b96d84366b4c43aa23e6e38bf,1,242,1790127295568450445,1790127295660322438,1790127295660885567,1790127294385576900,610512265000000,99.976719,78.0,1,76.72528098919429,0.559277,9288,-1182.873545,round_trip_estimate,1276.460414,93.58686899999998,1.1517469999998866,0.352981,13132.882292
eece528b96d84366b4c43aa23e6e38bf,1,243,1790127295636536594,1790127295741032230,1790127295741596211,1790127294470484000,610512359000000,68.086149,94.0,0,78.44346300407778,0.559814,9315,-1166.052594,round_trip_estimate,1276.460414,110.4078199999999,5.348203000000012,0.352981,13213.592843
eece528b96d84366b4c43aa23e6e38bf,1,244,1790127295702240118,1790127295820291581,1790127295820855802,1790127294543252600,610512421000000,65.703524,62.0,0,76.78141001088079,0.559962,9511,-1158.987518,round_trip_estimate,1276.460414,117.47289599999999,-1.1427880000001096,0.352981,13292.85225
eece528b96d84366b4c43aa23e6e38bf,1,245,1790127295768704808,1790127295899623302,1790127295900199486,1790127294620903000,610512500000000,66.46469,79.0,0,76.85146600124426,0.570666,9540,-1147.801808,round_trip_estimate,1276.460414,128.65860599999996,-2.8360720000000583,0.352981,13372.198563
eece528b96d84366b4c43aa23e6e38bf,1,247,1790127295900536522,1790127295978203357,1790127295978766079,1790127294707476400,610512593000000,131.831714,93.0,1,76.21733800624497,0.559036,9236,-1193.060122,round_trip_estimate,1276.460414,83.40029199999981,5.170734999999922,0.352981,13450.762211
eece528b96d84366b4c43aa23e6e38bf,1,248,1790127295968400783,1790127296057066987,1790127296057630652,1790127294776810300,610512656000000,67.864261,63.0,0,76.56311499886215,0.559314,9197,-1191.590483,round_trip_estimate,1276.460414,84.86993099999995,-4.3599380000000565,0.352981,13529.627378
eece528b96d84366b4c43aa23e6e38bf,1,249,1790127296036494766,1790127296135802024,1790127296136385634,1790127294865525800,610512750000000,68.093983,94.0,0,76.68055999965873,0.577555,9109,-1170.968966,round_trip_estimate,1276.460414,105.49144799999999,5.600579999999809,0.352981,13608.383229
eece528b96d84366b4c43aa23e6e38bf,1,251,1790127296137073781,1790127296214549153,1790127296215109504,1790127294943644500,610512828000000,100.579015,78.0,1,76.36285599437542,0.556259,8975,-1193.429281,round_trip_estimate,1276.460414,83.03113299999995,4.995409999999993,0.352981,13687.105933
eece528b96d84366b4c43aa23e6e38bf,1,252,1790127296200408624,1790127296293289172,1790127296293845745,1790127295008579400,610512890000000,63.334843,62.0,0,76.51030100532807,0.552665,8932,-1191.829224,round_trip_estimate,1276.460414,84.63118999999983,-8.8059310000001,0.352981,13765.842711
eece528b96d84366b4c43aa23e6e38bf,1,253,1790127296236794371,1790127296383163984,1790127296383894464,1790127295112970500,610513000000000,36.385747,110.0,0,87.50946499640122,0.72548,8836,-1123.823871,round_trip_estimate,1276.460414,152.63654299999985,5.536449999999832,0.352981,13855.891356
eece528b96d84366b4c43aa23e6e38bf,1,255,1790127296336418887,1790127296467956288,1790127296468516675,1790127295195258600,610513078000000,99.624516,78.0,1,82.49677100684494,0.555628,8754,-1141.160287,round_trip_estimate,1276.460414,135.30012699999997,3.202338999999938,0.352981,13940.512771
eece528b96d84366b4c43aa23e6e38bf,1,257,1790127296436698402,1790127296547209601,1790127296547763212,1790127295275775100,610513156000000,100.279515,78.0,1,76.5810229931958,0.549462,8727,-1160.923302,round_trip_estimate,1276.460414,115.53711199999998,4.4723019999999,0.352981,14019.760122
eece528b96d84366b4c43aa23e6e38bf,1,259,1790127296536416288,1790127296626102101,1790127296626659933,1790127295354711500,610513234000000,99.717886,78.0,1,76.82178099639714,0.553628,8654,-1181.704788,round_trip_estimate,1276.460414,94.75562599999989,4.511980999999878,0.352981,14098.656362
eece528b96d84366b4c43aa23e6e38bf,1,260,1790127296601284148,1790127296704689824,1790127296705251693,1790127295434366000,610513312000000,64.86786,78.0,0,76.50805900630075,0.557666,8590,-1166.918148,round_trip_estimate,1276.460414,109.54226599999993,5.574720999999954,0.352981,14177.248455
eece528b96d84366b4c43aa23e6e38bf,1,262,1790127296700435332,1790127296783850212,1790127296784409822,1790127295512320300,610513390000000,99.151184,78.0,1,76.65283800452016,0.554962,8640,-1188.115032,round_trip_estimate,1276.460414,88.34538199999997,4.3708919999999125,0.352981,14256.406158
eece528b96d84366b4c43aa23e6e38bf,1,263,1790127296736831522,1790127296863093951,1790127296863650210,1790127295588112900,610513468000000,36.39619,78.0,0,77.16437299677636,0.551943,8626,-1148.718622,round_trip_estimate,1276.460414,127.7417919999998,0.9231039999999666,0.352981,14335.646898
eece528b96d84366b4c43aa23e6e38bf,1,265,1790127296836490613,1790127296944501558,1790127296945051038,1790127295673922600,610513562000000,99.659091,94.0,1,79.31496200035326,0.54511,8640,-1162.568013,round_trip_estimate,1276.460414,113.89240099999984,5.3319759999999405,0.352981,14417.047726
eece528b96d84366b4c43aa23e6e38bf,1,267,1790127296936398388,1790127297023202132,1790127297023756557,1790127295752912800,610513640000000,99.907775,78.0,1,76.60894900618587,0.549832,8708,-1183.485588,round_trip_estimate,1276.460414,92.9748259999999,5.616656999999805,0.352981,14495.753263
eece528b96d84366b4c43aa23e6e38bf,1,268,1790127297000822081,1790127297102686427,1790127297103243518,1790127295823954300,610513703000000,64.423693,63.0,0,76.73918899672572,0.552962,8785,-1176.867781,round_trip_estimate,1276.460414,99.59263299999998,-2.828803999999991,0.352981,14575.239725
eece528b96d84366b4c43aa23e6e38bf,1,270,1790127297100421042,1790127297181519964,1790127297182087500,1790127295900731800,610513781000000,99.598961,78.0,1,76.42963400576264,0.56298,8878,-1199.689242,round_trip_estimate,1276.460414,76.77117199999998,-4.895286000000169,0.352981,14654.084373
eece528b96d84366b4c43aa23e6e38bf,1,271,1790127297136759437,1790127297260574241,1790127297261128074,1790127295980529800,610513859000000,36.338395,78.0,0,76.76294799603056,0.549851,8906,-1156.229637,round_trip_estimate,1276.460414,120.23077699999999,-4.137860000000046,0.352981,14733.125299
eece528b96d84366b4c43aa23e6e38bf,1,273,1790127297236740805,1790127297339228686,1790127297339781870,1790127296060880000,610513937000000,99.981368,78.0,1,76.4516899944283,0.549314,8819,-1175.860805,round_trip_estimate,1276.460414,100.59960899999987,-2.4414560000000165,0.352981,14811.778355
eece528b96d84366b4c43aa23e6e38bf,1,275,1790127297336484321,1790127297421496476,1790127297422067123,1790127296151335100,610514031000000,99.743516,94.0,1,79.59625800140202,0.565758,8814,-1185.149221,round_trip_estimate,1276.460414,91.311193,5.728390999999874,0.352981,14894.063459
eece528b96d84366b4c43aa23e6e38bf,1,276,1790127297406235616,1790127297504304431,1790127297504859745,1790127296233987400,610514109000000,69.751295,78.0,0,80.0165720138466,0.551295,8880,-1172.248216,round_trip_estimate,1276.460414,104.21219799999994,5.588068999999905,0.352981,14976.85647
eece528b96d84366b4c43aa23e6e38bf,1,277,1790127297470849679,1790127297552742526,1790127297553346117,1790127296278927700,610514156000000,64.614063,47.0,0,45.84896900632884,0.598073,8928,-1191.921979,round_trip_estimate,1276.460414,84.53843499999994,2.04199699999981,0.352981,15025.343842
eece528b96d84366b4c43aa23e6e38bf,1,278,1790127297537057981,1790127297632092302,1790127297632650116,1790127296354619300,610514234000000,66.208302,78.0,0,76.74535599653609,0.553759,8799,-1182.438681,round_trip_estimate,1276.460414,94.02173299999981,-1.5704020000000583,0.352981,15104.646378
eece528b96d84366b4c43aa23e6e38bf,1,279,1790127297605183242,1790127297710620877,1790127297711174006,1790127296440102100,610514328000000,68.125261,94.0,0,76.2548190105008,0.548943,8824,-1165.081142,round_trip_estimate,1276.460414,111.3792719999999,5.388508000000002,0.352981,15183.170897
eece528b96d84366b4c43aa23e6e38bf,1,280,1790127297669079603,1790127297759187656,1790127297759794822,1790127296479428800,610514359000000,63.896361,31.0,0,45.92313600005582,0.60037,8820,-1189.650803,round_trip_estimate,1276.460414,86.8096109999999,-3.9056080000000293,0.352981,15231.792213
eece528b96d84366b4c43aa23e6e38bf,1,281,1790127297736942216,1790127297809243655,1790127297809826283,1790127296537903500,610514421000000,67.862613,62.0,0,47.69546599709429,0.577018,8862,-1199.038716,round_trip_estimate,1276.460414,77.42169799999988,4.537630999999919,0.352981,15281.824194
eece528b96d84366b4c43aa23e6e38bf,1,282,1790127297806102994,1790127297857155583,1790127297857754527,1790127296573260000,610514453000000,69.160778,32.0,0,45.66706200421322,0.594147,8796,-1232.842994,round_trip_estimate,1276.460414,43.61741999999981,-8.034113000000161,0.352981,15329.750844
eece528b96d84366b4c43aa23e6e38bf,1,283,1790127297868547154,1790127297945346288,1790127297945913842,1790127296672222400,610514546000000,62.44416,93.0,0,76.55624499602709,0.562369,8779,-1196.324754,round_trip_estimate,1276.460414,80.13565999999992,2.7689719999998488,0.352981,15417.910623
eece528b96d84366b4c43aa23e6e38bf,1,284,1790127297904593568,1790127298024782268,1790127298025338286,1790127296754067200,610514640000000,36.046414,94.0,0,77.31718799914233,0.55161,8822,-1150.526368,round_trip_estimate,1276.460414,125.93404599999985,5.189327999999932,0.352981,15497.334659
eece528b96d84366b4c43aa23e6e38bf,1,286,1790127298004594547,1790127298103328843,1790127298103886472,1790127296823633200,610514703000000,100.000979,63.0,1,76.44174600136466,0.553332,8934,-1180.961347,round_trip_estimate,1276.460414,95.49906699999997,-3.792858000000024,0.352981,15575.883049
eece528b96d84366b4c43aa23e6e38bf,1,288,1790127298104436563,1790127298181857770,1790127298182430510,1790127296903715900,610514781000000,99.842016,78.0,1,76.43843100231607,0.568277,9002,-1200.720663,round_trip_estimate,1276.460414,75.73975099999984,-2.2541960000000927,0.352981,15654.427124
eece528b96d84366b4c43aa23e6e38bf,1,289,1790127298168572332,1790127298260701826,1790127298261266528,1790127296990147000,610514875000000,64.135769,94.0,0,76.74124400364235,0.56035,9059,-1178.425332,round_trip_estimate,1276.460414,98.03508199999987,5.340885999999955,0.352981,15733.263272
eece528b96d84366b4c43aa23e6e38bf,1,290,1790127298204723838,1790127298339949510,1790127298340511380,1790127297065214900,610514953000000,36.151506,78.0,0,76.83037398965098,0.557536,9051,-1139.508938,round_trip_estimate,1276.460414,136.95147599999996,1.1639339999999265,0.352981,15812.507882
eece528b96d84366b4c43aa23e6e38bf,1,292,1790127298304478614,1790127298388176661,1790127298388800159,1790127297103797400,610514984000000,99.754776,31.0,1,45.816025012754835,0.616758,9130,-1200.681214,round_trip_estimate,1276.460414,75.77919999999995,-8.542345000000068,0.352981,15860.79731
eece528b96d84366b4c43aa23e6e38bf,1,293,1790127298368827178,1790127298470417562,1790127298470969376,1790127297200496000,610515078000000,64.348564,94.0,0,79.7000169986859,0.54824,9115,-1168.331178,round_trip_estimate,1276.460414,108.12923599999999,5.987037999999984,0.352981,15942.965693
eece528b96d84366b4c43aa23e6e38bf,1,295,1790127298470192840,1790127298549490821,1790127298550069931,1790127297278963600,610515156000000,101.365662,78.0,1,76.56115300778765,0.57474,9130,-1191.22924,round_trip_estimate,1276.460414,85.23117400000001,5.354082999999946,0.352981,16022.066749
eece528b96d84366b4c43aa23e6e38bf,1,296,1790127298504663738,1790127298629236264,1790127298629795948,1790127297355422400,610515234000000,34.470898,78.0,0,77.27170700673014,0.555573,9157,-1149.241338,round_trip_estimate,1276.460414,127.21907599999986,2.0868659999998727,0.352981,16101.792673
eece528b96d84366b4c43aa23e6e38bf,1,298,1790127298604896828,1790127298708411356,1790127298708969614,1790127297432472500,610515312000000,100.23309,78.0,1,76.69604200054891,0.554147,9062,-1172.424328,round_trip_estimate,1276.460414,104.03608599999984,-0.03670000000010987,0.352981,16180.966117
eece528b96d84366b4c43aa23e6e38bf,1,300,1790127298704502826,1790127298788028947,1790127298788590039,1790127297517987300,610515406000000,99.605998,94.0,1,76.7143939883681,0.556758,8883,-1186.515526,round_trip_estimate,1276.460414,89.94488799999999,5.857674999999972,0.352981,16260.586727
eece528b96d84366b4c43aa23e6e38bf,1,301,1790127298768710187,1790127298871330347,1790127298871880308,1790127297599853100,610515484000000,64.207361,78.0,0,81.15279200137593,0.545759,8907,-1168.857087,round_trip_estimate,1276.460414,107.60332699999981,4.433205999999927,0.352981,16343.876348
eece528b96d84366b4c43aa23e6e38bf,1,303,1790127298868428685,1790127298950229569,1790127298950785179,1790127297676696400,610515562000000,99.718498,78.0,1,76.56896799744572,0.551018,8937,-1191.732285,round_trip_estimate,1276.460414,84.72812899999985,2.3716349999999693,0.352981,16422.781441
eece528b96d84366b4c43aa23e6e38bf,1,304,1790127298905128172,1790127299029918994,1790127299030476233,1790127297759601800,610515640000000,36.699487,78.0,0,77.12329999776557,0.552739,8900,-1145.526372,round_trip_estimate,1276.460414,130.93404199999986,5.585980999999947,0.352981,16502.472625
eece528b96d84366b4c43aa23e6e38bf,1,306,1790127299005281651,1790127299109424419,1790127299109995010,1790127297825082300,610515703000000,100.153479,63.0,1,76.83400399400853,0.566073,8901,-1180.199351,round_trip_estimate,1276.460414,96.26106299999992,-8.45229600000016,0.352981,16581.991254
eece528b96d84366b4c43aa23e6e38bf,1,308,1790127299104563131,1790127299157546625,1790127299158160346,1790127297885699000,610515765000000,99.28148,62.0,1,45.38315499667078,0.607499,8913,-1218.864131,round_trip_estimate,1276.460414,57.59628299999986,3.999067999999852,0.352981,16630.158756
eece528b96d84366b4c43aa23e6e38bf,1,309,1790127299168551289,1790127299214649796,1790127299215244609,1790127297944139700,610515828000000,63.988158,63.0,0,45.7964700035518,0.588943,8918,-1224.411589,round_trip_estimate,1276.460414,52.04882499999985,5.355504999999994,0.352981,16687.24276
eece528b96d84366b4c43aa23e6e38bf,1,310,1790127299204575907,1790127299263899222,1790127299264499998,1790127297991804300,610515875000000,36.024618,47.0,0,46.99878199608065,0.596036,8935,-1212.771607,round_trip_estimate,1276.460414,63.688807,3.7647159999999076,0.352981,16736.497798
eece528b96d84366b4c43aa23e6e38bf,1,311,1790127299272518243,1790127299318417453,1790127299319034285,1790127298039800500,610515921000000,67.942336,46.0,0,45.63878499902785,0.610499,8922,-1232.717743,round_trip_estimate,1276.460414,43.74267099999997,-2.7733709999999974,0.352981,16791.032844
eece528b96d84366b4c43aa23e6e38bf,1,312,1790127299336497012,1790127299382330704,1790127299382927814,1790127298105772500,610515984000000,63.978769,63.0,0,45.59822998999152,0.590758,8896,-1230.724512,round_trip_estimate,1276.460414,45.735901999999896,-0.6949000000001888,0.352981,16854.925539
eece528b96d84366b4c43aa23e6e38bf,1,313,1790127299404487884,1790127299450222595,1790127299450815909,1790127298180010200,610516062000000,67.990872,78.0,0,45.47656299837399,0.586907,8895,-1224.477684,round_trip_estimate,1276.460414,51.98272999999995,5.654704999999922,0.352981,16922.813671
eece528b96d84366b4c43aa23e6e38bf,1,314,1790127299472495998,1790127299519853131,1790127299520442649,1790127298245314000,610516125000000,68.008114,63.0,0,47.104837009101175,0.583776,8880,-1227.181998,round_trip_estimate,1276.460414,49.27841599999988,1.3317649999999048,0.352981,16992.439948
eece528b96d84366b4c43aa23e6e38bf,1,315,1790127299536517637,1790127299582918828,1790127299583513938,1790127298310873600,610516187000000,64.021639,62.0,0,46.14830198988784,0.588703,8853,-1225.644037,round_trip_estimate,1276.460414,50.816376999999875,3.820075999999972,0.352981,17055.511126
eece528b96d84366b4c43aa23e6e38bf,1,316,1790127299604502380,1790127299650172980,1790127299650761164,1790127298370835600,610516250000000,67.984743,63.0,0,45.4153589962516,0.582462,8868,-1233.66678,round_trip_estimate,1276.460414,42.793633999999884,-3.465149999999994,0.352981,17122.758463
eece528b96d84366b4c43aa23e6e38bf,1,317,1790127299672504549,1790127299718188204,1790127299718775647,1790127298448118200,610516328000000,68.002169,78.0,0,45.420099995681085,0.581832,8898,-1224.386349,round_trip_estimate,1276.460414,52.07406499999979,5.802966999999853,0.352981,17190.773761
eece528b96d84366b4c43aa23e6e38bf,1,318,1790127299736456559,1790127299782325176,1790127299782918990,1790127298516706400,610516406000000,63.95201,78.0,0,45.64735900203232,0.587943,8916,-1219.750159,round_trip_estimate,1276.460414,56.71025499999996,10.24782399999981,0.352981,17254.916252
eece528b96d84366b4c43aa23e6e38bf,1,319,1790127299772741880,1790127299836758815,1790127299837414647,1790127298558506200,610516437000000,36.285321,31.0,0,47.23326400562655,0.649665,8911,-1214.23568,round_trip_estimate,1276.460414,62.2247339999999,-2.448033000000123,0.352981,17309.412002
eece528b96d84366b4c43aa23e6e38bf,1,320,1790127299836798241,1790127299886654851,1790127299887251072,1790127298616703400,610516500000000,64.056361,63.0,0,47.223077999660745,0.590221,8915,-1220.094841,round_trip_estimate,1276.460414,56.36557299999981,5.91274199999998,0.352981,17359.248705
eece528b96d84366b4c43aa23e6e38bf,1,321,1790127299874395097,1790127299934757798,1790127299935358945,1790127298651332000,610516531000000,37.596856,31.0,0,45.54926599666942,0.594073,8901,-1223.063097,round_trip_estimate,1276.460414,53.39731699999993,-7.566531000000168,0.352981,17407.35667
eece528b96d84366b4c43aa23e6e38bf,1,322,1790127299936670239,1790127299982918690,1790127299983502374,1790127298699371300,610516578000000,62.275142,47.0,0,45.79698899760842,0.577518,8882,-1237.298939,round_trip_estimate,1276.460414,39.16147499999988,-7.670659999999998,0.352981,17455.500765
eece528b96d84366b4c43aa23e6e38bf,1,323,1790127299972746135,1790127300062697151,1790127300063254095,1790127298791795400,610516671000000,36.075896,93.0,0,77.19663299212698,0.552758,8863,-1180.950735,round_trip_estimate,1276.460414,95.509679,5.001718999999866,0.352981,17535.250653
eece528b96d84366b4c43aa23e6e38bf,1,324,1790127300037014403,1790127300141993707,1790127300142555909,1790127298871659400,610516750000000,64.268268,79.0,0,76.90754100622144,0.558388,8903,-1165.355003,round_trip_estimate,1276.460414,111.105411,5.563904999999977,0.352981,17614.552597
eece528b96d84366b4c43aa23e6e38bf,1,326,1790127300136664828,1790127300222560445,1790127300223116351,1790127298952142400,610516828000000,99.650425,78.0,1,78.02668699878268,0.551369,8850,-1184.522428,round_trip_estimate,1276.460414,91.93798599999991,5.486462999999958,0.352981,17695.113391
eece528b96d84366b4c43aa23e6e38bf,1,327,1790127300178392046,1790127300272732332,1790127300273377794,1790127298995319500,610516875000000,41.727218,47.0,0,47.92483599158004,0.639869,8890,-1183.072546,round_trip_estimate,1276.460414,93.3878679999998,-1.597880000000032,0.352981,17745.374945
eece528b96d84366b4c43aa23e6e38bf,1,329,1790127300272769981,1790127300352477294,1790127300353032090,1790127299072948000,610516953000000,94.377935,78.0,1,76.70517200313043,0.550443,8900,-1199.821981,round_trip_estimate,1276.460414,76.63843299999985,-3.6236760000001595,0.352981,17825.028463
eece528b96d84366b4c43aa23e6e38bf,1,330,1790127300336594954,1790127300402404053,1790127300403011885,1790127299120705600,610517000000000,63.824973,47.0,0,47.46570700081065,0.601943,8918,-1215.889354,round_trip_estimate,1276.460414,60.57105999999999,-5.845870999999988,0.352981,17875.009777
eece528b96d84366b4c43aa23e6e38bf,1,331,1790127300374617086,1790127300450879499,1790127300451483313,1790127299180400200,610517062000000,38.022132,62.0,0,45.7537660113303,0.596573,8923,-1194.216886,round_trip_estimate,1276.460414,82.24352799999997,5.377300999999989,0.352981,17923.480742
eece528b96d84366b4c43aa23e6e38bf,1,332,1790127300436765748,1790127300499389168,1790127300499996444,1790127299214704300,610517093000000,62.148662,31.0,0,46.04613600531593,0.600351,8901,-1222.061448,round_trip_estimate,1276.460414,54.39896599999997,-8.831730000000107,0.352981,17971.993855
eece528b96d84366b4c43aa23e6e38bf,1,333,1790127300472975791,1790127300547885262,1790127300548498354,1790127299273130800,610517156000000,36.210043,63.0,0,45.82411800220143,0.606721,8926,-1199.844991,round_trip_estimate,1276.460414,76.61542299999996,1.0928599999999733,0.352981,18020.495708
eece528b96d84366b4c43aa23e6e38bf,1,334,1790127300536923597,1790127300596223524,1790127300596823930,1790127299322803100,610517203000000,63.947806,47.0,0,45.76939600519836,0.59461,8855,-1214.120497,round_trip_estimate,1276.460414,62.339917000000014,2.439583999999968,0.352981,18068.821396
eece528b96d84366b4c43aa23e6e38bf,1,335,1790127300572843549,1790127300645676450,1790127300646292911,1790127299375217800,610517250000000,35.919952,47.0,0,47.165596988634206,0.610721,8857,-1197.625749,round_trip_estimate,1276.460414,78.83466499999986,5.385302999999794,0.352981,18118.291229
eece528b96d84366b4c43aa23e6e38bf,1,336,1790127300638366426,1790127300695106579,1790127300695717060,1790127299417277400,610517296000000,65.522877,46.0,0,47.180338006000966,0.604165,8873,-1221.089026,round_trip_estimate,1276.460414,55.3713879999998,-1.9792460000001029,0.352981,18167.714766
eece528b96d84366b4c43aa23e6e38bf,1,337,1790127300674488099,1790127300743454100,1790127300744060969,1790127299473574800,610517359000000,36.121673,63.0,0,45.6415999942692,0.59974,8872,-1200.913299,round_trip_estimate,1276.460414,75.54711499999985,5.974244999999883,0.352981,18216.058417
eece528b96d84366b4c43aa23e6e38bf,1,338,1790127300736736983,1790127300791866565,1790127300792459508,1790127299510973800,610517390000000,62.248884,31.0,0,45.84774801332969,0.58774,8860,-1225.763183,round_trip_estimate,1276.460414,50.697230999999874,-5.025294000000031,0.352981,18264.456548
eece528b96d84366b4c43aa23e6e38bf,1,339,1790127300772931378,1790127300841404324,1790127300842018712,1790127299558565100,610517437000000,36.194395,47.0,0,47.22457799653057,0.607888,8830,-1214.366278,round_trip_estimate,1276.460414,62.094135999999935,-6.99319800000012,0.352981,18314.016215
eece528b96d84366b4c43aa23e6e38bf,1,340,1790127300838236386,1790127300890186011,1790127300890785398,1790127299619653100,610517500000000,65.305008,63.0,0,46.539672010112554,0.593777,8867,-1218.583286,round_trip_estimate,1276.460414,57.87712799999986,5.328115999999909,0.352981,18362.78292
eece528b96d84366b4c43aa23e6e38bf,1,341,1790127300872827654,1790127300972050913,1790127300972653153,1790127299701464700,610517578000000,34.591268,78.0,0,76.60115299222525,0.59661,8844,-1171.362954,round_trip_estimate,1276.460414,105.09745999999996,5.271960999999919,0.352981,18444.650137
eece528b96d84366b4c43aa23e6e38bf,1,343,1790127300972563634,1790127301019572435,1790127301020191712,1790127299744815200,610517625000000,99.73598,47.0,1,45.39152700453997,0.612555,8860,-1227.748434,round_trip_estimate,1276.460414,48.71197999999981,1.0839019999998527,0.352981,18492.189215
eece528b96d84366b4c43aa23e6e38bf,1,344,1790127301036566681,1790127301082494133,1790127301083075817,1790127299812141000,610517687000000,64.003047,62.0,0,45.68696999922395,0.576258,8853,-1224.425681,round_trip_estimate,1276.460414,52.03473299999996,5.525596999999834,0.352981,18555.073616
eece528b96d84366b4c43aa23e6e38bf,1,345,1790127301072957225,1790127301161961706,1790127301162516742,1790127299886903100,610517765000000,36.390544,78.0,0,77.02226300898474,0.550518,8849,-1186.054125,round_trip_estimate,1276.460414,90.40628899999979,0.8467719999998735,0.352981,18634.51343
eece528b96d84366b4c43aa23e6e38bf,1,346,1790127301140882635,1790127301242600685,1790127301243158221,1790127299962882400,610517843000000,67.92541,78.0,0,77.91894700494595,0.55311,8863,-1178.000235,round_trip_estimate,1276.460414,98.46017899999993,-3.81540700000005,0.352981,18715.155243
eece528b96d84366b4c43aa23e6e38bf,1,347,1790127301206109439,1790127301322334462,1790127301322890109,1790127300051998600,610517937000000,65.226804,94.0,0,77.34748600341845,0.551295,8862,-1154.110839,round_trip_estimate,1276.460414,122.34957499999996,5.568904999999859,0.352981,18794.88652
eece528b96d84366b4c43aa23e6e38bf,1,348,1790127301272942944,1790127301402318683,1790127301402874442,1790127300120416900,610518000000000,66.833505,63.0,0,77.72859599208459,0.551425,8864,-1152.526044,round_trip_estimate,1276.460414,123.93436999999994,-5.9971280000002025,0.352981,18874.870574
eece528b96d84366b4c43aa23e6e38bf,1,350,1790127301404545383,1790127301497203451,1790127301497984745,1790127300213674700,610518093000000,131.602439,93.0,1,92.21590199740604,0.775554,8878,-1190.870683,round_trip_estimate,1276.460414,85.5897309999998,-7.849631000000045,0.352981,18969.981563
eece528b96d84366b4c43aa23e6e38bf,1,351,1790127301472649089,1790127301549933741,1790127301550532018,1790127300279794800,610518156000000,68.103706,63.0,0,50.13042499194853,0.592962,8858,-1192.854289,round_trip_estimate,1276.460414,83.60612499999979,5.723195999999916,0.352981,19022.529761
eece528b96d84366b4c43aa23e6e38bf,1,352,1790127301540659980,1790127301597875262,1790127301598483965,1790127300322498200,610518203000000,68.010891,47.0,0,45.43822999403346,0.60224,8850,-1218.16178,round_trip_estimate,1276.460414,58.29863399999999,0.47464899999999943,0.352981,19070.482838
eece528b96d84366b4c43aa23e6e38bf,1,353,1790127301604598991,1790127301683361769,1790127301683915602,1790127300409283800,610518296000000,63.939011,93.0,0,78.47550199949183,0.549425,8845,-1195.315191,round_trip_estimate,1276.460414,81.14522299999999,1.8286119999997936,0.352981,19155.912049
eece528b96d84366b4c43aa23e6e38bf,1,354,1790127301642281735,1790127301764576507,1790127301765131487,1790127300494236800,610518375000000,37.682744,79.0,0,78.81048299896065,0.550981,8875,-1148.044935,round_trip_estimate,1276.460414,128.415479,5.565726999999924,0.352981,19237.128397
eece528b96d84366b4c43aa23e6e38bf,1,356,1790127301740892477,1790127301845606985,1790127301846171039,1790127300575837900,610518453000000,98.610742,78.0,1,78.31090901163407,0.559517,8859,-1165.054577,round_trip_estimate,1276.460414,111.40583699999979,6.127274999999827,0.352981,19318.167394
eece528b96d84366b4c43aa23e6e38bf,1,358,1790127301840617605,1790127301895401281,1790127301896014298,1790127300620022400,610518500000000,99.725128,47.0,1,46.973486998467706,0.607258,8917,-1220.595205,round_trip_estimate,1276.460414,55.86520899999982,0.46851599999990867,0.352981,19368.012134
eece528b96d84366b4c43aa23e6e38bf,1,359,1790127301904640208,1790127301983869541,1790127301984428077,1790127300713607200,610518593000000,64.022603,93.0,0,78.72931599558797,0.554221,8885,-1191.033008,round_trip_estimate,1276.460414,85.42740599999979,5.639536999999791,0.352981,19456.425173
eece528b96d84366b4c43aa23e6e38bf,1,360,1790127301940862603,1790127302063344949,1790127302063905188,1790127300791949000,610518671000000,36.222395,78.0,0,77.38316999166273,0.556295,8936,-1148.913603,round_trip_estimate,1276.460414,127.54681099999993,4.50422599999979,0.352981,19535.901951
eece528b96d84366b4c43aa23e6e38bf,1,362,1790127302041061268,1790127302143829354,1790127302144386020,1790127300871110500,610518750000000,100.198665,79.0,1,78.23487200948875,0.551943,8926,-1169.950768,round_trip_estimate,1276.460414,106.50964599999998,3.1848939999999857,0.352981,19616.383782
eece528b96d84366b4c43aa23e6e38bf,1,363,1790127302110091824,1790127302222711855,1790127302223273984,1790127300947790300,610518828000000,69.030556,78.0,0,76.58148599148262,0.557776,8971,-1162.301524,round_trip_estimate,1276.460414,114.15888999999993,0.9767299999998613,0.352981,19695.27045
eece528b96d84366b4c43aa23e6e38bf,1,364,1790127302173018448,1790127302303087261,1790127302303649926,1790127301033002200,610518921000000,62.926624,93.0,0,78.27340999210719,0.558128,8963,-1140.016248,round_trip_estimate,1276.460414,136.444166,5.81268799999998,0.352981,19775.646411
eece528b96d84366b4c43aa23e6e38bf,1,366,1790127302304561888,1790127302381628799,1790127302382201835,1790127301106042500,610518984000000,131.54344,63.0,1,76.44065299245995,0.56887,8915,-1198.519388,round_trip_estimate,1276.460414,77.94102599999997,0.3010789999998451,0.352981,19854.198431
eece528b96d84366b4c43aa23e6e38bf,1,367,1790127302340743339,1790127302461066929,1790127302461624872,1790127301183172700,610519062000000,36.181451,78.0,0,77.3099850048311,0.552961,8920,-1157.570639,round_trip_estimate,1276.460414,118.88977499999987,-1.991758000000118,0.352981,19933.621616
eece528b96d84366b4c43aa23e6e38bf,1,369,1790127302440796300,1790127302540185022,1790127302541069539,1790127301261031700,610519140000000,100.052961,78.0,1,76.57117198687047,0.879831,8888,-1179.7646,round_trip_estimate,1276.460414,96.69581399999993,-3.5774250000001757,0.352981,20013.066005
eece528b96d84366b4c43aa23e6e38bf,1,371,1790127302540652225,1790127302619811503,1790127302620369669,1790127301349496500,610519234000000,99.855925,94.0,1,76.62611699197441,0.553758,8950,-1191.155725,round_trip_estimate,1276.460414,85.30468899999983,5.587244999999939,0.352981,20092.366227
eece528b96d84366b4c43aa23e6e38bf,1,372,1790127302604650717,1790127302699353059,1790127302699913761,1790127301417103200,610519296000000,63.998492,62.0,0,77.0605970028555,0.556369,8934,-1187.547517,round_trip_estimate,1276.460414,88.91289699999993,-6.350147000000106,0.352981,20171.910986
eece528b96d84366b4c43aa23e6e38bf,1,373,1790127302641564740,1790127302779236799,1790127302779794131,1790127301495249800,610519375000000,36.914023,79.0,0,77.37946700945031,0.55311,8955,-1146.31494,round_trip_estimate,1276.460414,130.14547399999992,-8.083917000000156,0.352981,20251.790504
eece528b96d84366b4c43aa23e6e38bf,1,375,1790127302740717648,1790127302860349481,1790127302860904461,1790127301588317300,610519468000000,99.152908,93.0,1,78.56709399493411,0.550962,8969,-1152.400348,round_trip_estimate,1276.460414,124.060066,3.873252999999977,0.352981,20332.900908
eece528b96d84366b4c43aa23e6e38bf,1,377,1790127302840937609,1790127302940940386,1790127302941504940,1790127301670600800,610519546000000,100.219961,78.0,1,78.14257699646987,0.559925,8964,-1170.336809,round_trip_estimate,1276.460414,106.123605,5.556273999999803,0.352981,20413.501758
eece528b96d84366b4c43aa23e6e38bf,1,378,1790127302909463019,1790127303020115516,1790127303020676719,1790127301745913200,610519625000000,68.52541,79.0,0,76.53361700067762,0.556795,8904,-1163.549819,round_trip_estimate,1276.460414,112.91059499999983,1.696894999999813,0.352981,20492.673499
eece528b96d84366b4c43aa23e6e38bf,1,379,1790127302972976770,1790127303099342220,1790127303099903590,1790127301829000700,610519703000000,63.513751,78.0,0,76.80661699851044,0.55724,8898,-1143.97607,round_trip_estimate,1276.460414,132.48434399999996,5.55752399999983,0.352981,20571.900259
eece528b96d84366b4c43aa23e6e38bf,1,380,1790127303041120625,1790127303179290590,1790127303179846292,1790127301908446700,610519796000000,68.143855,93.0,0,77.24567099648993,0.551313,8878,-1132.673925,round_trip_estimate,1276.460414,143.78648899999985,5.060821999999916,0.352981,20651.843221
eece528b96d84366b4c43aa23e6e38bf,1,382,1790127303172891380,1790127303258700053,1790127303259256441,1790127301980395500,610519859000000,131.770755,63.0,1,77.39911499083973,0.552036,8876,-1192.49588,round_trip_estimate,1276.460414,83.96453399999996,-2.400527000000011,0.352981,20731.252833
eece528b96d84366b4c43aa23e6e38bf,1,383,1790127303246130113,1790127303338027702,1790127303338585571,1790127302062356500,610519937000000,73.238733,78.0,0,76.62283899844624,0.553555,8888,-1183.773613,round_trip_estimate,1276.460414,92.68680099999983,0.23134299999992436,0.352981,20810.582018
eece528b96d84366b4c43aa23e6e38bf,1,384,1790127303308731886,1790127303416939943,1790127303417491498,1790127302144925200,610520031000000,62.601773,94.0,0,76.7422089993488,0.547999,8902,-1163.806686,round_trip_estimate,1276.460414,112.653728,3.89411599999994,0.352981,20889.487816
eece528b96d84366b4c43aa23e6e38bf,1,386,1790127303408678829,1790127303495708260,1790127303496264962,1790127302225211500,610520109000000,99.946943,78.0,1,76.75643099355511,0.552536,8921,-1183.467329,round_trip_estimate,1276.460414,92.99308499999984,5.406951999999819,0.352981,20968.261799
eece528b96d84366b4c43aa23e6e38bf,1,387,1790127303472789099,1790127303575387685,1790127303575941999,1790127302301461600,610520187000000,64.11027,78.0,0,77.63087400235236,0.550259,8847,-1171.327499,round_trip_estimate,1276.460414,105.13291499999991,1.9800149999998666,0.352981,21047.938743
eece528b96d84366b4c43aa23e6e38bf,1,389,1790127303572708487,1790127303654088020,1790127303654654353,1790127302373188900,610520250000000,99.919388,63.0,1,76.59009800408967,0.560832,8906,-1199.519587,round_trip_estimate,1276.460414,76.9408269999999,-5.005039000000124,0.352981,21126.650522
eece528b96d84366b4c43aa23e6e38bf,1,390,1790127303609111660,1790127303733286854,1790127303733843150,1790127302461887900,610520343000000,36.403173,93.0,0,77.08913399255835,0.552685,8987,-1147.22376,round_trip_estimate,1276.460414,129.23665399999982,4.5051639999999225,0.352981,21205.83943
eece528b96d84366b4c43aa23e6e38bf,1,392,1790127303709128196,1790127303812277115,1790127303812833058,1790127302526118900,610520406000000,100.016536,63.0,1,76.83996799460147,0.551147,9031,-1183.009296,round_trip_estimate,1276.460414,93.45111799999995,-10.253744000000097,0.352981,21284.829228
eece528b96d84366b4c43aa23e6e38bf,1,394,1790127303808750695,1790127303891062264,1790127303891624448,1790127302621882400,610520500000000,99.622499,94.0,1,76.65352399635594,0.557924,9105,-1186.868295,round_trip_estimate,1276.460414,89.59211899999991,6.718365999999833,0.352981,21363.621396
eece528b96d84366b4c43aa23e6e38bf,1,395,1790127303872749891,1790127303973100722,1790127303973658055,1790127302701685700,610520578000000,63.999196,78.0,0,78.99585300765466,0.55337,9078,-1171.064191,round_trip_estimate,1276.460414,105.39622299999996,4.488058999999794,0.352981,21445.654335
eece528b96d84366b4c43aa23e6e38bf,1,397,1790127303972661575,1790127304052856148,1790127304053416554,1790127302776176400,610520656000000,99.911684,78.0,1,77.6342439930886,0.555833,9139,-1196.485175,round_trip_estimate,1276.460414,79.97523899999987,-0.7797400000001744,0.352981,21525.412946
eece528b96d84366b4c43aa23e6e38bf,1,398,1790127304008886897,1790127304132333074,1790127304132896499,1790127302861985200,610520750000000,36.225322,94.0,0,77.38694800355006,0.558851,9117,-1146.901697,round_trip_estimate,1276.460414,129.5587169999999,5.5491149999998015,0.352981,21604.892687
eece528b96d84366b4c43aa23e6e38bf,1,400,1790127304108865748,1790127304211737130,1790127304212297574,1790127302933835000,610520812000000,99.978851,62.0,1,76.96835599199403,0.55598,9119,-1175.030748,round_trip_estimate,1276.460414,101.429666,-2.0021600000000035,0.352981,21684.294132
eece528b96d84366b4c43aa23e6e38bf,1,402,1790127304208795914,1790127304290630817,1790127304291191094,1790127303011823700,610520890000000,99.930166,78.0,1,76.56717200006824,0.556073,9090,-1196.972214,round_trip_estimate,1276.460414,79.4882,-2.9069800000002033,0.352981,21763.187745
eece528b96d84366b4c43aa23e6e38bf,1,403,1790127304272793146,1790127304369577170,1790127304370154225,1790127303099119100,610520984000000,63.997232,94.0,0,76.60393200058024,0.572258,9081,-1173.674046,round_trip_estimate,1276.460414,102.78636799999981,5.425288999999793,0.352981,21842.150783
eece528b96d84366b4c43aa23e6e38bf,1,404,1790127304309107597,1790127304448425172,1790127304448990819,1790127303175203800,610521062000000,36.314451,78.0,0,76.44665399857331,0.561332,9000,-1133.903797,round_trip_estimate,1276.460414,142.55661699999996,2.6733949999998003,0.352981,21920.987599
eece528b96d84366b4c43aa23e6e38bf,1,406,1790127304408898653,1790127304498693171,1790127304499294947,1790127303228165700,610521109000000,99.791056,47.0,1,47.899319004500285,0.592795,8845,-1180.732953,round_trip_estimate,1276.460414,95.72746099999995,5.331166999999823,0.352981,21971.293098
eece528b96d84366b4c43aa23e6e38bf,1,407,1790127304474392494,1790127304548425578,1790127304549030336,1790127303277259400,610521156000000,65.493841,47.0,0,47.30287499842234,0.598554,9062,-1197.133094,round_trip_estimate,1276.460414,79.32731999999987,4.689478000000008,0.352981,22021.027987
eece528b96d84366b4c43aa23e6e38bf,1,408,1790127304510510667,1790127304627803357,1790127304628369930,1790127303354755400,610521234000000,36.118173,78.0,0,76.83843100676313,0.562147,9169,-1155.755267,round_trip_estimate,1276.460414,120.7051469999999,2.8458839999998418,0.352981,22100.366747
eece528b96d84366b4c43aa23e6e38bf,1,410,1790127304608739151,1790127304707534449,1790127304708095059,1790127303437096400,610521312000000,98.228484,78.0,1,77.3125599953346,0.556388,9229,-1171.642751,round_trip_estimate,1276.460414,104.81766299999981,5.461754999999812,0.352981,22180.091784
eece528b96d84366b4c43aa23e6e38bf,1,412,1790127304708646095,1790127304756699617,1790127304757305245,1790127303479450000,610521359000000,99.906944,47.0,1,46.854653002810664,0.600684,9288,-1229.196095,round_trip_estimate,1276.460414,47.26431899999989,-1.3948310000000674,0.352981,22229.302693
eece528b96d84366b4c43aa23e6e38bf,1,413,1790127304772817291,1790127304818831853,1790127304819443982,1790127303547626800,610521421000000,64.171196,62.0,0,45.75045200181194,0.605184,9318,-1225.190491,round_trip_estimate,1276.460414,51.269922999999835,4.643231999999898,0.352981,22291.441447
eece528b96d84366b4c43aa23e6e38bf,1,414,1790127304808763094,1790127304866622635,1790127304867234504,1790127303589160200,610521468000000,35.945803,47.0,0,45.46067399496678,0.606017,9421,-1219.602894,round_trip_estimate,1276.460414,56.857519999999795,-1.613890000000083,0.352981,22339.232229
eece528b96d84366b4c43aa23e6e38bf,1,415,1790127304876878504,1790127304924038676,1790127304924636453,1790127303653943000,610521531000000,68.11541,63.0,0,46.88717200770043,0.592351,9443,-1222.935504,round_trip_estimate,1276.460414,53.52490999999986,5.76696099999981,0.352981,22396.634474
eece528b96d84366b4c43aa23e6e38bf,1,416,1790127304940709126,1790127304988573241,1790127304989184555,1790127303714935900,610521593000000,63.830622,62.0,0,47.60230000829324,0.605091,9437,-1225.773226,round_trip_estimate,1276.460414,50.68718799999988,2.2117589999998017,0.352981,22461.182206
eece528b96d84366b4c43aa23e6e38bf,1,417,1790127305008824481,1790127305054514211,1790127305055109951,1790127303781439500,610521656000000,68.115355,63.0,0,45.435508000082336,0.590036,9344,-1227.384981,round_trip_estimate,1276.460414,49.075432999999975,2.7899629999999433,0.352981,22527.107139
eece528b96d84366b4c43aa23e6e38bf,1,418,1790127305076692763,1790127305122356641,1790127305122957362,1790127303851380700,610521734000000,67.868282,78.0,0,45.40419399563689,0.593814,9236,-1225.312063,round_trip_estimate,1276.460414,51.14835099999982,4.883751999999959,0.352981,22594.954643
eece528b96d84366b4c43aa23e6e38bf,1,419,1790127305140731884,1790127305187351261,1790127305187977000,1790127303916401500,610521796000000,64.039121,62.0,0,46.36265400040429,0.620072,9203,-1224.330384,round_trip_estimate,1276.460414,52.130029999999806,4.884913999999981,0.352981,22659.974837
eece528b96d84366b4c43aa23e6e38bf,1,420,1790127305176996632,1790127305236655706,1790127305237266613,1790127303965063300,610521843000000,36.264748,47.0,0,47.01459799252916,0.604981,9155,-1211.933332,round_trip_estimate,1276.460414,64.52708199999984,4.2571009999999205,0.352981,22709.264004
eece528b96d84366b4c43aa23e6e38bf,1,421,1790127305240767995,1790127305288307277,1790127305288899869,1790127304010527700,610521890000000,63.771363,47.0,0,47.26880099042319,0.587314,9160,-1230.240295,round_trip_estimate,1276.460414,46.22011899999984,-1.9117550000000847,0.352981,22760.897816
eece528b96d84366b4c43aa23e6e38bf,1,422,1790127305278269536,1790127305336319873,1790127305336938094,1790127304058344900,610521937000000,37.501541,47.0,0,45.48421100480482,0.610073,9152,-1219.924636,round_trip_estimate,1276.460414,56.53577799999994,-2.132780000000139,0.352981,22808.936023
eece528b96d84366b4c43aa23e6e38bf,1,423,1790127305340750420,1790127305386752187,1790127305387351852,1790127304104541800,610521984000000,62.480884,47.0,0,45.747210999252275,0.594073,9156,-1236.20862,round_trip_estimate,1276.460414,40.25179399999979,-6.349638000000141,0.352981,22859.34867
eece528b96d84366b4c43aa23e6e38bf,1,424,1790127305376818131,1790127305434774190,1790127305435390430,1790127304152225400,610522031000000,36.067711,47.0,0,45.60684099851642,0.609869,9046,-1224.592731,round_trip_estimate,1276.460414,51.86768299999994,-6.704615999999987,0.352981,22907.388229
eece528b96d84366b4c43aa23e6e38bf,1,425,1790127305440756216,1790127305486718649,1790127305487341352,1790127304213913900,610522093000000,63.938085,62.0,0,45.71084199415054,0.616128,8900,-1226.842316,round_trip_estimate,1276.460414,49.61809799999992,3.0329619999999977,0.352981,22959.338596
eece528b96d84366b4c43aa23e6e38bf,1,426,1790127305476890575,1790127305536762353,1790127305537356944,1790127304262220600,610522140000000,36.134359,47.0,0,46.93491299985908,0.588573,8859,-1214.669975,round_trip_estimate,1276.460414,61.79043899999988,1.3240699999998924,0.352981,23009.353817
eece528b96d84366b4c43aa23e6e38bf,1,427,1790127305540782475,1790127305617926924,1790127305618486312,1790127304347246000,610522234000000,63.8919,94.0,0,76.859394001076,0.555258,8718,-1193.536475,round_trip_estimate,1276.460414,82.92393899999979,5.220101999999997,0.352981,23090.482759
eece528b96d84366b4c43aa23e6e38bf,1,428,1790127305576881075,1790127305697296314,1790127305697857776,1790127304418440700,610522296000000,36.0986,62.0,0,77.05968999653123,0.556499,8505,-1158.440375,round_trip_estimate,1276.460414,118.020039,-2.956662000000051,0.352981,23169.854353
eece528b96d84366b4c43aa23e6e38bf,1,430,1790127305677032796,1790127305775770020,1790127305776329149,1790127304498278800,610522375000000,100.151721,79.0,1,76.22763598919846,0.554777,8361,-1178.753996,round_trip_estimate,1276.460414,97.70641799999999,-1.589935000000196,0.352981,23248.326059
eece528b96d84366b4c43aa23e6e38bf,1,432,1790127305776777777,1790127305855090280,1790127305855650057,1790127304583726600,610522468000000,99.744981,93.0,1,76.95872698968742,0.555462,8554,-1193.051177,round_trip_estimate,1276.460414,83.40923699999985,4.536956999999802,0.352981,23327.646634
eece528b96d84366b4c43aa23e6e38bf,1,433,1790127305842223841,1790127305933944819,1790127305934507281,1790127304650764400,610522531000000,65.446064,63.0,0,76.45341400348116,0.557924,8742,-1191.459441,round_trip_estimate,1276.460414,85.00097299999993,-7.282466999999997,0.352981,23406.503839
eece528b96d84366b4c43aa23e6e38bf,1,434,1790127305877095424,1790127305983681689,1790127305984281392,1790127304709435800,610522593000000,34.871583,62.0,0,47.39367098954972,0.593961,8876,-1167.659624,round_trip_estimate,1276.460414,108.80079,1.6148220000000038,0.352981,23456.278969
eece528b96d84366b4c43aa23e6e38bf,1,436,1790127305976850832,1790127306063025616,1790127306063593375,1790127304792256500,610522671000000,99.755408,78.0,1,76.67104300344363,0.563629,8829,-1184.594332,round_trip_estimate,1276.460414,91.866082,5.123538999999937,0.352981,23535.590192
eece528b96d84366b4c43aa23e6e38bf,1,437,1790127306041306712,1790127306111137027,1790127306111718119,1790127304840180800,610522718000000,64.45588,47.0,0,45.698860005359165,0.575498,8749,-1201.125912,round_trip_estimate,1276.460414,75.33450199999993,4.923094999999876,0.352981,23583.715492
eece528b96d84366b4c43aa23e6e38bf,1,438,1790127306077301479,1790127306191039472,1790127306191597896,1790127304920707300,610522796000000,35.994767,78.0,0,77.6871529960772,0.554092,8776,-1156.594179,round_trip_estimate,1276.460414,119.86623499999996,5.569817999999941,0.352981,23663.593862
eece528b96d84366b4c43aa23e6e38bf,1,440,1790127306178165051,1790127306238843920,1790127306239453567,1790127304968705300,610522843000000,100.863572,47.0,1,45.46860100526828,0.603277,8780,-1209.459751,round_trip_estimate,1276.460414,67.0006629999998,5.712146999999959,0.352981,23711.450922
eece528b96d84366b4c43aa23e6e38bf,1,441,1790127306240760268,1790127306287083405,1790127306287691311,1790127305016422200,610522890000000,62.595217,47.0,0,45.70497000531759,0.601722,8725,-1224.338068,round_trip_estimate,1276.460414,52.12234599999988,5.191302999999834,0.352981,23759.689536
eece528b96d84366b4c43aa23e6e38bf,1,442,1790127306277012608,1790127306367034219,1790127306367595459,1790127305096697900,610522984000000,36.25234,94.0,0,77.69624500360806,0.557036,8797,-1180.314708,round_trip_estimate,1276.460414,96.14570599999979,5.5628549999998995,0.352981,23839.592073
eece528b96d84366b4c43aa23e6e38bf,1,443,1790127306341069193,1790127306447788310,1790127306448345624,1790127305168837900,610523046000000,64.056585,62.0,0,77.9138369980501,0.553018,8898,-1172.231293,round_trip_estimate,1276.460414,104.22912099999985,-3.0473100000001523,0.352981,23920.342349
eece528b96d84366b4c43aa23e6e38bf,1,445,1790127306440794379,1790127306526311350,1790127306526871830,1790127305245966900,610523125000000,99.725186,79.0,1,76.38547000533435,0.556332,9033,-1194.827479,round_trip_estimate,1276.460414,81.63293499999986,-4.4445160000000214,0.352981,23998.868
eece528b96d84366b4c43aa23e6e38bf,1,446,1790127306477198089,1790127306621129581,1790127306621862950,1790127305350849000,610523234000000,36.40371,109.0,0,92.60767999512609,0.72785,9032,-1126.349089,round_trip_estimate,1276.460414,150.11132499999985,5.446463999999878,0.352981,24093.860083
eece528b96d84366b4c43aa23e6e38bf,1,448,1790127306576805164,1790127306716278886,1790127306717015163,1790127305437759800,610523312000000,99.607075,78.0,1,92.87601300457027,0.731147,9099,-1139.045364,round_trip_estimate,1276.460414,137.41504999999984,-2.794949000000088,0.352981,24189.011925
eece528b96d84366b4c43aa23e6e38bf,1,450,1790127306708937585,1790127306797422032,1790127306797999383,1790127305525857700,610523406000000,132.132421,94.0,1,78.70833500055596,0.572351,9000,-1183.079885,round_trip_estimate,1276.460414,93.3805289999998,4.318730999999843,0.352981,24269.995997
eece528b96d84366b4c43aa23e6e38bf,1,451,1790127306776965885,1790127306875953572,1790127306876517867,1790127305605866200,610523484000000,68.0283,78.0,0,76.37758100463543,0.560221,9275,-1171.099685,round_trip_estimate,1276.460414,105.36072899999999,5.808746999999812,0.352981,24348.514722
eece528b96d84366b4c43aa23e6e38bf,1,452,1790127306845344610,1790127306955896331,1790127306956461256,1790127305685177500,610523562000000,68.378725,78.0,0,77.72194799326826,0.560221,9447,-1160.16711,round_trip_estimate,1276.460414,116.29330399999981,5.176657999999861,0.352981,24428.457833
eece528b96d84366b4c43aa23e6e38bf,1,453,1790127306914358426,1790127307035466628,1790127307036031553,1790127305760042500,610523640000000,69.013816,78.0,0,77.42476400744636,0.560166,9484,-1154.315926,round_trip_estimate,1276.460414,122.14448799999991,0.471360999999888,0.352981,24508.028482
eece528b96d84366b4c43aa23e6e38bf,1,454,1790127306977325347,1790127307116158627,1790127307116721292,1790127305846256000,610523734000000,62.966921,94.0,0,78.51826200203504,0.557647,9398,-1131.069347,round_trip_estimate,1276.460414,145.3910669999998,5.99512199999981,0.352981,24588.717814
eece528b96d84366b4c43aa23e6e38bf,1,456,1790127307110185693,1790127307195436202,1790127307195997979,1790127305926699800,610523812000000,132.860346,78.0,1,76.5999879949959,0.557407,9285,-1183.485893,round_trip_estimate,1276.460414,92.97452099999987,7.16223500000001,0.352981,24667.994648
eece528b96d84366b4c43aa23e6e38bf,1,457,1790127307145047647,1790127307277640031,1790127307278217697,1790127306005898700,610523890000000,34.861954,78.0,0,77.96083699213341,0.573018,9177,-1139.148947,round_trip_estimate,1276.460414,137.311467,4.141416999999819,0.352981,24750.214589
eece528b96d84366b4c43aa23e6e38bf,1,459,1790127307246349774,1790127307326811107,1790127307327411847,1790127306044123100,610523921000000,101.302127,31.0,1,47.073449997697026,0.594665,8881,-1202.226674,round_trip_estimate,1276.460414,74.2337399999999,-6.828333000000157,0.352981,24799.409924
eece528b96d84366b4c43aa23e6e38bf,1,460,1790127307309014121,1790127307375054925,1790127307375680776,1790127306104688500,610523984000000,62.664347,63.0,0,45.90217399527319,0.617518,8994,-1204.325621,round_trip_estimate,1276.460414,72.13479299999995,5.4681379999999535,0.352981,24847.67776
eece528b96d84366b4c43aa23e6e38bf,1,461,1790127307344981851,1790127307454629296,1790127307455185221,1790127306182852300,610524062000000,35.96773,78.0,0,77.04120899143163,0.551906,9038,-1162.129551,round_trip_estimate,1276.460414,114.33086299999991,4.127492999999959,0.352981,24927.181131
eece528b96d84366b4c43aa23e6e38bf,1,463,1790127307444871481,1790127307533688391,1790127307534262445,1790127306263955200,610524140000000,99.88963,78.0,1,76.90076499420684,0.569425,9168,-1180.916281,round_trip_estimate,1276.460414,95.54413299999987,6.153168999999934,0.352981,25006.258818
eece528b96d84366b4c43aa23e6e38bf,1,464,1790127307509424158,1790127307642480485,1790127307643038484,1790127306371490300,610524250000000,64.552677,110.0,0,106.24317299516406,0.553703,9116,-1137.933858,round_trip_estimate,1276.460414,138.5265559999998,4.912229999999909,0.352981,25115.03458
eece528b96d84366b4c43aa23e6e38bf,1,467,1790127307644865981,1790127307705069147,1790127307705634535,1790127306433036800,610524312000000,135.441823,62.0,2,59.722871010308154,0.561165,9217,-1211.829181,round_trip_estimate,1276.460414,64.63123299999984,3.8626789999998437,0.352981,25177.630853
eece528b96d84366b4c43aa23e6e38bf,1,468,1790127307708835807,1790127307769424510,1790127307769998675,1790127306499846800,610524375000000,63.969826,63.0,0,60.35555500420742,0.569795,9208,-1208.989007,round_trip_estimate,1276.460414,67.471407,6.308538999999882,0.352981,25241.9949
eece528b96d84366b4c43aa23e6e38bf,1,469,1790127307745197055,1790127307880446323,1790127307881017729,1790127306610816900,610524500000000,36.361248,125.0,0,108.25315200781915,0.567073,9260,-1134.380155,round_trip_estimate,1276.460414,142.08025899999984,6.259584999999788,0.352981,25353.013917
eece528b96d84366b4c43aa23e6e38bf,1,471,1790127307844839703,1790127307989251288,1790127307989814213,1790127306720227100,610524609000000,99.642648,109.0,1,105.82895198604092,0.558925,9278,-1124.612603,round_trip_estimate,1276.460414,151.84781099999987,6.873300999999856,0.352981,25461.810345
eece528b96d84366b4c43aa23e6e38bf,1,473,1790127307944929888,1790127308099388843,1790127308099955139,1790127306831684100,610524718000000,100.090185,109.0,1,106.78737700800411,0.562406,9404,-1113.245788,round_trip_estimate,1276.460414,163.21462599999995,8.189374999999927,0.352981,25571.95129
eece528b96d84366b4c43aa23e6e38bf,1,475,1790127308046351015,1790127308209048474,1790127308209635269,1790127306939269100,610524828000000,101.421127,110.0,1,104.93764000420924,0.582462,9174,-1107.081915,round_trip_estimate,1276.460414,169.37849899999992,6.094245000000001,0.352981,25681.631957
eece528b96d84366b4c43aa23e6e38bf,1,478,1790127308209216844,1790127308272135987,1790127308272700264,1790127307002224800,610524890000000,162.865829,62.0,2,60.305851002340205,0.560332,8991,-1206.992044,round_trip_estimate,1276.460414,69.46836999999982,5.984949999999799,0.352981,25744.696433
eece528b96d84366b4c43aa23e6e38bf,1,479,1790127308245156352,1790127308381572544,1790127308382151006,1790127307105057400,610524984000000,35.939508,94.0,0,106.40995200083125,0.574369,8967,-1140.098952,round_trip_estimate,1276.460414,136.36146199999985,-0.6331920000000082,0.352981,25854.147638
eece528b96d84366b4c43aa23e6e38bf,1,481,1790127308345122167,1790127308462141858,1790127308462699598,1790127307182525200,610525062000000,99.965815,78.0,1,78.13342999725137,0.553314,8897,-1162.596967,round_trip_estimate,1276.460414,113.86344699999995,-3.7139840000002096,0.352981,25934.695804
eece528b96d84366b4c43aa23e6e38bf,1,483,1790127308444933334,1790127308509638789,1790127308510292510,1790127307230759000,610525109000000,99.811167,47.0,1,45.39219399157446,0.646814,8979,-1214.174334,round_trip_estimate,1276.460414,62.286079999999856,-3.0730960000000778,0.352981,25982.289512
eece528b96d84366b4c43aa23e6e38bf,1,484,1790127308512891968,1790127308559120179,1790127308559726307,1790127307276115000,610525156000000,67.958634,47.0,0,45.94024800462648,0.59987,9060,-1236.776968,round_trip_estimate,1276.460414,39.683446,-7.150892999999996,0.352981,26031.724365
eece528b96d84366b4c43aa23e6e38bf,1,485,1790127308576855312,1790127308622485117,1790127308623079042,1790127307339976500,610525218000000,63.963344,62.0,0,45.386879006400704,0.58837,9092,-1236.878812,round_trip_estimate,1276.460414,39.581601999999975,-6.642128000000184,0.352981,26095.076748
eece528b96d84366b4c43aa23e6e38bf,1,486,1790127308644902279,1790127308691015601,1790127308691626082,1790127307420724500,610525296000000,68.046967,78.0,0,45.83476699190214,0.605018,9193,-1224.177779,round_trip_estimate,1276.460414,52.2826349999998,5.5588319999999385,0.352981,26163.623696
eece528b96d84366b4c43aa23e6e38bf,1,487,1790127308712850302,1790127308758686995,1790127308759302734,1790127307488028300,610525375000000,67.948023,79.0,0,45.58382301183883,0.608721,9182,-1224.822002,round_trip_estimate,1276.460414,51.63841199999979,5.185979999999972,0.352981,26231.299793
eece528b96d84366b4c43aa23e6e38bf,1,488,1790127308776856924,1790127308823922800,1790127308824525595,1790127307552225200,610525437000000,64.006622,62.0,0,46.83889499574434,0.59711,9219,-1224.631724,round_trip_estimate,1276.460414,51.828689999999824,4.16001899999992,0.352981,26296.52308
eece528b96d84366b4c43aa23e6e38bf,1,489,1790127308845098039,1790127308890909769,1790127308891510471,1790127307619499300,610525500000000,68.241115,63.0,0,45.579341996926814,0.59524,9241,-1225.598739,round_trip_estimate,1276.460414,50.86167499999988,4.449242999999797,0.352981,26363.508234
eece528b96d84366b4c43aa23e6e38bf,1,490,1790127308913089506,1790127308958748051,1790127308959351753,1790127307688420100,610525562000000,67.991467,62.0,0,45.41045300720725,0.597036,9271,-1224.669406,round_trip_estimate,1276.460414,51.79100799999992,5.528760999999804,0.352981,26431.349256
eece528b96d84366b4c43aa23e6e38bf,1,491,1790127308976862351,1790127309022765007,1790127309023364376,1790127307751288700,610525640000000,63.772845,78.0,0,45.65730399917811,0.593017,9304,-1225.573651,round_trip_estimate,1276.460414,50.88676299999997,4.38473799999997,0.352981,26495.36149
eece528b96d84366b4c43aa23e6e38bf,1,492,1790127309013222024,1790127309070675381,1790127309071279269,1790127307793743000,610525671000000,36.359673,31.0,0,45.650341009604745,0.598277,9316,-1219.479024,round_trip_estimate,1276.460414,56.98138999999992,-1.0758550000000469,0.352981,26543.276975
eece528b96d84366b4c43aa23e6e38bf,1,493,1790127309077191684,1790127309155136447,1790127309155698113,1790127307871315000,610525750000000,63.96966,79.0,0,77.67891199910082,0.557795,9319,-1205.876684,round_trip_estimate,1276.460414,70.58372999999983,-7.922699000000193,0.352981,26627.694264
eece528b96d84366b4c43aa23e6e38bf,1,494,1790127309112933229,1790127309234785578,1790127309235343244,1790127307963961400,610525843000000,35.741545,93.0,0,77.19135700608604,0.553536,9302,-1148.971829,round_trip_estimate,1276.460414,127.48858499999983,5.0785699999999,0.352981,26707.340061
eece528b96d84366b4c43aa23e6e38bf,1,496,1790127309213257470,1790127309282635656,1790127309283243063,1790127308012427400,610525890000000,100.324241,47.0,1,45.68402700533625,0.60148,9307,-1200.83007,round_trip_estimate,1276.460414,75.63034399999992,5.644750999999815,0.352981,26755.240547
eece528b96d84366b4c43aa23e6e38bf,1,497,1790127309276890093,1790127309332251083,1790127309332857064,1790127308061586900,610525937000000,63.632623,47.0,0,47.33080200094264,0.599685,9294,-1215.303193,round_trip_estimate,1276.460414,61.157220999999936,5.190249999999878,0.352981,26804.854604
eece528b96d84366b4c43aa23e6e38bf,1,498,1790127309313259581,1790127309381770251,1790127309382381361,1790127308104731400,610525984000000,36.369488,47.0,0,47.24954199627973,0.604814,9315,-1208.528181,round_trip_estimate,1276.460414,67.932233,-1.189547000000175,0.352981,26854.378957
eece528b96d84366b4c43aa23e6e38bf,1,499,1790127309378091425,1790127309430336439,1790127309430931864,1790127308157205800,610526031000000,64.831844,47.0,0,45.90895200090017,0.59048,9340,-1220.885625,round_trip_estimate,1276.460414,55.57478900000001,2.7343499999999494,0.352981,26902.929793
eece528b96d84366b4c43aa23e6e38bf,1,500,1790127309413228989,1790127309478551906,1790127309479144145,1790127308198410900,610526078000000,35.137564,47.0,0,45.798045000992715,0.587017,9361,-1214.818089,round_trip_estimate,1276.460414,61.6423249999998,-4.2728309999999965,0.352981,26951.141445
eece528b96d84366b4c43aa23e6e38bf,1,501,1790127309476947075,1790127309528101074,1790127309528697535,1790127308257434800,610526140000000,63.718086,62.0,0,47.269301998312585,0.589814,9339,-1219.512275,round_trip_estimate,1276.460414,56.948138999999856,5.19767899999988,0.352981,27000.695853
eece528b96d84366b4c43aa23e6e38bf,1,502,1790127309514422654,1790127309577713149,1790127309578348147,1790127308298295500,610526187000000,37.475579,47.0,0,47.315431002061814,0.628517,9295,-1216.127154,round_trip_estimate,1276.460414,60.33325999999988,-3.5922330000000784,0.352981,27050.346076
eece528b96d84366b4c43aa23e6e38bf,1,503,1790127309577102261,1790127309625814560,1790127309626449892,1790127308355620200,610526234000000,62.679607,47.0,0,45.80028500640765,0.628295,9305,-1221.482061,round_trip_estimate,1276.460414,54.97835299999997,5.630721999999878,0.352981,27098.44795
eece528b96d84366b4c43aa23e6e38bf,1,504,1790127309613084713,1790127309675501153,1790127309676122171,1790127308405073900,610526281000000,35.982452,47.0,0,47.18059800507035,0.614036,9262,-1208.010813,round_trip_estimate,1276.460414,68.4496009999998,5.412142999999787,0.352981,27148.119896
eece528b96d84366b4c43aa23e6e38bf,1,505,1790127309676932225,1790127309723570861,1790127309724175230,1790127308452619800,610526328000000,63.847512,47.0,0,45.76624899345916,0.598222,9247,-1224.312425,round_trip_estimate,1276.460414,52.147988999999825,4.904984000000013,0.352981,27196.172603
eece528b96d84366b4c43aa23e6e38bf,1,506,1790127309713214269,1790127309771463680,1790127309772087623,1790127308494718900,610526375000000,36.282044,47.0,0,45.573861003504135,0.616517,9250,-1218.495369,round_trip_estimate,1276.460414,57.96504499999992,-0.9083090000001448,0.352981,27244.086089
eece528b96d84366b4c43aa23e6e38bf,1,507,1790127309776974929,1790127309853755769,1790127309854336749,1790127308584042900,610526468000000,63.76066,93.0,0,76.52956200763583,0.576554,9259,-1192.932029,round_trip_estimate,1276.460414,83.52838499999984,6.166564999999991,0.352981,27326.333474
eece528b96d84366b4c43aa23e6e38bf,1,508,1790127309813043066,1790127309933968935,1790127309934528527,1790127308658217300,610526546000000,36.068137,78.0,0,77.6271899958374,0.555647,9237,-1154.825766,round_trip_estimate,1276.460414,121.63464799999997,0.14918699999998353,0.352981,27406.52503
eece528b96d84366b4c43aa23e6e38bf,1,510,1790127309913028826,1790127310013602751,1790127310014176102,1790127308734922200,610526609000000,99.98576,63.0,1,77.03572799800895,0.568906,9265,-1178.106626,round_trip_estimate,1276.460414,98.3537879999999,-2.793488000000025,0.352981,27486.172735
eece528b96d84366b4c43aa23e6e38bf,1,512,1790127310013041845,1790127310093038623,1790127310093604122,1790127308822671600,610526703000000,100.013019,94.0,1,76.99924599728547,0.56087,9257,-1190.370245,round_trip_estimate,1276.460414,86.09016899999983,5.527891999999838,0.352981,27565.600366
eece528b96d84366b4c43aa23e6e38bf,1,513,1790127310077003468,1790127310172756199,1790127310173319216,1790127308903537900,610526781000000,63.961623,78.0,0,77.02956200228073,0.558814,9237,-1173.465568,round_trip_estimate,1276.460414,102.99484599999982,6.67909799999984,0.352981,27645.315108
eece528b96d84366b4c43aa23e6e38bf,1,514,1790127310113308068,1790127310252858662,1790127310253428420,1790127308982499100,610526859000000,36.3046,78.0,0,76.53863698942587,0.56535,9240,-1130.808968,round_trip_estimate,1276.460414,145.65144599999985,5.531093999999939,0.352981,27725.424719
eece528b96d84366b4c43aa23e6e38bf,1,516,1790127310213262643,1790127310332803218,1790127310333360940,1790127309062418700,610526937000000,99.954575,78.0,1,77.24982099898625,0.553813,9213,-1150.843943,round_trip_estimate,1276.460414,125.61647099999982,5.518173999999817,0.352981,27805.356905
eece528b96d84366b4c43aa23e6e38bf,1,518,1790127310313228903,1790127310413644051,1790127310414220050,1790127309144831800,610527031000000,99.96626,94.0,1,78.23700401058886,0.57111,9227,-1168.397103,round_trip_estimate,1276.460414,108.06331099999989,7.07216399999993,0.352981,27886.216275
eece528b96d84366b4c43aa23e6e38bf,1,519,1790127310382152294,1790127310494180273,1790127310494745790,1790127309224449500,610527109000000,68.923391,78.0,0,76.8575440015411,0.561721,9256,-1157.702794,round_trip_estimate,1276.460414,118.75761999999986,6.164123999999902,0.352981,27966.742219
eece528b96d84366b4c43aa23e6e38bf,1,520,1790127310445526640,1790127310573287016,1790127310573853996,1790127309302691900,610527187000000,63.374346,78.0,0,76.5938590047881,0.562499,9219,-1142.83474,round_trip_estimate,1276.460414,133.6256739999999,5.298317999999881,0.352981,28045.850258
eece528b96d84366b4c43aa23e6e38bf,1,521,1790127310513602885,1790127310652797980,1790127310653356257,1790127309371956800,610527250000000,68.076245,63.0,0,76.78300699626561,0.554554,9224,-1141.646085,round_trip_estimate,1276.460414,134.81432899999982,-4.939043000000083,0.352981,28125.352241
eece528b96d84366b4c43aa23e6e38bf,1,523,1790127310644952495,1790127310731912872,1790127310732475408,1790127309461512000,610527343000000,131.34961,93.0,1,76.66898801107891,0.558647,9278,-1183.440495,round_trip_estimate,1276.460414,93.01991899999985,5.497005999999828,0.352981,28204.471762
eece528b96d84366b4c43aa23e6e38bf,1,524,1790127310713054943,1790127310811301484,1790127310811891594,1790127309540523600,610527421000000,68.102448,78.0,0,76.89565399778076,0.586054,9249,-1172.531343,round_trip_estimate,1276.460414,103.9290709999998,5.092419999999947,0.352981,28283.888449
eece528b96d84366b4c43aa23e6e38bf,1,525,1790127310781075559,1790127310892629075,1790127310893240204,1790127309622676700,610527500000000,68.020616,79.0,0,78.68320599664003,0.606832,9301,-1158.398859,round_trip_estimate,1276.460414,118.061555,5.896909999999934,0.352981,28365.236336
eece528b96d84366b4c43aa23e6e38bf,1,527,1790127310881092578,1790127310973515074,1790127310974094073,1790127309704621800,610527593000000,100.017019,93.0,1,78.33789200230967,0.574665,9332,-1176.470778,round_trip_estimate,1276.460414,99.98963599999979,6.988140999999814,0.352981,28446.09015
eece528b96d84366b4c43aa23e6e38bf,1,528,1790127310945327348,1790127311054673295,1790127311055236979,1790127309784904500,610527671000000,64.23477,78.0,0,76.83730300050229,0.559462,9366,-1160.422848,round_trip_estimate,1276.460414,116.03756599999997,6.1279349999999795,0.352981,28527.233575
eece528b96d84366b4c43aa23e6e38bf,1,530,1790127311045036072,1790127311134241815,1790127311134807648,1790127309864211200,610527750000000,99.708724,79.0,1,77.00017299794126,0.561499,9362,-1180.824872,round_trip_estimate,1276.460414,95.63554199999999,5.863965999999891,0.352981,28606.803854
eece528b96d84366b4c43aa23e6e38bf,1,531,1790127311081836264,1790127311213821502,1790127311214399372,1790127309943050300,610527828000000,36.800192,78.0,0,77.07467299769633,0.573647,9359,-1138.785964,round_trip_estimate,1276.460414,137.67444999999998,5.111341999999922,0.352981,28686.39556
eece528b96d84366b4c43aa23e6e38bf,1,533,1790127311181005970,1790127311294606298,1790127311295173186,1790127310023950000,610527906000000,99.169706,78.0,1,78.32117099314928,0.563147,9368,-1157.05597,round_trip_estimate,1276.460414,119.40444400000001,5.237227999999959,0.352981,28767.169355
eece528b96d84366b4c43aa23e6e38bf,1,534,1790127311250351398,1790127311373836097,1790127311374414781,1790127310104420500,610527984000000,69.345428,78.0,0,76.75134000601247,0.574536,9330,-1145.930898,round_trip_estimate,1276.460414,130.52951599999983,6.4661329999999,0.352981,28846.411098
eece528b96d84366b4c43aa23e6e38bf,1,535,1790127311313474800,1790127311453837894,1790127311454414411,1790127310183419200,610528062000000,63.123402,78.0,0,76.79496999480762,0.572573,9346,-1130.0556,round_trip_estimate,1276.460414,146.404814,5.465202999999974,0.352981,28926.410914
eece528b96d84366b4c43aa23e6e38bf,1,537,1790127311445091465,1790127311533232303,1790127311533799432,1790127310262503500,610528140000000,131.616665,78.0,1,76.90634000755381,0.563166,9372,-1182.587965,round_trip_estimate,1276.460414,93.87244899999996,5.164481999999907,0.352981,29005.79562
eece528b96d84366b4c43aa23e6e38bf,1,538,1790127311481412713,1790127311612687953,1790127311613288508,1790127310341874600,610528218000000,36.321248,78.0,0,76.94598799571395,0.59598,9337,-1139.538113,round_trip_estimate,1276.460414,136.92230099999983,5.0465059999999085,0.352981,29085.284714
eece528b96d84366b4c43aa23e6e38bf,1,540,1790127311581196067,1790127311706179170,1790127311706916057,1790127310435860500,610528312000000,99.783354,94.0,1,90.98707301018294,0.731332,9339,-1145.335567,round_trip_estimate,1276.460414,131.12484699999982,5.404856999999993,0.352981,29178.912431
eece528b96d84366b4c43aa23e6e38bf,1,542,1790127311681245586,1790127311788660240,1790127311789267036,1790127310518147500,610528406000000,100.049519,94.0,1,79.7241129912436,0.602073,9333,-1163.098086,round_trip_estimate,1276.460414,113.36232799999993,5.340877999999975,0.352981,29261.263335
eece528b96d84366b4c43aa23e6e38bf,1,544,1790127311781050514,1790127311868277316,1790127311868916870,1790127310591310600,610528468000000,99.804928,62.0,1,77.02713600883726,0.634999,9381,-1189.739914,round_trip_estimate,1276.460414,86.7204999999999,-1.1458560000000944,0.352981,29340.913299
eece528b96d84366b4c43aa23e6e38bf,1,545,1790127311845790191,1790127311948382428,1790127311948985908,1790127310667345600,610528546000000,64.739677,78.0,0,77.57291299640201,0.598499,9342,-1178.444591,round_trip_estimate,1276.460414,98.01582299999995,-5.179894000000104,0.352981,29420.982207
eece528b96d84366b4c43aa23e6e38bf,1,547,1790127311945047564,1790127312027915133,1790127312028478669,1790127310759695400,610528640000000,99.257373,94.0,1,77.01698799792212,0.558795,9289,-1185.352164,round_trip_estimate,1276.460414,91.10825,7.677144999999882,0.352981,29500.47482
eece528b96d84366b4c43aa23e6e38bf,1,548,1790127311981717774,1790127312110099167,1790127312110663703,1790127310839275100,610528718000000,36.67021,78.0,0,77.2084690106567,0.560406,9242,-1142.442674,round_trip_estimate,1276.460414,134.01774,5.071810999999798,0.352981,29582.660725
eece528b96d84366b4c43aa23e6e38bf,1,550,1790127312081691257,1790127312190398983,1790127312190964889,1790127310917611500,610528796000000,99.973483,78.0,1,77.86589399620425,0.56198,9169,-1164.079757,round_trip_estimate,1276.460414,112.38065699999993,3.107024999999794,0.352981,29662.961225
eece528b96d84366b4c43aa23e6e38bf,1,552,1790127312182174387,1790127312269904337,1790127312270465150,1790127310994734900,610528875000000,100.48313,79.0,1,77.09517299372237,0.557166,9186,-1187.439487,round_trip_estimate,1276.460414,89.0209269999998,0.7301639999998315,0.352981,29742.461672
eece528b96d84366b4c43aa23e6e38bf,1,553,1790127312249215986,1790127312348891914,1790127312349456561,1790127311080396500,610528968000000,67.041599,93.0,0,76.54043400543742,0.560444,9161,-1168.819486,round_trip_estimate,1276.460414,107.6409279999998,7.4003529999999955,0.352981,29821.452638
eece528b96d84366b4c43aa23e6e38bf,1,554,1790127312313086572,1790127312430660078,1790127312431227670,1790127311152284300,610529031000000,63.870586,63.0,0,76.95995099493302,0.563666,9159,-1160.802272,round_trip_estimate,1276.460414,115.658142,-2.4829560000000583,0.352981,29903.224117
eece528b96d84366b4c43aa23e6e38bf,1,555,1790127312381325039,1790127312511653281,1790127312512221039,1790127311233906600,610529109000000,68.238467,78.0,0,78.50692998908926,0.563091,9198,-1147.418439,round_trip_estimate,1276.460414,129.04197499999987,-1.8540250000000924,0.352981,29984.217172
eece528b96d84366b4c43aa23e6e38bf,1,557,1790127312512986816,1790127312591036820,1790127312591626227,1790127311307630600,610529187000000,131.661777,78.0,1,76.93956200091634,0.584443,9180,-1205.356216,round_trip_estimate,1276.460414,71.104198,-7.5352130000001125,0.352981,30063.622619
eece528b96d84366b4c43aa23e6e38bf,1,559,1790127312613019558,1790127312692041098,1790127312692609115,1790127311421452000,610529296000000,100.032742,109.0,1,77.06987700657919,0.563869,9208,-1191.567558,round_trip_estimate,1275.1684805,83.60092250000002,4.011365500000011,0.293926,77.919486
eece528b96d84366b4c43aa23e6e38bf,1,560,1790127312649272954,1790127312801527341,1790127312802104821,1790127311525622100,610529406000000,36.253396,110.0,0,106.96072899736464,0.573202,9247,-1123.650854,round_trip_estimate,1275.1684805,151.5176265,-1.3142405000000963,0.293926,187.415044
eece528b96d84366b4c43aa23e6e38bf,1,562,1790127312750588360,1790127312882372877,1790127312882940469,1790127311620913900,610529500000000,101.315406,94.0,1,78.30830100283492,0.563795,9176,-1129.67446,round_trip_estimate,1275.1684805,145.49402050000003,13.141911499999878,0.293926,268.250914
eece528b96d84366b4c43aa23e6e38bf,1,564,1790127312849242550,1790127312972692841,1790127312973310340,1790127311699032600,610529578000000,98.65419,78.0,1,79.19957599369809,0.613406,9153,-1150.20995,round_trip_estimate,1275.1684805,124.95853050000005,0.8907404999999926,0.293926,358.62097
eece528b96d84366b4c43aa23e6e38bf,1,566,1790127312949190273,1790127313056027410,1790127313056592150,1790127311776486500,610529656000000,99.947723,78.0,1,77.49550500011537,0.560277,9167,-1172.703773,round_trip_estimate,1275.1684805,102.46470750000003,-4.937169499999982,0.293926,441.902391
eece528b96d84366b4c43aa23e6e38bf,1,568,1790127313049236719,1790127313136654540,1790127313137256650,1790127311854476000,610529734000000,100.046446,78.0,1,78.17159801197704,0.597888,9173,-1194.760719,round_trip_estimate,1275.1684805,80.40776149999988,-7.612169499999936,0.293926,522.567243
eece528b96d84366b4c43aa23e6e38bf,1,569,1790127313114425803,1790127313218803278,1790127313219365518,1790127311956264700,610529843000000,65.189084,109.0,0,79.62213200516999,0.558296,9163,-1158.161103,round_trip_estimate,1275.1684805,117.00737750000008,12.067662500000097,0.293926,604.675741
eece528b96d84366b4c43aa23e6e38bf,1,571,1790127313213130900,1790127313306823561,1790127313307387856,1790127312043741100,610529921000000,98.705097,78.0,1,77.98635700601153,0.560591,9201,-1169.3898,round_trip_estimate,1275.1684805,105.77868050000006,11.521724499999891,0.293926,692.698227
eece528b96d84366b4c43aa23e6e38bf,1,573,1790127313312997013,1790127313393059495,1790127313393626680,1790127312121393500,610530000000000,99.866113,79.0,1,76.80317400081549,0.562666,9192,-1191.603513,round_trip_estimate,1275.1684805,83.56496749999997,2.9353005000000394,0.293926,778.936847
eece528b96d84366b4c43aa23e6e38bf,1,574,1790127313349258150,1790127313474574198,1790127313475139900,1790127312214815600,610530093000000,36.261137,93.0,0,78.98844800365623,0.56174,9198,-1134.44255,round_trip_estimate,1275.1684805,140.7259305,14.844180499999993,0.293926,860.450512
eece528b96d84366b4c43aa23e6e38bf,1,576,1790127313449552318,1790127313565616697,1790127313566188307,1790127312291121200,610530171000000,100.294168,78.0,1,78.21159699233249,0.567277,9287,-1158.431118,round_trip_estimate,1275.1684805,116.73736250000002,0.10137349999990874,0.293926,951.498678
eece528b96d84366b4c43aa23e6e38bf,1,578,1790127313550178392,1790127313644927181,1790127313645496254,1790127312373310000,610530250000000,100.626074,79.0,1,76.84397000411991,0.564943,9288,-1176.868392,round_trip_estimate,1275.1684805,98.3000884999999,2.9822265000000243,0.293926,1030.806607
eece528b96d84366b4c43aa23e6e38bf,1,579,1790127313613266684,1790127313725747681,1790127313726323550,1790127312455689300,610530343000000,63.088292,93.0,0,78.26137499068864,0.571387,9292,-1157.577384,round_trip_estimate,1275.1684805,117.59109650000005,4.5342304999999214,0.293926,1111.633736
eece528b96d84366b4c43aa23e6e38bf,1,581,1790127313713100297,1790127313805128202,1790127313805699386,1790127312527264300,610530406000000,99.833613,63.0,1,76.91619200340938,0.566832,9271,-1185.835997,round_trip_estimate,1275.1684805,89.33248350000008,-3.2666054999999687,0.293926,1191.00922
eece528b96d84366b4c43aa23e6e38bf,1,582,1790127313749562341,1790127313884766982,1790127313885373388,1790127312614473800,610530500000000,36.462044,94.0,0,77.16146999155171,0.601202,9230,-1135.088541,round_trip_estimate,1275.1684805,140.0799394999999,4.268892499999993,0.293926,1270.683814
eece528b96d84366b4c43aa23e6e38bf,1,584,1790127313849031047,1790127313964446447,1790127313965054279,1790127312683524700,610530562000000,99.468706,62.0,1,77.163820998976,0.603851,9249,-1165.506347,round_trip_estimate,1275.1684805,109.66213349999998,-6.3610985000000255,0.293926,1350.365187
eece528b96d84366b4c43aa23e6e38bf,1,586,1790127313949210475,1790127314073188951,1790127314073752617,1790127312792828600,610530671000000,100.179428,109.0,1,106.24198999721557,0.559369,9253,-1156.381875,round_trip_estimate,1275.1684805,118.78660549999995,-5.755536500000062,0.293926,1459.062839
eece528b96d84366b4c43aa23e6e38bf,1,587,1790127314018404774,1790127314152850786,1790127314153467396,1790127312886217900,610530765000000,69.194299,94.0,0,77.10406200203579,0.612296,9272,-1132.186874,round_trip_estimate,1275.1684805,142.9816065,7.918984500000079,0.293926,1538.777508
eece528b96d84366b4c43aa23e6e38bf,1,589,1790127314149184201,1790127314235743912,1790127314236308096,1790127312965509600,610530843000000,130.779427,78.0,1,77.01187700149603,0.560351,9233,-1183.674601,round_trip_estimate,1275.1684805,91.49387950000005,4.3699845000001005,0.293926,1621.618726
eece528b96d84366b4c43aa23e6e38bf,1,590,1790127314217185928,1790127314316574801,1790127314317179226,1790127313059324300,610530937000000,68.001727,94.0,0,78.36465199943632,0.59961,9270,-1157.861628,round_trip_estimate,1275.1684805,117.30685249999988,17.31355450000001,0.293926,1702.489634
eece528b96d84366b4c43aa23e6e38bf,1,591,1790127314281171718,1790127314408822373,1790127314409469057,1790127313138292800,610531015000000,63.98579,78.0,0,76.96743300766684,0.642221,9275,-1142.878918,round_trip_estimate,1275.1684805,132.28956249999987,3.992223499999909,0.293926,1794.77965
eece528b96d84366b4c43aa23e6e38bf,1,592,1790127314349632259,1790127314488634634,1790127314489236022,1790127313217295300,610531093000000,68.460541,78.0,0,77.25972899061162,0.59711,9281,-1132.336959,round_trip_estimate,1275.1684805,142.8315215,3.2277584999999362,0.293926,1874.546244
eece528b96d84366b4c43aa23e6e38bf,1,594,1790127314481196185,1790127314569369430,1790127314569954559,1790127313292218100,610531171000000,131.563926,78.0,1,78.23854200250935,0.580536,9221,-1188.978085,round_trip_estimate,1275.1684805,86.19039550000002,-2.567978499999981,0.293926,1955.264874
eece528b96d84366b4c43aa23e6e38bf,1,595,1790127314518569153,1790127314648844063,1790127314649444950,1790127313370280100,610531250000000,37.372968,79.0,0,76.96354400832206,0.596314,9245,-1148.289053,round_trip_estimate,1275.1684805,126.87942750000002,-3.9963694999999007,0.293926,2034.755636
eece528b96d84366b4c43aa23e6e38bf,1,597,1790127314617303824,1790127314728541416,1790127314729151063,1790127313458508400,610531343000000,98.734671,93.0,1,77.20570999663323,0.60574,9270,-1158.795424,round_trip_estimate,1275.1684805,116.37305650000008,4.525817499999903,0.293926,2114.461564
eece528b96d84366b4c43aa23e6e38bf,1,599,1790127314717203771,1790127314809803805,1790127314810385470,1790127313533057500,610531421000000,99.899947,78.0,1,78.75592999334913,0.577795,9218,-1184.146271,round_trip_estimate,1275.1684805,91.02220949999992,-2.1594895000000633,0.293926,2195.696063
eece528b96d84366b4c43aa23e6e38bf,1,600,1790127314781466134,1790127314890317027,1790127314890880897,1790127313619989100,610531500000000,64.262363,79.0,0,78.02870900195558,0.559461,9260,-1161.477034,round_trip_estimate,1275.1684805,113.69144649999998,4.27668349999999,0.293926,2276.191305
eece528b96d84366b4c43aa23e6e38bf,1,602,1790127314882183931,1790127314971093972,1790127314971686082,1790127313697536100,610531578000000,100.717797,78.0,1,78.29246800974943,0.587592,9251,-1184.647831,round_trip_estimate,1275.1684805,90.52064949999999,1.018498500000078,0.293926,2356.99586
eece528b96d84366b4c43aa23e6e38bf,1,603,1790127314917425700,1790127315050741141,1790127315051306973,1790127313776874400,610531656000000,35.241769,78.0,0,77.15046999510378,0.561406,9250,-1140.5513,round_trip_estimate,1275.1684805,134.6171804999999,0.7359074999999393,0.293926,2436.616992
eece528b96d84366b4c43aa23e6e38bf,1,605,1790127315017101073,1790127315131827992,1790127315132389454,1790127313855310800,610531734000000,99.675373,78.0,1,78.61765200505033,0.557554,9240,-1161.790273,round_trip_estimate,1275.1684805,113.37820749999992,-1.910173499999928,0.293926,2517.700251
eece528b96d84366b4c43aa23e6e38bf,1,607,1790127315117227223,1790127315210892551,1790127315211459199,1790127313928708600,610531812000000,100.12615,78.0,1,76.6059339948697,0.562517,9258,-1188.518623,round_trip_estimate,1275.1684805,86.64985750000005,-7.582118499999979,0.293926,2596.769181
eece528b96d84366b4c43aa23e6e38bf,1,608,1790127315181303883,1790127315290362221,1790127315290927220,1790127314019596900,610531906000000,64.07666,94.0,0,76.97635900694877,0.560388,9231,-1161.706983,round_trip_estimate,1275.1684805,113.46149749999995,3.838160499999958,0.293926,2676.237387
eece528b96d84366b4c43aa23e6e38bf,1,610,1790127315281241126,1790127315371449702,1790127315372043608,1790127314089655500,610531968000000,99.937243,62.0,1,78.55504100734834,0.590036,9235,-1191.585626,round_trip_estimate,1275.1684805,83.58285449999994,-7.219627500000115,0.293926,2757.35385
eece528b96d84366b4c43aa23e6e38bf,1,611,1790127315317467356,1790127315451167649,1790127315451753888,1790127314167723500,610532046000000,36.22623,78.0,0,77.19743301277049,0.581907,9247,-1149.743856,round_trip_estimate,1275.1684805,125.42462449999994,-8.861907499999916,0.293926,2837.064333
eece528b96d84366b4c43aa23e6e38bf,1,613,1790127315417188229,1790127315530689096,1790127315531251076,1790127314245476200,610532125000000,99.720873,79.0,1,77.06348798819818,0.557925,9242,-1171.712029,round_trip_estimate,1275.1684805,103.45645149999996,-10.606395499999962,0.293926,2916.561299
eece528b96d84366b4c43aa23e6e38bf,1,615,1790127315517185176,1790127315611283171,1790127315611878614,1790127314340377500,610532218000000,99.996947,93.0,1,78.09002399153542,0.590999,9249,-1176.807676,round_trip_estimate,1275.1684805,98.36080450000009,3.667366500000071,0.293926,2997.189096
eece528b96d84366b4c43aa23e6e38bf,1,616,1790127315581285114,1790127315692007875,1790127315692571059,1790127314417383400,610532296000000,64.099938,78.0,0,78.27754200843628,0.559203,9258,-1163.901714,round_trip_estimate,1275.1684805,111.2667664999999,-0.01917849999995269,0.293926,3077.881485
eece528b96d84366b4c43aa23e6e38bf,1,618,1790127315681251154,1790127315771546433,1790127315772142284,1790127314495676700,610532375000000,99.96604,79.0,1,77.080229006242,0.591536,9231,-1185.574454,round_trip_estimate,1275.1684805,89.59402649999993,-1.2971035000000484,0.293926,3157.452766
eece528b96d84366b4c43aa23e6e38bf,1,619,1790127315717469773,1790127315852363785,1790127315852929988,1790127314581908300,610532468000000,36.218619,93.0,0,78.2565230038017,0.562314,9235,-1135.561473,round_trip_estimate,1275.1684805,139.6070075,4.146792499999947,0.293926,3238.281544
eece528b96d84366b4c43aa23e6e38bf,1,621,1790127315817218220,1790127315931731195,1790127315932294453,1790127314653721200,610532531000000,99.748447,63.0,1,76.84745200094767,0.559036,9223,-1163.49702,round_trip_estimate,1275.1684805,111.67146049999997,-3.4047725000000355,0.293926,3317.604602
eece528b96d84366b4c43aa23e6e38bf,1,622,1790127315885447113,1790127316012267548,1790127316012834899,1790127314733075800,610532609000000,68.228893,78.0,0,78.11765299993567,0.563184,9224,-1152.371313,round_trip_estimate,1275.1684805,122.79716749999989,-4.590618500000119,0.293926,3398.145121
eece528b96d84366b4c43aa23e6e38bf,1,623,1790127315949871810,1790127316091969384,1790127316092536642,1790127314807776900,610532687000000,64.424697,78.0,0,77.18215500062797,0.563203,9227,-1142.09491,round_trip_estimate,1275.1684805,133.07357049999996,-9.591261499999973,0.293926,3477.847198
eece528b96d84366b4c43aa23e6e38bf,1,625,1790127316085302822,1790127316201543295,1790127316202124201,1790127314931569400,610532812000000,135.431012,125.0,1,107.12084099941421,0.576906,9231,-1153.733422,round_trip_estimate,1275.1684805,121.43505849999997,4.613679499999989,0.293926,3587.434757
eece528b96d84366b4c43aa23e6e38bf,1,626,1790127316149400427,1790127316281275001,1790127316281848426,1790127315010970800,610532890000000,64.097605,78.0,0,77.27071100089233,0.569443,9225,-1138.429627,round_trip_estimate,1275.1684805,136.7388535,4.290854500000023,0.293926,3667.158889
eece528b96d84366b4c43aa23e6e38bf,1,627,1790127316217744302,1790127316360682763,1790127316361282836,1790127315089169300,610532968000000,68.343875,78.0,0,76.89506399037782,0.595628,9236,-1128.575002,round_trip_estimate,1275.1684805,146.59347849999995,3.0549444999999196,0.293926,3746.592911
eece528b96d84366b4c43aa23e6e38bf,1,629,1790127316349220488,1790127316440194210,1790127316440759820,1790127315168445200,610533046000000,131.476186,78.0,1,77.01969299523626,0.561499,9223,-1180.775288,round_trip_estimate,1275.1684805,94.39319249999994,2.8538604999998824,0.293926,3826.070062
eece528b96d84366b4c43aa23e6e38bf,1,630,1790127316385483755,1790127316520190768,1790127316520754489,1790127315247777300,610533125000000,36.263267,79.0,0,77.51319199451245,0.559388,9220,-1137.706455,round_trip_estimate,1275.1684805,137.46202549999998,2.191291500000034,0.293926,3906.065175
eece528b96d84366b4c43aa23e6e38bf,1,632,1790127316485152276,1790127316599956011,1790127316600523510,1790127315323507500,610533203000000,99.668521,78.0,1,77.28682199376635,0.563666,9246,-1161.644776,round_trip_estimate,1275.1684805,113.5237044999999,-1.8475295000000642,0.293926,3985.833307
eece528b96d84366b4c43aa23e6e38bf,1,634,1790127316585297538,1790127316679161422,1790127316679753754,1790127315408510300,610533296000000,100.145262,93.0,1,76.79528500011656,0.587481,9241,-1176.787238,round_trip_estimate,1275.1684805,98.3812425000001,3.925026500000058,0.293926,4065.063977
eece528b96d84366b4c43aa23e6e38bf,1,635,1790127316649366384,1790127316767217742,1790127316767983648,1790127315496671800,610533375000000,64.068846,79.0,0,85.51795400853734,0.761035,9219,-1152.694584,round_trip_estimate,1275.1684805,122.47389649999991,3.8566324999999324,0.293926,4153.294482
eece528b96d84366b4c43aa23e6e38bf,1,637,1790127316749366368,1790127316856458709,1790127316857059986,1790127315573636800,610533453000000,99.999984,78.0,1,86.43486100481823,0.596906,9198,-1175.729568,round_trip_estimate,1275.1684805,99.43891250000001,-8.2547055,0.293926,4242.370301
eece528b96d84366b4c43aa23e6e38bf,1,639,1790127316849341963,1790127316936665136,1790127316937308135,1790127315651590900,610533531000000,99.975595,78.0,1,77.71667301130947,0.638406,9220,-1197.751063,round_trip_estimate,1275.1684805,77.41741750000006,-10.548754500000086,0.293926,4322.61871
eece528b96d84366b4c43aa23e6e38bf,1,640,1790127316885604063,1790127317016714120,1790127317017312878,1790127315744966200,610533625000000,36.2621,94.0,0,77.49050699931104,0.594295,9223,-1140.637863,round_trip_estimate,1275.1684805,134.53061750000006,2.821802499999876,0.293926,4402.623267
eece528b96d84366b4c43aa23e6e38bf,1,642,1790127316985354807,1790127317096208530,1790127317096774863,1790127315824265500,610533703000000,99.750744,78.0,1,76.99902600143105,0.562259,9260,-1161.089307,round_trip_estimate,1275.1684805,114.07917350000002,2.659117500000093,0.293926,4482.084974
eece528b96d84366b4c43aa23e6e38bf,1,644,1790127317085238291,1790127317177478623,1790127317178062307,1790127315906537600,610533781000000,99.883484,78.0,1,78.75065199914388,0.579333,9250,-1178.700691,round_trip_estimate,1275.1684805,96.46778949999998,3.643773499999952,0.293926,4563.372937
eece528b96d84366b4c43aa23e6e38bf,1,645,1790127317149629248,1790127317257140922,1790127317257707736,1790127315987123900,610533875000000,64.390957,94.0,0,77.1688030072255,0.562425,9251,-1162.505348,round_trip_estimate,1275.1684805,112.66313250000007,4.584644499999968,0.293926,4643.017792
eece528b96d84366b4c43aa23e6e38bf,1,647,1790127317249234658,1790127317336721462,1790127317337323942,1790127316058692900,610533937000000,99.60541,62.0,1,77.10821100044996,0.598128,9226,-1190.541758,round_trip_estimate,1275.1684805,84.62672249999991,-3.4625614999999925,0.293926,4722.63472
eece528b96d84366b4c43aa23e6e38bf,1,648,1790127317285589722,1790127317418254980,1790127317418820960,1790127316137687300,610534015000000,36.355064,78.0,0,79.01091201347299,0.561981,9239,-1147.902422,round_trip_estimate,1275.1684805,127.2660585000001,-5.9651794999999765,0.293926,4804.131423
eece528b96d84366b4c43aa23e6e38bf,1,650,1790127317385209484,1790127317499857905,1790127317500420182,1790127316230639500,610534109000000,99.619762,94.0,1,78.97720800247043,0.557777,9235,-1154.569984,round_trip_estimate,1275.1684805,120.59849650000001,5.387798499999917,0.293926,4885.730867
eece528b96d84366b4c43aa23e6e38bf,1,652,1790127317485275598,1790127317609997908,1790127317610564592,1790127316339623800,610534218000000,100.066114,109.0,1,106.7532500019297,0.562481,9251,-1145.651798,round_trip_estimate,1275.1684805,129.5166824999999,4.227688499999886,0.293926,4995.874685
eece528b96d84366b4c43aa23e6e38bf,1,654,1790127317585669359,1790127317719876855,1790127317720443021,1790127316449057300,610534328000000,100.393761,110.0,1,107.33950798748992,0.562055,9165,-1136.612059,round_trip_estimate,1275.1684805,138.55642149999994,3.7827594999998837,0.293926,5105.753503
eece528b96d84366b4c43aa23e6e38bf,1,656,1790127317690150539,1790127317837346622,1790127317837924269,1790127316566225700,610534453000000,104.48118,125.0,1,106.85319399635773,0.573758,9174,-1123.924839,round_trip_estimate,1275.1684805,151.24364149999997,3.46991150000008,0.293926,5223.234992
eece528b96d84366b4c43aa23e6e38bf,1,658,1790127317817444659,1790127317945291148,1790127317945866295,1790127316662110600,610534546000000,127.29412,93.0,1,105.36756699730176,0.571203,9189,-1155.334059,round_trip_estimate,1275.1684805,119.83442149999996,-8.587214500000073,0.293926,5331.176758
eece528b96d84366b4c43aa23e6e38bf,1,659,1790127317885367146,1790127318053618191,1790127318054201893,1790127316778262500,610534656000000,67.922487,110.0,0,105.878454996855,0.579629,9175,-1107.104646,round_trip_estimate,1275.1684805,168.06383449999998,-0.7709125000001222,0.293926,5439.512598
eece528b96d84366b4c43aa23e6e38bf,1,661,1790127318017263461,1790127318116798446,1790127318117418723,1790127316838561900,610534718000000,131.896315,62.0,1,60.405426993384026,0.615925,9189,-1178.701561,round_trip_estimate,1275.1684805,96.4669194999999,-3.68834250000009,0.293926,5502.72939
eece528b96d84366b4c43aa23e6e38bf,1,662,1790127318085349670,1790127318224915712,1790127318225515618,1790127316947663200,610534828000000,68.086209,110.0,0,105.58943699288648,0.595388,9194,-1137.68647,round_trip_estimate,1275.1684805,137.4820104999999,-2.6839374999999563,0.293926,5610.826137
eece528b96d84366b4c43aa23e6e38bf,1,664,1790127318217275930,1790127318333204181,1790127318333770199,1790127317057691700,610534937000000,131.92626,109.0,1,105.82643700763583,0.562074,9228,-1159.58423,round_trip_estimate,1275.1684805,115.58425050000005,-0.9100184999999783,0.293926,5719.08044
eece528b96d84366b4c43aa23e6e38bf,1,666,1790127318317396729,1790127318446339142,1790127318446904363,1790127317182863100,610535062000000,100.120799,125.0,1,107.08565599634312,0.561036,9231,-1134.533629,round_trip_estimate,1275.1684805,140.63485149999997,11.127217499999915,0.293926,5832.214956
eece528b96d84366b4c43aa23e6e38bf,1,669,1790127318453266703,1790127318561024044,1790127318561634543,1790127317277104100,610535156000000,135.869974,94.0,2,105.58819699508604,0.606388,9199,-1176.162603,round_trip_estimate,1275.1684805,99.0058775,-9.361962500000118,0.293926,5946.944562
eece528b96d84366b4c43aa23e6e38bf,1,671,1790127318553267095,1790127318670869899,1790127318671437084,1790127317401000500,610535281000000,100.000392,125.0,1,106.00843599240761,0.562888,9193,-1152.266595,round_trip_estimate,1275.1684805,122.90188549999993,4.731896499999948,0.293926,6056.747158
eece528b96d84366b4c43aa23e6e38bf,1,673,1790127318653405894,1790127318780895643,1790127318781509235,1790127317510578400,610535390000000,100.138799,109.0,1,107.23815599340014,0.609665,9210,-1142.827494,round_trip_estimate,1275.1684805,132.3409865000001,4.237645500000099,0.293926,6166.819106
eece528b96d84366b4c43aa23e6e38bf,1,675,1790127318753523823,1790127318889312001,1790127318889881648,1790127317619891000,610535500000000,100.117929,110.0,1,105.88973300764337,0.565091,9228,-1133.632823,round_trip_estimate,1275.1684805,141.53565750000007,5.177832500000022,0.293926,6275.191723
eece528b96d84366b4c43aa23e6e38bf,1,677,1790127318853419659,1790127318998093136,1790127318998656987,1790127317730504700,610535609000000,99.895836,109.0,1,105.49101101059932,0.55987,9228,-1122.914959,round_trip_estimate,1275.1684805,152.25352150000003,7.0161935000000994,0.293926,6383.967247
eece528b96d84366b4c43aa23e6e38bf,1,679,1790127318953381088,1790127319110487858,1790127319111051023,1790127317839492700,610535718000000,99.961429,109.0,1,107.33054600132164,0.558314,9247,-1113.888388,round_trip_estimate,1275.1684805,161.2800924999999,3.610157500000014,0.293926,6496.360876
eece528b96d84366b4c43aa23e6e38bf,1,681,1790127319053597258,1790127319221821229,1790127319222402117,1790127317961605100,610535843000000,100.21617,125.0,1,106.27130699867848,0.576758,9179,-1091.992158,round_trip_estimate,1275.1684805,183.17632249999997,14.37146349999989,0.293926,6607.712358
eece528b96d84366b4c43aa23e6e38bf,1,684,1790127319218141329,1790127319342350566,1790127319342918990,1790127318074161200,610535953000000,164.544071,110.0,2,108.09872900426853,0.564165,9224,-1143.980129,round_trip_estimate,1275.1684805,131.18835149999995,6.410690499999873,0.293926,6728.229158
eece528b96d84366b4c43aa23e6e38bf,1,686,1790127319317916888,1790127319454776509,1790127319455337786,1790127318183049200,610536062000000,99.775559,109.0,1,106.2136590044247,0.557351,9222,-1134.867688,round_trip_estimate,1275.1684805,140.30079249999994,2.8798945000000913,0.293926,6840.648101
