session_id,camera_id,seq,capture_unix_ns,tracker_done_unix_ns,send_prepare_unix_ns,arrival_unix_ns,arrival_monotonic_ns,capture_interval_ms,arrival_interval_ms,skipped_capture_frames,inference_ms,jpeg_encode_ms,jpeg_bytes,raw_capture_to_arrival_ms,clock_assumption,sender_clock_offset_ms,capture_to_arrival_ms,send_prepare_to_arrival_ms,clock_probe_rtt_ms,clock_estimate_age_ms
6365bd5d7ecc4fd58f5fdf95d5a1a640,1,755,1790127232090500515,1790127232198702587,1790127232201324692,1790127230930770700,610448812000000,,,,99.7957000072347,2.616643,8675,-1159.729815,round_trip_estimate,1274.4211235,114.6913085000001,3.867131499999914,0.430203,104.055414
6365bd5d7ecc4fd58f5fdf95d5a1a640,1,757,1790127232190846862,1790127232309981967,1790127232310549781,1790127231041496900,610448921000000,100.346347,109.0,1,106.80535300343763,0.563795,8863,-1149.349962,round_trip_estimate,1274.4211235,125.07116150000002,5.368242499999951,0.430203,213.279355
6365bd5d7ecc4fd58f5fdf95d5a1a640,1,758,1790127232262590547,1790127232389927302,1790127232390494393,1790127231111587800,610449000000000,71.743685,79.0,0,76.64323000062723,0.562444,9099,-1151.002747,round_trip_estimate,1274.4211235,123.41837650000002,-4.485469499999908,0.430203,293.224948
6365bd5d7ecc4fd58f5fdf95d5a1a640,1,760,1790127232391198410,1790127232470215839,1790127232470775283,1790127231213697400,610449093000000,128.607863,93.0,1,77.80356099829078,0.555925,9283,-1177.50101,round_trip_estimate,1274.4211235,96.92011350000007,17.343240500000093,0.430203,373.504875
6365bd5d7ecc4fd58f5fdf95d5a1a640,1,761,1790127232462171041,1790127232592298883,1790127232592858030,1790127231339803200,610449218000000,70.972631,125.0,0,106.5810949949082,0.555147,9296,-1122.367841,round_trip_estimate,1274.4211235,152.05328250000002,21.366293499999983,0.430203,495.588066
6365bd5d7ecc4fd58f5fdf95d5a1a640,1,763,1790127232558663156,1790127232673272345,1790127232673838010,1790127231403461600,610449281000000,96.492115,63.0,1,61.487965009291656,0.561832,9255,-1155.201556,round_trip_estimate,1274.4211235,119.21956750000004,4.0447134999999435,0.430203,576.567287
6365bd5d7ecc4fd58f5fdf95d5a1a640,1,765,1790127232658701245,1790127232736072696,1790127232736632695,1790127231473384700,610449359000000,100.038089,78.0,1,59.72413599374704,0.556536,9233,-1185.316545,round_trip_estimate,1274.4211235,89.10457850000012,11.173128500000075,0.430203,639.362694
6365bd5d7ecc4fd58f5fdf95d5a1a640,1,766,1790127232722776779,1790127232805682441,1790127232806257088,1790127231542643100,610449421000000,64.075534,62.0,0,60.249319998547435,0.570739,9190,-1180.133679,round_trip_estimate,1274.4211235,94.28744449999999,10.807135499999958,0.430203,708.987476
6365bd5d7ecc4fd58f5fdf95d5a1a640,1,767,1790127232758706705,1790127232875017038,1790127232875582000,1790127231620493400,610449500000000,35.929926,79.0,0,60.141449997900054,0.561073,9163,-1138.213305,round_trip_estimate,1274.4211235,136.20781850000003,19.33252349999998,0.430203,778.311499
6365bd5d7ecc4fd58f5fdf95d5a1a640,1,769,1790127232858783294,1790127232969457972,1790127232970033675,1790127231697728800,610449578000000,100.076589,78.0,1,76.92284000222571,0.571517,9106,-1161.054494,round_trip_estimate,1274.4211235,113.36662950000004,2.1162484999999833,0.430203,872.763396
6365bd5d7ecc4fd58f5fdf95d5a1a640,1,771,1790127232958765791,1790127233048850456,1790127233049414288,1790127231792835600,610449671000000,99.982497,93.0,1,76.98074799554888,0.559499,9069,-1165.930191,round_trip_estimate,1274.4211235,108.4909325000001,17.842435499999965,0.430203,952.144547
6365bd5d7ecc4fd58f5fdf95d5a1a640,1,773,1790127233058657806,1790127233172167960,1790127233172734033,1790127231924342200,610449812000000,99.892015,141.0,1,107.11079700558912,0.562036,9114,-1134.315606,round_trip_estimate,1274.4211235,140.10551750000013,26.029290500000116,0.430203,1075.463996
6365bd5d7ecc4fd58f5fdf95d5a1a640,1,775,1790127233158758395,1790127233256765582,1790127233257327747,1790127231973373300,610449859000000,100.100589,47.0,1,60.50620799942408,0.557721,9129,-1185.385095,round_trip_estimate,1274.4211235,89.03602849999993,-9.533323500000051,0.430203,1160.057321
6365bd5d7ecc4fd58f5fdf95d5a1a640,1,777,1790127233258631985,1790127233364762655,1790127233365322431,1790127232100026400,610449984000000,99.87359,125.0,1,105.51220799970906,0.555721,9146,-1158.605585,round_trip_estimate,1274.4211235,115.8155385,9.125092499999937,0.430203,1268.051894
6365bd5d7ecc4fd58f5fdf95d5a1a640,1,779,1790127233358768482,1790127233431300480,1790127233431857997,1790127232167600200,610450046000000,100.136497,62.0,1,59.43397000373807,0.552981,9029,-1191.168282,round_trip_estimate,1274.4211235,83.25284149999993,10.16332650000004,0.430203,1334.588052
6365bd5d7ecc4fd58f5fdf95d5a1a640,1,780,1790127233422721535,1790127233545396929,1790127233545972261,1790127232276449200,610450156000000,63.953053,110.0,0,105.733299991698,0.571369,8882,-1146.272335,round_trip_estimate,1274.4211235,128.1487884999999,4.898062499999924,0.430203,1448.702576
6365bd5d7ecc4fd58f5fdf95d5a1a640,1,782,1790127233523259883,1790127233608206948,1790127233608772002,1790127232340176400,610450218000000,100.538348,62.0,1,59.532711005886085,0.560573,8661,-1183.083483,round_trip_estimate,1274.4211235,91.33764050000013,5.8255214999999225,0.430203,1511.50202
6365bd5d7ecc4fd58f5fdf95d5a1a640,1,783,1790127233559081549,1790127233717862962,1790127233718439572,1790127232433621700,610450312000000,35.821666,94.0,0,105.63526301120874,0.572166,8665,-1125.459849,round_trip_estimate,1274.4211235,148.96127449999994,-10.396748500000058,0.430203,1621.170182
6365bd5d7ecc4fd58f5fdf95d5a1a640,1,785,1790127233658814584,1790127233780689202,1790127233781245201,1790127232501481200,610450390000000,99.733035,78.0,1,60.06150499160867,0.551481,8431,-1157.333384,round_trip_estimate,1274.4211235,117.0877395,-5.342877499999986,0.430203,1683.974848
6365bd5d7ecc4fd58f5fdf95d5a1a640,1,787,1790127233759066136,1790127233844777755,1790127233845338828,1790127232574878700,610450453000000,100.251552,63.0,1,60.75859599513933,0.556925,8415,-1184.187436,round_trip_estimate,1274.4211235,90.23368750000009,3.960995500000081,0.430203,1748.06929
6365bd5d7ecc4fd58f5fdf95d5a1a640,1,788,1790127233823082707,1790127233907620495,1790127233908173494,1790127232635784500,610450515000000,64.016571,62.0,0,60.094764005043544,0.548665,8313,-1187.298207,round_trip_estimate,1274.4211235,87.12291649999997,2.03212950000011,0.430203,1810.903234
6365bd5d7ecc4fd58f5fdf95d5a1a640,1,789,1790127233858998725,1790127233970184514,1790127233970744031,1790127232699469000,610450578000000,35.916018,63.0,0,59.774598994408734,0.555276,8270,-1159.529725,round_trip_estimate,1274.4211235,114.89139849999992,3.1460925000001225,0.430203,1873.473901
6365bd5d7ecc4fd58f5fdf95d5a1a640,1,791,1790127233958764038,1790127234037256727,1790127234037811263,1790127232778741500,610450656000000,99.765313,78.0,1,62.90123998769559,0.550055,8331,-1180.022538,round_trip_estimate,1274.4211235,94.39858550000008,15.351360500000055,0.430203,1940.541188
6365bd5d7ecc4fd58f5fdf95d5a1a640,1,792,1790127234030149520,1790127234111446315,1790127234112003054,1790127232842553400,610450718000000,71.385482,62.0,0,60.610522996285,0.552258,8357,-1187.59612,round_trip_estimate,1274.4211235,86.8250035000001,4.971469500000012,0.430203,2014.733257
6365bd5d7ecc4fd58f5fdf95d5a1a640,1,793,1790127234091244542,1790127234176937976,1790127234177491253,1790127232908627400,610450796000000,61.095022,78.0,0,62.43716699827928,0.548981,8223,-1182.617142,round_trip_estimate,1274.4211235,91.80398149999996,5.557270499999959,0.430203,2080.221122
6365bd5d7ecc4fd58f5fdf95d5a1a640,1,794,1790127234162210784,1790127234240034846,1790127234240585067,1790127232969798500,610450843000000,70.966242,47.0,0,59.38004399649799,0.546314,8114,-1192.412284,round_trip_estimate,1274.4211235,82.00883950000002,3.634556499999917,0.430203,2143.315418
6365bd5d7ecc4fd58f5fdf95d5a1a640,1,795,1790127234227225724,1790127234302266976,1790127234302817920,1790127233042115800,610450921000000,65.01494,78.0,0,59.44452500261832,0.547018,8222,-1185.109924,round_trip_estimate,1274.4211235,89.31119949999993,13.719003500000099,0.430203,2205.547734
6365bd5d7ecc4fd58f5fdf95d5a1a640,1,796,1790127234290826722,1790127234376633471,1790127234377186137,1790127233131521400,610451015000000,63.600998,94.0,0,62.39290900703054,0.548166,8283,-1159.305322,round_trip_estimate,1274.4211235,115.11580150000009,28.756386499999962,0.430203,2279.916117
6365bd5d7ecc4fd58f5fdf95d5a1a640,1,797,1790127234362204001,1790127234463018163,1790127234463575588,1790127233197534300,610451078000000,71.377279,63.0,0,59.39945099817123,0.552851,8273,-1164.669701,round_trip_estimate,1274.4211235,109.75142249999999,8.379835500000127,0.430203,2366.305883
6365bd5d7ecc4fd58f5fdf95d5a1a640,1,798,1790127234427179700,1790127234529526952,1790127234530091136,1790127233259693600,610451140000000,64.975699,62.0,0,59.652376992744394,0.560351,8272,-1167.4861,round_trip_estimate,1274.4211235,106.93502349999994,4.023587500000076,0.430203,2432.821376
6365bd5d7ecc4fd58f5fdf95d5a1a640,1,800,1790127234527329549,1790127234592134767,1790127234592685432,1790127233323170800,610451203000000,100.149849,63.0,1,59.90934000874404,0.546258,8308,-1204.158749,round_trip_estimate,1274.4211235,70.26237450000008,4.906491500000129,0.430203,2495.415543
6365bd5d7ecc4fd58f5fdf95d5a1a640,1,801,1790127234591045010,1790127234656361245,1790127234656916615,1790127233402420000,610451281000000,63.715461,78.0,0,60.99631900724489,0.551777,8421,-1188.62501,round_trip_estimate,1274.4211235,85.79611350000005,19.9245085,0.430203,2559.646651
6365bd5d7ecc4fd58f5fdf95d5a1a640,1,802,1790127234628396099,1790127234734215288,1790127234734769583,1790127233467813400,610451343000000,37.351089,62.0,0,59.60435800079722,0.550295,8448,-1160.582699,round_trip_estimate,1274.4211235,113.83842449999997,7.4649405000000115,0.430203,2637.499768
6365bd5d7ecc4fd58f5fdf95d5a1a640,1,804,1790127234726837711,1790127234799101469,1790127234799657431,1790127233529737700,610451406000000,98.441612,63.0,1,59.23065499518998,0.551332,8440,-1197.100011,round_trip_estimate,1274.4211235,77.32111250000003,4.501392500000065,0.430203,2702.387227
6365bd5d7ecc4fd58f5fdf95d5a1a640,1,805,1790127234790807246,1790127234878430861,1790127234878991749,1790127233619697000,610451500000000,63.969535,94.0,0,76.68754601036198,0.555906,8455,-1171.110246,round_trip_estimate,1274.4211235,103.31087750000006,15.12637450000011,0.430203,2781.721822
6365bd5d7ecc4fd58f5fdf95d5a1a640,1,807,1790127234890745891,1790127234968506323,1790127234969061526,1790127233697781500,610451578000000,99.938645,78.0,1,76.7828969983384,0.550833,8429,-1192.964391,round_trip_estimate,1274.4211235,81.45673250000004,3.1410975000001145,0.430203,2871.791081
6365bd5d7ecc4fd58f5fdf95d5a1a640,1,808,1790127234926944150,1790127235048500954,1790127235049058101,1790127233776903300,610451656000000,36.198259,78.0,0,77.62869200087152,0.553314,8423,-1150.04085,round_trip_estimate,1274.4211235,124.38027349999993,2.266322500000115,0.430203,2951.787916
6365bd5d7ecc4fd58f5fdf95d5a1a640,1,810,1790127235027116054,1790127235127537754,1790127235128089753,1790127233870774300,610451750000000,100.171904,94.0,1,76.64687900978606,0.548425,8412,-1156.341754,round_trip_estimate,1274.4211235,118.07936949999998,17.105670500000087,0.430203,3030.819438
6365bd5d7ecc4fd58f5fdf95d5a1a640,1,812,1790127235126776904,1790127235220195952,1790127235220751210,1790127233953275200,610451828000000,99.66085,78.0,1,77.50878400111105,0.550869,8339,-1173.501704,round_trip_estimate,1274.4211235,100.9194195,6.945113499999934,0.430203,3123.480691
6365bd5d7ecc4fd58f5fdf95d5a1a640,1,813,1790127235194549431,1790127235302140857,1790127235302694856,1790127234042580400,610451921000000,67.772527,93.0,0,76.95045199943706,0.549684,8373,-1151.969031,round_trip_estimate,1274.4211235,122.45209249999994,14.306667500000003,0.430203,3205.424689
6365bd5d7ecc4fd58f5fdf95d5a1a640,1,815,1790127235290746085,1790127235392290598,1790127235392840782,1790127234120395700,610452000000000,96.196654,79.0,1,77.7748770051403,0.545462,8281,-1170.350385,round_trip_estimate,1274.4211235,104.07073850000006,1.9760415000000648,0.430203,3295.570633
6365bd5d7ecc4fd58f5fdf95d5a1a640,1,817,1790127235390812008,1790127235501040744,1790127235501594854,1790127234234629400,610452109000000,100.065923,109.0,1,106.24841100070626,0.549666,8278,-1156.182608,round_trip_estimate,1274.4211235,118.23851549999995,7.455669500000113,0.430203,3404.324353
6365bd5d7ecc4fd58f5fdf95d5a1a640,1,819,1790127235490798135,1790127235612734125,1790127235613287642,1790127234339038000,610452218000000,99.986127,109.0,1,105.66218900203239,0.549313,8212,-1151.760135,round_trip_estimate,1274.4211235,122.66098850000003,0.17148150000002715,0.430203,3516.017419
6365bd5d7ecc4fd58f5fdf95d5a1a640,1,821,1790127235591170336,1790127235695933268,1790127235696483600,1790127234431949200,610452312000000,100.372201,94.0,1,80.84190799854696,0.546536,8216,-1159.221136,round_trip_estimate,1274.4211235,115.19998750000013,9.886723500000016,0.430203,3599.213655
6365bd5d7ecc4fd58f5fdf95d5a1a640,1,823,1790127235690812167,1790127235809277886,1790127235809830922,1790127234541492800,610452421000000,99.641831,109.0,1,105.16413499135524,0.548943,8101,-1149.319367,round_trip_estimate,1274.4211235,125.10175649999996,6.083001499999909,0.430203,3712.560829
6365bd5d7ecc4fd58f5fdf95d5a1a640,1,825,1790127235790989664,1790127235890151997,1790127235890704052,1790127234635184200,610452515000000,100.177497,94.0,1,76.57117600319907,0.547759,8042,-1155.805464,round_trip_estimate,1274.4211235,118.61565949999999,18.90127150000012,0.430203,3793.433995
6365bd5d7ecc4fd58f5fdf95d5a1a640,1,827,1790127235894779414,1790127235952885516,1790127235953500348,1790127234698291800,610452578000000,103.78975,63.0,1,45.73805400286801,0.606758,7986,-1196.487614,round_trip_estimate,1274.4211235,77.93350950000013,19.212575499999957,0.430203,3856.231736
6365bd5d7ecc4fd58f5fdf95d5a1a640,1,828,1790127235958857504,1790127236015771034,1790127236016360237,1790127234759836500,610452640000000,64.07809,62.0,0,45.60897999908775,0.58311,7907,-1199.021004,round_trip_estimate,1274.4211235,75.40011950000007,17.89738650000004,0.430203,3919.092088
6365bd5d7ecc4fd58f5fdf95d5a1a640,1,829,1790127236026868567,1790127236108141826,1790127236108689102,1790127234824246200,610452703000000,68.011063,63.0,0,76.44693600013852,0.542924,7855,-1202.622367,round_trip_estimate,1274.4211235,71.79875650000008,-10.021778499999982,0.430203,4011.419213
6365bd5d7ecc4fd58f5fdf95d5a1a640,1,830,1790127236094899464,1790127236155641043,1790127236156239319,1790127234898540200,610452781000000,68.030897,78.0,0,45.54253599781077,0.591554,7861,-1196.359264,round_trip_estimate,1274.4211235,78.06185950000008,16.722004499999912,0.430203,4058.970615
6365bd5d7ecc4fd58f5fdf95d5a1a640,1,831,1790127236158857999,1790127236247056688,1790127236247611705,1790127234974821700,610452859000000,63.958535,78.0,0,76.64261999889277,0.549924,7875,-1184.036299,round_trip_estimate,1274.4211235,90.38482449999992,1.6311184999999568,0.430203,4150.34189
6365bd5d7ecc4fd58f5fdf95d5a1a640,1,832,1790127236195322572,1790127236295231885,1790127236296207476,1790127235037881800,610452921000000,36.464573,62.0,0,46.10842299007345,0.966443,7862,-1157.440772,round_trip_estimate,1274.4211235,116.9803515000001,16.09544750000009,0.430203,4198.941271
6365bd5d7ecc4fd58f5fdf95d5a1a640,1,834,1790127236295859180,1790127236386930233,1790127236387480195,1790127235116619800,610453000000000,100.536608,79.0,1,77.05609999538865,0.545351,7819,-1179.23938,round_trip_estimate,1274.4211235,95.18174350000004,3.5607285000000957,0.430203,4290.21038
6365bd5d7ecc4fd58f5fdf95d5a1a640,1,835,1790127236358943680,1790127236465620572,1790127236466183459,1790127235197435600,610453078000000,63.0845,78.0,0,76.63384299667086,0.558295,7846,-1161.50808,round_trip_estimate,1274.4211235,112.91304349999996,5.673264499999959,0.430203,4368.914014
6365bd5d7ecc4fd58f5fdf95d5a1a640,1,837,1790127236459045826,1790127236516021727,1790127236516602078,1790127235247481100,610453125000000,100.102146,47.0,1,46.68818200298119,0.573869,7854,-1211.564726,round_trip_estimate,1274.4211235,62.85639749999996,5.300145500000099,0.430203,4419.33317
6365bd5d7ecc4fd58f5fdf95d5a1a640,1,838,1790127236495139974,1790127236602098624,1790127236602639289,1790127235331454600,610453218000000,36.094148,93.0,0,80.59572300408036,0.53661,7836,-1163.685374,round_trip_estimate,1274.4211235,110.73574950000011,3.2364345000000867,0.430203,4505.369622
6365bd5d7ecc4fd58f5fdf95d5a1a640,1,840,1790127236594993157,1790127236681347387,1790127236681907830,1790127235411589500,610453296000000,99.853183,78.0,1,76.38908301305491,0.555851,7830,-1183.403657,round_trip_estimate,1274.4211235,91.01746649999995,4.102793499999962,0.430203,4584.637903
6365bd5d7ecc4fd58f5fdf95d5a1a640,1,841,1790127236659404136,1790127236760179465,1790127236760720112,1790127235496454800,610453375000000,64.410979,79.0,0,76.84767599857878,0.536443,7818,-1162.949336,round_trip_estimate,1274.4211235,111.47178750000012,10.155811500000027,0.430203,4663.450241
6365bd5d7ecc4fd58f5fdf95d5a1a640,1,843,1790127236758841024,1790127236845505493,1790127236846072714,1790127235573843700,610453453000000,99.436888,78.0,1,77.19885899859946,0.562721,7812,-1184.997324,round_trip_estimate,1274.4211235,89.42379950000009,2.192109500000015,0.430203,4748.803214
6365bd5d7ecc4fd58f5fdf95d5a1a640,1,844,1790127236795200152,1790127236931512724,1790127236932058630,1790127235651620900,610453531000000,36.359128,78.0,0,83.94380800018553,0.541647,7798,-1143.579252,round_trip_estimate,1274.4211235,130.84187150000002,-6.01660650000008,0.430203,4834.788963
6365bd5d7ecc4fd58f5fdf95d5a1a640,1,846,1790127236894849577,1790127237010001729,1790127237010548691,1790127235744144400,610453625000000,99.649425,94.0,1,76.40900900878478,0.542721,7793,-1150.705177,round_trip_estimate,1274.4211235,123.71594649999997,8.016832499999964,0.430203,4913.27856
6365bd5d7ecc4fd58f5fdf95d5a1a640,1,848,1790127236994954334,1790127237092462115,1790127237093005484,1790127235823271200,610453703000000,100.104757,78.0,1,76.38812100049108,0.539517,7795,-1171.683134,round_trip_estimate,1274.4211235,102.73798949999991,4.686839500000133,0.430203,4995.736002
6365bd5d7ecc4fd58f5fdf95d5a1a640,1,849,1790127237058898165,1790127237171585119,1790127237172132655,1790127235901605400,610453781000000,63.943831,78.0,0,76.36910199653357,0.543647,7790,-1157.292765,round_trip_estimate,1274.4211235,117.1283585000001,3.8938685000000532,0.430203,5074.862802
6365bd5d7ecc4fd58f5fdf95d5a1a640,1,851,1790127237158967423,1790127237262980413,1790127237263688596,1790127236006914700,610453890000000,100.069258,109.0,1,89.42942701105494,0.702647,7729,-1152.052723,round_trip_estimate,1274.4211235,122.3684005,17.6472275000001,0.430203,5166.419059
6365bd5d7ecc4fd58f5fdf95d5a1a640,1,853,1790127237258911976,1790127237357328033,1790127237357877292,1790127236100230000,610453984000000,99.944553,94.0,1,78.45802399970125,0.545258,7712,-1158.681976,round_trip_estimate,1274.4211235,115.73914749999994,16.773831499999915,0.430203,5260.607235
6365bd5d7ecc4fd58f5fdf95d5a1a640,1,855,1790127237358859586,1790127237452395301,1790127237452944744,1790127236182797800,610454062000000,99.94761,78.0,1,80.13427999685518,0.544925,7741,-1176.061786,round_trip_estimate,1274.4211235,98.35933750000004,4.274179499999946,0.430203,5355.675021
6365bd5d7ecc4fd58f5fdf95d5a1a640,1,856,1790127237398374708,1790127237531162232,1790127237531714471,1790127236261596500,610454140000000,39.515122,78.0,0,76.4366760122357,0.547702,7716,-1136.778208,round_trip_estimate,1274.4211235,137.64291550000007,4.303152500000124,0.430203,5434.444526
6365bd5d7ecc4fd58f5fdf95d5a1a640,1,858,1790127237495192083,1790127237579124467,1790127237579701984,1790127236323008700,610454203000000,96.817375,63.0,1,45.71790598856751,0.571702,7838,-1172.183383,round_trip_estimate,1274.4211235,102.23774049999997,17.727839500000073,0.430203,5482.434057
6365bd5d7ecc4fd58f5fdf95d5a1a640,1,859,1790127237559370229,1790127237640788877,1790127237641385839,1790127236386454800,610454265000000,64.178146,62.0,0,45.579961995827034,0.590406,7891,-1172.915429,round_trip_estimate,1274.4211235,101.50569450000012,19.490084499999966,0.430203,5544.117245
6365bd5d7ecc4fd58f5fdf95d5a1a640,1,860,1790127237595018323,1790127237706051335,1790127237706642464,1790127236447411000,610454328000000,35.648094,63.0,0,47.658901996328495,0.583351,7886,-1147.607323,round_trip_estimate,1274.4211235,126.81380050000007,15.189659500000062,0.430203,5609.378741
6365bd5d7ecc4fd58f5fdf95d5a1a640,1,861,1790127237666591268,1790127237765643583,1790127237766271878,1790127236497373000,610454375000000,71.572945,47.0,0,46.15268300403841,0.621443,7900,-1169.218268,round_trip_estimate,1274.4211235,105.20285549999994,5.522245500000054,0.430203,5669.004174
6365bd5d7ecc4fd58f5fdf95d5a1a640,1,862,1790127237727492643,1790127237815212352,1790127237815805776,1790127236557384200,610454437000000,60.901375,62.0,0,45.91131300549023,0.586702,7800,-1170.108443,round_trip_estimate,1274.4211235,104.31268049999994,15.999547500000062,0.430203,5718.536461
6365bd5d7ecc4fd58f5fdf95d5a1a640,1,863,1790127237795082078,1790127237905731999,1790127237906295387,1790127236650321300,610454531000000,67.589435,94.0,0,76.33625098969787,0.558943,7767,-1144.760778,round_trip_estimate,1274.4211235,129.66034549999995,18.447036499999967,0.430203,5809.02546
6365bd5d7ecc4fd58f5fdf95d5a1a640,1,864,1790127237863092198,1790127237999315899,1790127237999853491,1790127236729450700,610454609000000,68.01012,78.0,0,77.1282119967509,0.533629,7733,-1133.641498,round_trip_estimate,1274.4211235,140.77962550000007,4.018332500000042,0.430203,5902.583564
6365bd5d7ecc4fd58f5fdf95d5a1a640,1,866,1790127237994903464,1790127238078314015,1790127238078855384,1790127236821623500,610454703000000,131.811266,94.0,1,76.9569709955249,0.537184,7723,-1173.279964,round_trip_estimate,1274.4211235,101.14115949999996,17.189239499999985,0.430203,5981.58555
6365bd5d7ecc4fd58f5fdf95d5a1a640,1,867,1790127238062974028,1790127238170614029,1790127238171155047,1790127236901827700,610454781000000,68.070564,78.0,0,77.11880499846302,0.53698,7775,-1161.146328,round_trip_estimate,1274.4211235,113.27479549999998,5.093776500000104,0.430203,6073.88499
6365bd5d7ecc4fd58f5fdf95d5a1a640,1,869,1790127238166179038,1790127238250316810,1790127238250863513,1790127236976632200,610454859000000,103.20501,78.0,1,76.41584301018156,0.542314,7707,-1189.546838,round_trip_estimate,1274.4211235,84.87428550000004,0.18981050000002142,0.430203,6153.593493
6365bd5d7ecc4fd58f5fdf95d5a1a640,1,870,1790127238226974099,1790127238329068945,1790127238329614536,1790127237071842200,610454953000000,60.795061,94.0,0,76.75460199243389,0.541629,7705,-1155.131899,round_trip_estimate,1274.4211235,119.28922450000005,16.648787500000026,0.430203,6232.344332
6365bd5d7ecc4fd58f5fdf95d5a1a640,1,872,1790127238326901542,1790127238420269276,1790127238420818608,1790127237151126800,610455031000000,99.927443,78.0,1,76.43528799235355,0.544758,7723,-1175.774742,round_trip_estimate,1274.4211235,98.64638149999996,4.729315499999984,0.430203,6323.548608
6365bd5d7ecc4fd58f5fdf95d5a1a640,1,873,1790127238363408300,1790127238499583169,1790127238500130242,1790127237236369500,610455125000000,36.506758,94.0,0,76.53208400006406,0.542518,7725,-1127.0388,round_trip_estimate,1274.4211235,147.38232349999998,10.660381500000085,0.430203,6402.860408
6365bd5d7ecc4fd58f5fdf95d5a1a640,1,875,1790127238462921540,1790127238586312843,1790127238586859508,1790127237310769600,610455187000000,99.51324,62.0,1,76.89519399718847,0.54248,7705,-1152.15194,round_trip_estimate,1274.4211235,122.26918350000005,-1.6687844999999015,0.430203,6489.589378
6365bd5d7ecc4fd58f5fdf95d5a1a640,1,877,1790127238563000094,1790127238634067819,1790127238634650170,1790127237363406200,610455250000000,100.078554,63.0,1,45.7505910017062,0.576832,7874,-1199.593894,round_trip_estimate,1274.4211235,74.82722949999993,3.1771535000000313,0.430203,6537.382058
6365bd5d7ecc4fd58f5fdf95d5a1a640,1,878,1790127238627119963,1790127238686199767,1790127238686785766,1790127237401452900,610455281000000,64.119869,31.0,0,49.90241599443834,0.579851,7975,-1225.667063,round_trip_estimate,1274.4211235,48.75406049999992,-10.911742499999946,0.430203,6589.516691
6365bd5d7ecc4fd58f5fdf95d5a1a640,1,879,1790127238666330845,1790127238734276910,1790127238734870760,1790127237466406000,610455343000000,39.210882,62.0,0,45.89212800783571,0.587387,7884,-1199.924845,round_trip_estimate,1274.4211235,74.49627850000002,5.956363499999952,0.430203,6637.602519
6365bd5d7ecc4fd58f5fdf95d5a1a640,1,880,1790127238727106758,1790127238784192548,1790127238784780121,1790127237526898700,610455406000000,60.775913,63.0,0,45.912683999631554,0.581555,7953,-1200.208058,round_trip_estimate,1274.4211235,74.21306550000008,16.539702499999976,0.430203,6687.511231
6365bd5d7ecc4fd58f5fdf95d5a1a640,1,881,1790127238763320461,1790127238844863886,1790127238845448274,1790127237581738500,610455468000000,36.213703,62.0,0,45.98477600666229,0.579684,8038,-1181.581961,round_trip_estimate,1274.4211235,92.83916249999993,10.711349500000097,0.430203,6748.17957
6365bd5d7ecc4fd58f5fdf95d5a1a640,1,882,1790127238827350200,1790127238903241526,1790127238903832136,1790127237635103700,610455515000000,64.029739,47.0,0,47.913197995512746,0.584795,8055,-1192.2465,round_trip_estimate,1274.4211235,82.17462350000005,5.69268749999992,0.430203,6806.564709
6365bd5d7ecc4fd58f5fdf95d5a1a640,1,883,1790127238866432379,1790127238953603552,1790127238954200625,1790127237684063500,610455562000000,39.082179,47.0,0,46.49088600126561,0.590998,8039,-1182.368879,round_trip_estimate,1274.4211235,92.05224449999992,4.2839985000000524,0.430203,6856.932235
6365bd5d7ecc4fd58f5fdf95d5a1a640,1,884,1790127238927271310,1790127239033083000,1790127239033632721,1790127237767635500,610455656000000,60.838931,94.0,0,76.88126800348982,0.545499,7984,-1159.63581,round_trip_estimate,1274.4211235,114.78531350000003,8.42390249999994,0.430203,6936.362572
6365bd5d7ecc4fd58f5fdf95d5a1a640,1,886,1790127239026936105,1790127239116901032,1790127239117451012,1790127237854200000,610455734000000,99.664795,78.0,1,76.5663429920096,0.545628,7840,-1172.736105,round_trip_estimate,1274.4211235,101.68501850000007,11.170111500000075,0.430203,7020.181067
6365bd5d7ecc4fd58f5fdf95d5a1a640,1,887,1790127239063159531,1790127239202661967,1790127239203213614,1790127237936304700,610455812000000,36.223426,78.0,0,76.56156600569375,0.547351,7833,-1126.854831,round_trip_estimate,1274.4211235,147.56629249999992,7.512209499999926,0.430203,7105.943206
6365bd5d7ecc4fd58f5fdf95d5a1a640,1,889,1790127239163074252,1790127239286187167,1790127239286737703,1790127238026987100,610455906000000,99.914721,94.0,1,77.95491498836782,0.546962,7954,-1136.087152,round_trip_estimate,1274.4211235,138.33397149999996,14.670520500000066,0.430203,7189.467702
6365bd5d7ecc4fd58f5fdf95d5a1a640,1,891,1790127239263277306,1790127239404463184,1790127239405016220,1790127238135328600,610456015000000,100.203054,109.0,1,105.4183579981327,0.548888,8158,-1127.948706,round_trip_estimate,1274.4211235,146.47241750000012,4.733503500000097,0.430203,7307.746071
6365bd5d7ecc4fd58f5fdf95d5a1a640,1,893,1790127239362995120,1790127239513237201,1790127239513793330,1790127238246069200,610456125000000,99.717814,110.0,1,105.95481999916956,0.551943,8585,-1116.92592,round_trip_estimate,1274.4211235,157.49520350000012,6.696993499999962,0.430203,7416.523181
6365bd5d7ecc4fd58f5fdf95d5a1a640,1,895,1790127239463275582,1790127239594970219,1790127239595579996,1790127238328818400,610456203000000,100.280462,78.0,1,76.71834299981128,0.605055,8832,-1134.457182,round_trip_estimate,1274.4211235,139.96394149999992,7.659527499999967,0.430203,7498.310125
6365bd5d7ecc4fd58f5fdf95d5a1a640,1,897,1790127239595064737,1790127239646482540,1790127239647082483,1790127238376753100,610456265000000,131.789155,62.0,1,45.436963002430275,0.594777,8894,-1218.311637,round_trip_estimate,1274.4211235,56.1094865,4.091740500000014,0.430203,7549.81413
6365bd5d7ecc4fd58f5fdf95d5a1a640,1,898,1790127239663015080,1790127239709309355,1790127239709929410,1790127238437463800,610456312000000,67.950343,47.0,0,46.00216500693932,0.614036,8916,-1225.55128,round_trip_estimate,1274.4211235,48.869843500000115,1.9555135000000519,0.430203,7612.660798
6365bd5d7ecc4fd58f5fdf95d5a1a640,1,899,1790127239730955329,1790127239776801773,1790127239777403216,1790127238506208400,610456390000000,67.940249,78.0,0,45.57646199828014,0.595332,8833,-1224.746929,round_trip_estimate,1274.4211235,49.67419450000011,3.2263075000000754,0.430203,7680.134789
6365bd5d7ecc4fd58f5fdf95d5a1a640,1,900,1790127239794949772,1790127239841193307,1790127239841787399,1790127238571272400,610456453000000,63.994443,63.0,0,45.98255400196649,0.586036,8799,-1223.677372,round_trip_estimate,1274.4211235,50.74375149999992,3.9061245000000326,0.430203,7744.519176
6365bd5d7ecc4fd58f5fdf95d5a1a640,1,901,1790127239831344809,1790127239890982372,1790127239891574778,1790127238621617200,610456500000000,36.395037,47.0,0,47.57630999665707,0.586203,8708,-1209.727609,round_trip_estimate,1274.4211235,64.69351449999999,4.463545500000009,0.430203,7794.305203
6365bd5d7ecc4fd58f5fdf95d5a1a640,1,902,1790127239895002104,1790127239943350728,1790127239943948893,1790127238673529200,610456562000000,63.657295,62.0,0,48.0902350100223,0.591739,8607,-1221.472904,round_trip_estimate,1274.4211235,52.94821950000005,4.0014304999999695,0.430203,7846.679689
6365bd5d7ecc4fd58f5fdf95d5a1a640,1,903,1790127239934275968,1790127239991264981,1790127239991857702,1790127238720463400,610456609000000,39.273864,47.0,0,45.558703001006506,0.586499,8569,-1213.812568,round_trip_estimate,1274.4211235,60.608555499999966,3.0268215000000964,0.430203,7894.589405
6365bd5d7ecc4fd58f5fdf95d5a1a640,1,904,1790127239994987751,1790127240043461171,1790127240044059244,1790127238777722500,610456656000000,60.711783,47.0,0,48.19227199186571,0.591758,8524,-1217.265251,round_trip_estimate,1274.4211235,57.15587249999999,8.084379500000068,0.430203,7946.790391
6365bd5d7ecc4fd58f5fdf95d5a1a640,1,905,1790127240034278504,1790127240095629860,1790127240096219766,1790127238839057500,610456718000000,39.290753,62.0,0,45.888349995948374,0.583592,8452,-1195.221004,round_trip_estimate,1274.4211235,79.20011950000003,17.258857499999976,0.430203,7998.950118
6365bd5d7ecc4fd58f5fdf95d5a1a640,1,906,1790127240095159620,1790127240188213134,1790127240188771188,1790127238918498800,610456796000000,60.881116,78.0,0,77.06843499909155,0.553573,8374,-1176.66082,round_trip_estimate,1274.4211235,97.76030349999996,4.14873549999993,0.430203,8091.501465
6365bd5d7ecc4fd58f5fdf95d5a1a640,1,907,1790127240131224213,1790127240236190425,1790127240236789905,1790127238977834200,610456859000000,36.064593,63.0,0,45.71929499797989,0.591832,8246,-1153.390013,round_trip_estimate,1274.4211235,121.03111050000007,15.465418499999942,0.430203,8139.520774
6365bd5d7ecc4fd58f5fdf95d5a1a640,1,909,1790127240230896139,1790127240295665673,1790127240296255487,1790127239025297300,610456906000000,99.671926,47.0,1,45.79560999991372,0.58398,8204,-1205.598839,round_trip_estimate,1274.4211235,68.82228450000002,3.462936500000069,0.430203,8198.986616
6365bd5d7ecc4fd58f5fdf95d5a1a640,1,910,1790127240295166711,1790127240343913537,1790127240344511296,1790127239073493100,610456953000000,64.270572,47.0,0,45.977628004038706,0.589981,8170,-1221.673611,round_trip_estimate,1274.4211235,52.747512500000084,3.4029275000000325,0.430203,8247.242591
6365bd5d7ecc4fd58f5fdf95d5a1a640,1,911,1790127240331207452,1790127240395485302,1790127240396091542,1790127239137167800,610457015000000,36.040741,62.0,0,45.86410999763757,0.598277,8213,-1194.039652,round_trip_estimate,1274.4211235,80.38147150000009,15.497381500000074,0.430203,8298.821837
6365bd5d7ecc4fd58f5fdf95d5a1a640,1,912,1790127240395105248,1790127240455902401,1790127240456512233,1790127239192217400,610457078000000,63.897796,63.0,0,46.7473299941048,0.602406,8151,-1202.887848,round_trip_estimate,1274.4211235,71.53327549999995,10.126290500000096,0.430203,8359.243232
6365bd5d7ecc4fd58f5fdf95d5a1a640,1,913,1790127240434459019,1790127240510508919,1790127240511124806,1790127239260408900,610457140000000,39.353771,62.0,0,46.05873899708968,0.610018,8215,-1174.050119,round_trip_estimate,1274.4211235,100.37100450000003,23.705217500000117,0.430203,8413.856084
6365bd5d7ecc4fd58f5fdf95d5a1a640,1,915,1790127240530955470,1790127240578439669,1790127240579035038,1790127239307528800,610457187000000,96.496451,47.0,1,45.38677701202687,0.588147,8262,-1223.42667,round_trip_estimate,1274.4211235,50.99445349999996,2.914885500000082,0.430203,8481.7665
6365bd5d7ecc4fd58f5fdf95d5a1a640,1,916,1790127240594992357,1790127240641158355,1790127240641743539,1790127239370362900,610457250000000,64.036887,63.0,0,45.89699799544178,0.579684,8208,-1224.629457,round_trip_estimate,1274.4211235,49.79166650000002,3.0404845000000478,0.430203,8544.475002
6365bd5d7ecc4fd58f5fdf95d5a1a640,1,917,1790127240631086746,1790127240688976294,1790127240689569127,1790127239417662600,610457296000000,36.094389,46.0,0,45.58344400720671,0.586591,8159,-1213.424146,round_trip_estimate,1274.4211235,60.99697749999996,2.514596499999925,0.430203,8592.300385
6365bd5d7ecc4fd58f5fdf95d5a1a640,1,918,1790127240695006875,1790127240743302943,1790127240743904404,1790127239463493100,610457343000000,63.920129,47.0,0,48.01217999192886,0.595036,8239,-1231.513775,round_trip_estimate,1274.4211235,42.907348500000126,-5.990180499999951,0.430203,8646.635755
6365bd5d7ecc4fd58f5fdf95d5a1a640,1,919,1790127240734278276,1790127240791017789,1790127240791628399,1790127239520465500,610457406000000,39.271401,63.0,0,45.50207300053444,0.604535,8207,-1213.812776,round_trip_estimate,1274.4211235,60.608347500000036,3.2582245000000967,0.430203,8694.359825
6365bd5d7ecc4fd58f5fdf95d5a1a640,1,920,1790127240795007837,1790127240841179316,1790127240841780000,1790127239571178800,610457453000000,60.729561,47.0,0,45.894258000771515,0.593851,8239,-1223.829037,round_trip_estimate,1274.4211235,50.59208650000005,3.819923499999959,0.430203,8744.511148
6365bd5d7ecc4fd58f5fdf95d5a1a640,1,921,1790127240831107078,1790127240892455971,1790127240893041840,1790127239640235400,610457515000000,36.099241,62.0,0,48.943066998617724,0.580092,8246,-1190.871678,round_trip_estimate,1274.4211235,83.54944550000005,21.614683499999956,0.430203,8795.773395
6365bd5d7ecc4fd58f5fdf95d5a1a640,1,922,1790127240895081058,1790127240960357258,1790127240960956997,1790127239682844700,610457562000000,63.97398,47.0,0,47.58110598777421,0.593517,8284,-1212.236358,round_trip_estimate,1274.4211235,62.18476549999991,-3.691173499999877,0.430203,8863.688219
6365bd5d7ecc4fd58f5fdf95d5a1a640,1,923,1790127240934240885,1790127241008786640,1790127241009376435,1790127239738655700,610457625000000,39.159827,63.0,0,46.14268300065305,0.584295,8304,-1195.585185,round_trip_estimate,1274.4211235,78.83593850000011,3.7003884999999173,0.430203,8912.107583
6365bd5d7ecc4fd58f5fdf95d5a1a640,1,924,1790127240995314242,1790127241059068241,1790127241059657388,1790127239778720000,610457656000000,61.073357,31.0,0,47.94617999868933,0.583295,8324,-1216.594242,round_trip_estimate,1274.4211235,57.82688150000013,-6.516264500000034,0.430203,8962.388665
6365bd5d7ecc4fd58f5fdf95d5a1a640,1,925,1790127241034250236,1790127241111593652,1790127241112179725,1790127239842211500,610457718000000,38.935994,62.0,0,46.06335100834258,0.580703,8344,-1192.038736,round_trip_estimate,1274.4211235,82.38238750000005,4.452898499999947,0.430203,9014.911002
6365bd5d7ecc4fd58f5fdf95d5a1a640,1,926,1790127241095324426,1790127241160621219,1790127241161219995,1790127239890489500,610457765000000,61.07419,47.0,0,46.24949800199829,0.59087,8334,-1204.834926,round_trip_estimate,1274.4211235,69.58619750000003,3.6906285000000025,0.430203,9063.950569
6365bd5d7ecc4fd58f5fdf95d5a1a640,1,927,1790127241131459038,1790127241208977453,1790127241209560471,1790127239939178900,610457828000000,36.134612,63.0,0,46.15075798938051,0.575647,8297,-1192.280138,round_trip_estimate,1274.4211235,82.14098549999994,4.039552500000127,0.430203,9112.292044
6365bd5d7ecc4fd58f5fdf95d5a1a640,1,928,1790127241195362352,1790127241257475095,1790127241258107816,1790127239993061400,610457875000000,63.903314,47.0,0,46.0776830004761,0.626388,8313,-1202.300952,round_trip_estimate,1274.4211235,72.12017149999997,9.374707500000113,0.430203,9160.839964
6365bd5d7ecc4fd58f5fdf95d5a1a640,1,929,1790127241231238223,1790127241312380279,1790127241312951611,1790127240042250800,610457921000000,35.875871,46.0,0,45.80688799615018,0.566702,8291,-1188.987423,round_trip_estimate,1274.4211235,85.43370049999999,3.720312500000091,0.430203,9215.681592
6365bd5d7ecc4fd58f5fdf95d5a1a640,1,930,1790127241299338787,1790127241360145089,1790127241360748643,1790127240090298900,610457968000000,68.100564,47.0,0,45.56190699804574,0.595999,8279,-1209.039887,round_trip_estimate,1274.4211235,65.38123650000011,3.971380500000123,0.430203,9263.480013
6365bd5d7ecc4fd58f5fdf95d5a1a640,1,931,1790127241363096750,1790127241409310489,1790127241409937284,1790127240135500700,610458015000000,63.757963,47.0,0,45.88438800419681,0.619981,8292,-1227.59605,round_trip_estimate,1274.4211235,46.82507349999992,-0.015460500000017419,0.430203,9312.669153
6365bd5d7ecc4fd58f5fdf95d5a1a640,1,932,1790127241431021926,1790127241477037128,1790127241477626349,1790127240206851600,610458093000000,67.925176,78.0,0,45.758202992146835,0.583795,8246,-1224.170326,round_trip_estimate,1274.4211235,50.25079750000009,3.6463745000000927,0.430203,9380.358071
6365bd5d7ecc4fd58f5fdf95d5a1a640,1,933,1790127241499249583,1790127241545090526,1790127241545685395,1790127240261045500,610458140000000,68.227657,47.0,0,45.582926002680324,0.58898,8213,-1238.204083,round_trip_estimate,1274.4211235,36.21704049999994,-10.218771500000003,0.430203,9448.417006
6365bd5d7ecc4fd58f5fdf95d5a1a640,1,934,1790127241563038545,1790127241609044710,1790127241609643283,1790127240354080100,610458234000000,63.788962,94.0,0,45.735424995655194,0.592628,8224,-1208.958445,round_trip_estimate,1274.4211235,65.46267850000004,18.85794050000004,0.430203,9512.375023
6365bd5d7ecc4fd58f5fdf95d5a1a640,1,935,1790127241631036591,1790127241677131516,1790127241677716440,1790127240402064500,610458281000000,67.998046,47.0,0,45.832980002160184,0.577629,8215,-1228.972091,round_trip_estimate,1274.4211235,45.44903249999993,-1.2308164999999462,0.430203,9580.448032
6365bd5d7ecc4fd58f5fdf95d5a1a640,1,936,1790127241699043119,1790127241745156266,1790127241745743357,1790127240479531900,610458359000000,68.006528,78.0,0,45.839222002541646,0.581239,8243,-1219.511219,round_trip_estimate,1274.4211235,54.90990450000004,8.209666499999912,0.430203,9648.47519
6365bd5d7ecc4fd58f5fdf95d5a1a640,1,937,1790127241763025544,1790127241809101246,1790127241809694300,1790127240542753700,610458421000000,63.982425,62.0,0,45.81059199699666,0.586776,8287,-1220.271844,round_trip_estimate,1274.4211235,54.14927949999992,7.480523500000118,0.430203,9712.425281
6365bd5d7ecc4fd58f5fdf95d5a1a640,1,938,1790127241799180248,1790127241860620882,1790127241861237251,1790127240589841000,610458468000000,36.154704,47.0,0,45.77570299443323,0.609351,8283,-1209.339248,round_trip_estimate,1274.4211235,65.08187550000002,3.0248725000001286,0.430203,9763.968639
6365bd5d7ecc4fd58f5fdf95d5a1a640,1,939,1790127241863129543,1790127241917937153,1790127241918531856,1790127240653497200,610458531000000,63.949295,63.0,0,45.843369007343426,0.587832,8280,-1209.632343,round_trip_estimate,1274.4211235,64.78878050000003,9.38646749999998,0.430203,9821.263837
6365bd5d7ecc4fd58f5fdf95d5a1a640,1,940,1790127241899419358,1790127241971482877,1790127241972068358,1790127240698069200,610458578000000,36.289815,47.0,0,45.81966499972623,0.579795,8262,-1201.350158,round_trip_estimate,1274.4211235,73.07096550000006,0.42196549999994204,0.430203,9874.800042
6365bd5d7ecc4fd58f5fdf95d5a1a640,1,941,1790127241963153950,1790127242022199496,1790127242022789902,1790127240764980200,610458640000000,63.734592,62.0,0,45.977165005751885,0.584609,8279,-1198.17375,round_trip_estimate,1274.4211235,76.2473735000001,16.611421500000006,0.430203,9925.521494
6365bd5d7ecc4fd58f5fdf95d5a1a640,1,942,1790127241999407209,1790127242082851946,1790127242083459334,1790127240807973900,610458687000000,36.253259,47.0,0,45.95227699610405,0.599592,8282,-1191.433309,round_trip_estimate,1274.4211235,82.98781450000001,-1.0643104999999196,0.430203,9986.190537
6365bd5d7ecc4fd58f5fdf95d5a1a640,1,943,1790127242063430023,1790127242134292915,1790127242134880766,1790127240855718200,610458734000000,64.022814,47.0,0,46.10194299311843,0.582517,8369,-1207.711823,round_trip_estimate,1274.4211235,66.70930049999993,-4.741442499999948,0.430203,10037.612414
6365bd5d7ecc4fd58f5fdf95d5a1a640,1,944,1790127242099538227,1790127242182653558,1790127242183240464,1790127240901719100,610458781000000,36.108204,47.0,0,46.11359200498555,0.580795,8365,-1197.819127,round_trip_estimate,1274.4211235,76.60199650000004,-7.100240499999927,0.430203,10085.972185
6365bd5d7ecc4fd58f5fdf95d5a1a640,1,945,1790127242163438967,1790127242234417637,1790127242235007414,1790127240965235300,610458843000000,63.90074,62.0,0,49.48576900642365,0.583536,8338,-1198.203667,round_trip_estimate,1274.4211235,76.21745650000003,4.64900949999992,0.430203,10137.739117
6365bd5d7ecc4fd58f5fdf95d5a1a640,1,946,1790127242202396869,1790127242283256982,1790127242283859314,1790127241010540000,610458890000000,38.957902,47.0,0,45.901721008704044,0.595277,8326,-1191.856869,round_trip_estimate,1274.4211235,82.56425450000006,1.1018094999999448,0.430203,10186.590647
6365bd5d7ecc4fd58f5fdf95d5a1a640,1,947,1790127242263470504,1790127242352142767,1790127242352934173,1790127241088050100,610458968000000,61.073635,78.0,0,55.91147899394855,0.785406,8291,-1175.420404,round_trip_estimate,1274.4211235,99.00071950000006,9.537050500000078,0.430203,10255.666006
6365bd5d7ecc4fd58f5fdf95d5a1a640,1,948,1790127242299208375,1790127242411076888,1790127242411666942,1790127241136558700,610459015000000,35.737871,47.0,0,50.77878599695396,0.583573,8331,-1162.649675,round_trip_estimate,1274.4211235,111.77144850000013,-0.6871184999999969,0.430203,10314.398238
6365bd5d7ecc4fd58f5fdf95d5a1a640,1,950,1790127242399342301,1790127242460509435,1790127242461099397,1790127241184164600,610459062000000,100.133926,47.0,1,47.225088987033814,0.583943,8296,-1215.177701,round_trip_estimate,1274.4211235,59.24342249999995,-2.513673499999868,0.430203,10363.830619
6365bd5d7ecc4fd58f5fdf95d5a1a640,1,951,1790127242463172134,1790127242511877830,1790127242512471644,1790127241245678000,610459125000000,63.829833,63.0,0,47.90108800807502,0.587888,8286,-1217.494134,round_trip_estimate,1274.4211235,56.92698949999999,7.627479499999936,0.430203,10415.202699
6365bd5d7ecc4fd58f5fdf95d5a1a640,1,952,1790127242502292887,1790127242566153127,1790127242566740996,1790127241304339500,610459187000000,39.120753,62.0,0,47.66358798951842,0.58224,8310,-1197.953387,round_trip_estimate,1274.4211235,76.4677365,12.01962750000007,0.430203,10469.471996
6365bd5d7ecc4fd58f5fdf95d5a1a640,1,953,1790127242562997078,1790127242622528271,1790127242623123085,1790127241355003500,610459234000000,60.704191,47.0,0,46.02783199516125,0.588388,8293,-1207.993578,round_trip_estimate,1274.4211235,66.42754549999995,6.301538500000106,0.430203,10525.853936
6365bd5d7ecc4fd58f5fdf95d5a1a640,1,954,1790127242599393930,1790127242675480219,1790127242676064181,1790127241418345700,610459296000000,36.396852,62.0,0,48.49343800742645,0.578387,8343,-1181.04823,round_trip_estimate,1274.4211235,93.37289349999992,16.70264249999991,0.430203,10578.795754
6365bd5d7ecc4fd58f5fdf95d5a1a640,1,955,1790127242666276645,1790127242736443909,1790127242737047723,1790127241463050100,610459343000000,66.882715,47.0,0,45.76929500035476,0.596962,8358,-1203.226545,round_trip_estimate,1274.4211235,71.19457850000003,0.4235005000000456,0.430203,10639.779426
6365bd5d7ecc4fd58f5fdf95d5a1a640,1,956,1790127242699880058,1790127242785258291,1790127242785839049,1790127241515343600,610459390000000,33.603413,47.0,0,46.564441989175975,0.57437,8375,-1184.536458,round_trip_estimate,1274.4211235,89.88466549999998,3.9256745000000137,0.430203,10688.571289
6365bd5d7ecc4fd58f5fdf95d5a1a640,1,957,1790127242763705632,1790127242834332358,1790127242834944005,1790127241562737200,610459437000000,63.825574,47.0,0,46.60021999734454,0.604054,8383,-1200.968432,round_trip_estimate,1274.4211235,73.45269150000013,2.2143184999999903,0.430203,10737.67606
6365bd5d7ecc4fd58f5fdf95d5a1a640,1,958,1790127242799694540,1790127242882567408,1790127242883162703,1790127241612535900,610459500000000,35.988908,63.0,0,46.01840600662399,0.589203,8358,-1187.15864,round_trip_estimate,1274.4211235,87.26248349999992,3.7943204999999125,0.430203,10785.89435
6365bd5d7ecc4fd58f5fdf95d5a1a640,1,959,1790127242863455706,1790127242931588271,1790127242932200732,1790127241660822200,610459546000000,63.761166,46.0,0,46.46286799106747,0.605295,8405,-1202.633506,round_trip_estimate,1274.4211235,71.78761750000012,3.0425915000000714,0.430203,10834.932602
6365bd5d7ecc4fd58f5fdf95d5a1a640,1,960,1790127242899684410,1790127242980264468,1790127242980863022,1790127241721776700,610459609000000,36.228704,63.0,0,46.314610008266754,0.592369,8371,-1177.90771,round_trip_estimate,1274.4211235,96.51341350000007,15.334801499999912,0.430203,10883.59454
6365bd5d7ecc4fd58f5fdf95d5a1a640,1,961,1790127242963749909,1790127243039595143,1790127243040183216,1790127241771938900,610459656000000,64.065499,47.0,0,45.6514630059246,0.582221,8428,-1191.811009,round_trip_estimate,1274.4211235,82.61011450000001,6.176807499999995,0.430203,10942.914234
6365bd5d7ecc4fd58f5fdf95d5a1a640,1,962,1790127242999260577,1790127243091644796,1790127243092228443,1790127241818321100,610459703000000,35.510668,47.0,0,46.002481001778506,0.577962,8461,-1180.939477,round_trip_estimate,1274.4211235,93.48164650000012,0.5137804999999389,0.430203,10994.95985
6365bd5d7ecc4fd58f5fdf95d5a1a640,1,963,1790127243063566039,1790127243141165270,1790127243141765713,1790127241881046100,610459765000000,64.305462,62.0,0,47.26058900996577,0.594054,8478,-1182.519939,round_trip_estimate,1274.4211235,91.9011845,13.70151050000004,0.430203,11044.497082
6365bd5d7ecc4fd58f5fdf95d5a1a640,1,964,1790127243102447552,1790127243199034448,1790127243199623243,1790127241932853000,610459812000000,38.881513,47.0,0,45.89325799315702,0.58274,8496,-1169.594552,round_trip_estimate,1274.4211235,104.8265715,7.650880500000085,0.430203,11102.354594
6365bd5d7ecc4fd58f5fdf95d5a1a640,1,965,1790127243167654734,1790127243250939842,1790127243251536471,1790127241981430000,610459859000000,65.207182,47.0,0,45.989591992110945,0.590943,8516,-1186.224734,round_trip_estimate,1274.4211235,88.19638950000012,4.314652499999966,0.430203,11154.267618
6365bd5d7ecc4fd58f5fdf95d5a1a640,1,966,1790127243231409641,1790127243299278855,1790127243299959465,1790127242027376800,610459906000000,63.754907,47.0,0,45.78601800312754,0.673555,8504,-1204.032841,round_trip_estimate,1274.4211235,70.38828250000006,1.8384585000001152,0.430203,11202.690631
6365bd5d7ecc4fd58f5fdf95d5a1a640,1,967,1790127243299422410,1790127243347068146,1790127243347665386,1790127242076925600,610459953000000,68.012769,47.0,0,45.489648007787764,0.590462,8540,-1222.49681,round_trip_estimate,1274.4211235,51.924313499999926,3.681337499999927,0.430203,11250.397256
6365bd5d7ecc4fd58f5fdf95d5a1a640,1,968,1790127243367099717,1790127243413088068,1790127243413676659,1790127242142975500,610460031000000,67.677307,78.0,0,45.71414699603338,0.581814,8521,-1224.124217,round_trip_estimate,1274.4211235,50.29690649999998,3.71996450000006,0.430203,11316.407677
6365bd5d7ecc4fd58f5fdf95d5a1a640,1,969,1790127243431077494,1790127243479231525,1790127243479823265,1790127242213010900,610460093000000,63.977777,62.0,0,47.88671700225677,0.585277,8527,-1218.066594,round_trip_estimate,1274.4211235,56.354529500000126,7.608758500000022,0.430203,11382.555301
6365bd5d7ecc4fd58f5fdf95d5a1a640,1,970,1790127243467234754,1790127243530562754,1790127243531221882,1790127242261073000,610460140000000,36.15726,47.0,0,45.559666003100574,0.652221,8530,-1206.161754,round_trip_estimate,1274.4211235,68.25936950000005,4.272241500000064,0.430203,11433.954197
6365bd5d7ecc4fd58f5fdf95d5a1a640,1,971,1790127243531587974,1790127243579218340,1790127243579811506,1790127242307705000,610460187000000,64.35322,47.0,0,45.76157400151715,0.586962,8518,-1223.882974,round_trip_estimate,1274.4211235,50.53814949999992,2.3146174999999403,0.430203,11482.54295
6365bd5d7ecc4fd58f5fdf95d5a1a640,1,972,1790127243567386772,1790127243631604493,1790127243632178936,1790127242360180400,610460234000000,35.798798,47.0,0,45.834092001314275,0.568554,8578,-1207.206372,round_trip_estimate,1274.4211235,67.21475149999992,2.4225874999999633,0.430203,11534.909547
6365bd5d7ecc4fd58f5fdf95d5a1a640,1,973,1790127243631243531,1790127243681470447,1790127243682118075,1790127242412263100,610460296000000,63.856759,62.0,0,47.520163003355265,0.640832,8562,-1218.980431,round_trip_estimate,1274.4211235,55.44069250000007,4.566148500000054,0.430203,11584.848704
6365bd5d7ecc4fd58f5fdf95d5a1a640,1,974,1790127243670367803,1790127243730621810,1790127243731283642,1790127242461074200,610460343000000,39.124272,47.0,0,45.511907010222785,0.654054,8558,-1209.293603,round_trip_estimate,1274.4211235,65.12752049999995,4.211681499999941,0.430203,11634.017382
6365bd5d7ecc4fd58f5fdf95d5a1a640,1,975,1790127243731391938,1790127243779690580,1790127243780303246,1790127242510040800,610460390000000,61.024135,47.0,0,46.011516998987645,0.606184,8566,-1221.351138,round_trip_estimate,1274.4211235,53.06998550000003,4.158677500000067,0.430203,11683.034134
6365bd5d7ecc4fd58f5fdf95d5a1a640,1,976,1790127243767439383,1790127243827546594,1790127243828142500,1790127242557918100,610460437000000,36.047445,47.0,0,45.50068499520421,0.589258,8545,-1209.521283,round_trip_estimate,1274.4211235,64.89984049999998,4.196723499999962,0.430203,11730.873962
6365bd5d7ecc4fd58f5fdf95d5a1a640,1,977,1790127243831168920,1790127243885240439,1790127243885844123,1790127242605940800,610460484000000,63.729537,47.0,0,45.95788799633738,0.597443,8534,-1225.22812,round_trip_estimate,1274.4211235,49.19300350000003,-5.482199499999979,0.430203,11788.575493
6365bd5d7ecc4fd58f5fdf95d5a1a640,1,978,1790127243867573179,1790127243934920838,1790127243935505429,1790127242651490400,610460531000000,36.404259,47.0,0,45.701907001785,0.577221,8555,-1216.082779,round_trip_estimate,1274.4211235,58.33834449999995,-9.593905499999892,0.430203,11838.236984
6365bd5d7ecc4fd58f5fdf95d5a1a640,1,979,1790127243931085938,1790127243982936888,1790127243983531017,1790127242712593800,610460593000000,63.512759,62.0,0,45.79262800689321,0.588591,8613,-1218.492138,round_trip_estimate,1274.4211235,55.92898549999995,3.483906500000103,0.430203,11886.262609
6365bd5d7ecc4fd58f5fdf95d5a1a640,1,980,1790127243967405772,1790127244030861161,1790127244031528771,1790127242760770900,610460640000000,36.319834,47.0,0,45.607703999849036,0.661388,8601,-1206.634872,round_trip_estimate,1274.4211235,67.78625149999993,3.6632524999999987,0.430203,11934.26003
6365bd5d7ecc4fd58f5fdf95d5a1a640,1,981,1790127244031296753,1790127244080800300,1790127244081403836,1790127242823944600,610460703000000,63.890981,63.0,0,47.55906999344006,0.598388,8618,-1207.352153,round_trip_estimate,1274.4211235,67.06897049999998,16.961887500000103,0.430203,11984.135354
6365bd5d7ecc4fd58f5fdf95d5a1a640,1,982,1790127244070318433,1790127244141943417,1790127244142542638,1790127242871816300,610460750000000,39.02168,47.0,0,46.01968399947509,0.593221,8626,-1198.502133,round_trip_estimate,1274.4211235,75.91899050000006,3.69478550000008,0.430203,12045.273656
6365bd5d7ecc4fd58f5fdf95d5a1a640,1,983,1790127244131499475,1790127244190218189,1790127244190831188,1790127242933903700,610460812000000,61.181042,62.0,0,45.95859200344421,0.606313,8609,-1197.595775,round_trip_estimate,1274.4211235,76.82534850000002,17.493635499999982,0.430203,12093.563372
6365bd5d7ecc4fd58f5fdf95d5a1a640,1,984,1790127244167429772,1790127244253494746,1790127244254108948,1790127242983767100,610460859000000,35.930297,47.0,0,47.61381099524442,0.60835,8613,-1183.662672,round_trip_estimate,1274.4211235,90.75845150000009,4.079275499999994,0.430203,12156.841151
6365bd5d7ecc4fd58f5fdf95d5a1a640,1,985,1790127244234311340,1790127244307337321,1790127244307933616,1790127243037579000,610460921000000,66.881568,62.0,0,45.93018400191795,0.59074,8580,-1196.73234,round_trip_estimate,1274.4211235,77.6887835,4.066507499999943,0.430203,12210.664986
6365bd5d7ecc4fd58f5fdf95d5a1a640,1,986,1790127244267319847,1790127244355619871,1790127244356212148,1790127243085779000,610460968000000,33.008507,47.0,0,46.01257300237194,0.586554,8598,-1181.540847,round_trip_estimate,1274.4211235,92.88027650000004,3.9879754999999477,0.430203,12258.943277
6365bd5d7ecc4fd58f5fdf95d5a1a640,1,987,1790127244331502291,1790127244403762866,1790127244404378031,1790127243121356300,610461000000000,64.182444,32.0,0,45.8701100142207,0.606776,8617,-1210.145991,round_trip_estimate,1274.4211235,64.27513249999993,-8.600607500000024,0.430203,12307.10966
6365bd5d7ecc4fd58f5fdf95d5a1a640,1,988,1790127244367528532,1790127244453339154,1790127244453950449,1790127243183397600,610461062000000,36.026241,62.0,0,45.94086999713909,0.60398,8598,-1184.130932,round_trip_estimate,1274.4211235,90.29019149999999,3.8682745000000978,0.430203,12356.681819
6365bd5d7ecc4fd58f5fdf95d5a1a640,1,989,1790127244431476865,1790127244501788889,1790127244502404221,1790127243229210800,610461109000000,63.948333,47.0,0,46.14657298952807,0.609313,8571,-1202.266065,round_trip_estimate,1274.4211235,72.1550585,1.2277025000000776,0.430203,12405.136054
6365bd5d7ecc4fd58f5fdf95d5a1a640,1,990,1790127244467620014,1790127244552220842,1790127244552816229,1790127243282628800,610461171000000,36.143149,62.0,0,48.09232799743768,0.589332,8569,-1184.991214,round_trip_estimate,1274.4211235,89.42990950000012,4.233694499999956,0.430203,12455.548118
6365bd5d7ecc4fd58f5fdf95d5a1a640,1,991,1790127244534297730,1790127244602673517,1790127244603277442,1790127243324884400,610461203000000,66.677716,32.0,0,47.83214301278349,0.598629,8532,-1209.41333,round_trip_estimate,1274.4211235,65.00779349999993,-3.9719184999999015,0.430203,12506.009737
6365bd5d7ecc4fd58f5fdf95d5a1a640,1,992,1790127244567214422,1790127244651241881,1790127244651827806,1790127243377914300,610461265000000,32.916692,62.0,0,46.05448100483045,0.578332,8544,-1189.300122,round_trip_estimate,1274.4211235,85.12100149999992,0.5076174999999239,0.430203,12554.559583
6365bd5d7ecc4fd58f5fdf95d5a1a640,1,993,1790127244631523366,1790127244699615727,1790127244700232170,1790127243416988800,610461296000000,64.308944,31.0,0,46.055016995524056,0.609998,8540,-1214.534566,round_trip_estimate,1274.4211235,59.88655749999998,-8.822246499999892,0.430203,12602.963299
6365bd5d7ecc4fd58f5fdf95d5a1a640,1,994,1790127244667514848,1790127244747880722,1790127244748468739,1790127243465094900,610461343000000,35.991482,47.0,0,45.97844398813322,0.58248,8524,-1202.419948,round_trip_estimate,1274.4211235,72.00117550000004,-8.952715500000068,0.430203,12651.199849
6365bd5d7ecc4fd58f5fdf95d5a1a640,1,995,1790127244731392440,1790127244796007753,1790127244796604011,1790127243510866100,610461390000000,63.877592,47.0,0,45.795109996106476,0.591462,8535,-1220.52634,round_trip_estimate,1274.4211235,53.89478350000013,-11.316787499999919,0.430203,12699.335659
6365bd5d7ecc4fd58f5fdf95d5a1a640,1,996,1790127244767663367,1790127244844231452,1790127244844812302,1790127243574806200,610461453000000,36.270927,63.0,0,45.94568500760943,0.574999,8505,-1192.857167,round_trip_estimate,1274.4211235,81.56395650000013,4.415021499999966,0.430203,12747.543376
6365bd5d7ecc4fd58f5fdf95d5a1a640,1,997,1790127244831487404,1790127244893083352,1790127244893695833,1790127243620614600,610461500000000,63.824037,47.0,0,46.026331998291425,0.60511,8543,-1210.872804,round_trip_estimate,1274.4211235,63.548319499999934,1.3398904999999104,0.430203,12796.427721
6365bd5d7ecc4fd58f5fdf95d5a1a640,1,998,1790127244867629108,1790127244941200977,1790127244941790846,1790127243668425100,610461546000000,36.141704,46.0,0,45.78629600291606,0.584351,8528,-1199.204008,round_trip_estimate,1274.4211235,75.21711550000009,1.055377500000077,0.430203,12844.522308
6365bd5d7ecc4fd58f5fdf95d5a1a640,1,999,1790127244935211007,1790127244989585971,1790127244990205914,1790127243720454900,610461609000000,67.581899,63.0,0,45.62790700583719,0.613369,8537,-1214.756107,round_trip_estimate,1274.4211235,59.66501650000009,4.6701095000000805,0.430203,12892.936913
6365bd5d7ecc4fd58f5fdf95d5a1a640,1,1000,1790127244999230877,1790127245046818706,1790127245047407261,1790127243777121400,610461656000000,64.01987,47.0,0,47.27859000558965,0.582554,8550,-1222.109477,round_trip_estimate,1274.4211235,52.31164650000005,4.135262499999953,0.430203,12950.139001
6365bd5d7ecc4fd58f5fdf95d5a1a640,1,1001,1790127245067187017,1790127245114515310,1790127245115111660,1790127243838594700,610461718000000,67.95614,62.0,0,47.06264499691315,0.590166,8502,-1228.592317,round_trip_estimate,1274.4211235,45.82880649999993,-2.095836499999905,0.430203,13017.842067
6365bd5d7ecc4fd58f5fdf95d5a1a640,1,1002,1790127245135181601,1790127245181197730,1790127245181808803,1790127243906510500,610461781000000,67.994584,63.0,0,45.75403599301353,0.603776,8490,-1228.671101,round_trip_estimate,1274.4211235,45.750022500000114,-0.8771795000000111,0.430203,13084.540024
6365bd5d7ecc4fd58f5fdf95d5a1a640,1,1003,1790127245199166786,1790127245245113822,1790127245245730395,1790127243979083300,610461859000000,63.985185,78.0,0,45.68112999550067,0.610017,8527,-1220.083486,round_trip_estimate,1274.4211235,54.33763750000003,7.774028499999986,0.430203,13148.46195
6365bd5d7ecc4fd58f5fdf95d5a1a640,1,1004,1790127245267171055,1790127245313245703,1790127245313855275,1790127244044363900,610461921000000,68.004269,62.0,0,45.81186900031753,0.603277,8564,-1222.807155,round_trip_estimate,1274.4211235,51.613968500000055,4.92974849999996,0.430203,13216.587997
6365bd5d7ecc4fd58f5fdf95d5a1a640,1,1005,1790127245335169288,1790127245381109361,1790127245381709378,1790127244110954200,610462000000000,67.998233,79.0,0,45.68292600743007,0.594647,8526,-1224.215088,round_trip_estimate,1274.4211235,50.2060355000001,3.6659455000001344,0.430203,13284.440878
6365bd5d7ecc4fd58f5fdf95d5a1a640,1,1006,1790127245399186954,1790127245445458323,1790127245446074803,1790127244166899400,610462046000000,64.017666,46.0,0,46.01174000708852,0.61024,8551,-1232.287554,round_trip_estimate,1274.4211235,42.13356950000002,-4.754279499999939,0.430203,13348.805951
6365bd5d7ecc4fd58f5fdf95d5a1a640,1,1007,1790127245435298232,1790127245493408114,1790127245494044928,1790127244225178300,610462109000000,36.111278,63.0,0,45.654388988623396,0.630221,8587,-1210.119932,round_trip_estimate,1274.4211235,64.30119149999996,5.55449550000003,0.430203,13396.776872
6365bd5d7ecc4fd58f5fdf95d5a1a640,1,1008,1790127245499184344,1790127245545323435,1790127245545927415,1790127244276355600,610462156000000,63.886112,47.0,0,45.88896299537737,0.597924,8640,-1222.828744,round_trip_estimate,1274.4211235,51.592379500000106,4.8493085000000065,0.430203,13448.659174
6365bd5d7ecc4fd58f5fdf95d5a1a640,1,1009,1790127245535307678,1790127245595703666,1790127245596295887,1790127244338974100,610462218000000,36.123334,62.0,0,47.20377399644349,0.58648,8642,-1196.333578,round_trip_estimate,1274.4211235,78.08754550000003,17.099336499999936,0.430203,13499.028497
6365bd5d7ecc4fd58f5fdf95d5a1a640,1,1010,1790127245599272085,1790127245657019690,1790127245657619151,1790127244385537700,610462265000000,63.964407,47.0,0,45.95811100443825,0.592813,8619,-1213.734385,round_trip_estimate,1274.4211235,60.68673850000005,2.339672500000006,0.430203,13560.350669
6365bd5d7ecc4fd58f5fdf95d5a1a640,1,1011,1790127245635535715,1790127245714066778,1790127245714671258,1790127244443418400,610462328000000,36.26363,63.0,0,46.25829499855172,0.597962,8611,-1192.117315,round_trip_estimate,1274.4211235,82.30380850000006,3.1682654999999613,0.430203,13617.402627
6365bd5d7ecc4fd58f5fdf95d5a1a640,1,1012,1790127245699548011,1790127245762798975,1790127245763390789,1790127244492634800,610462375000000,64.012296,47.0,0,46.437757002422586,0.585851,8624,-1206.913211,round_trip_estimate,1274.4211235,67.50791249999997,3.665134500000022,0.430203,13666.122269
6365bd5d7ecc4fd58f5fdf95d5a1a640,1,1013,1790127245735436605,1790127245812637689,1790127245813225058,1790127244542363400,610462421000000,35.888594,46.0,0,47.53834800794721,0.582277,8631,-1193.073205,round_trip_estimate,1274.4211235,81.3479185000001,3.5594654999999875,0.430203,13715.956557
6365bd5d7ecc4fd58f5fdf95d5a1a640,1,1014,1790127245802341265,1790127245860990961,1790127245861578626,1790127244590751100,610462468000000,66.90466,47.0,0,46.01420200197026,0.582129,8672,-1211.590165,round_trip_estimate,1274.4211235,62.83095849999995,3.593597499999987,0.430203,13764.309625
6365bd5d7ecc4fd58f5fdf95d5a1a640,1,1015,1790127245835650920,1790127245909039956,1790127245909644325,1790127244635987400,610462515000000,33.309655,47.0,0,45.84794399852399,0.598499,8639,-1199.66352,round_trip_estimate,1274.4211235,74.75760349999996,0.7641985000000204,0.430203,13812.375583
6365bd5d7ecc4fd58f5fdf95d5a1a640,1,1016,1790127245899522142,1790127245957426080,1790127245958038356,1790127244685511600,610462562000000,63.871222,47.0,0,46.099443003186025,0.606499,8695,-1214.010542,round_trip_estimate,1274.4211235,60.410581500000035,1.894367500000044,0.430203,13860.770948
6365bd5d7ecc4fd58f5fdf95d5a1a640,1,1017,1790127245935550643,1790127246010834619,1790127246011434618,1790127244745476800,610462625000000,36.028501,63.0,0,45.8387950056931,0.592832,8659,-1190.073843,round_trip_estimate,1274.4211235,84.34728050000012,8.463305499999933,0.430203,13914.166377
6365bd5d7ecc4fd58f5fdf95d5a1a640,1,1018,1790127245999511550,1790127246063604864,1790127246064202289,1790127244808833400,610462687000000,63.960907,62.0,0,45.935073008877225,0.591332,8677,-1190.67815,round_trip_estimate,1274.4211235,83.74297350000006,19.05223449999994,0.430203,13966.933677
6365bd5d7ecc4fd58f5fdf95d5a1a640,1,1019,1790127246035744662,1790127246130673080,1790127246131273542,1790127244871350000,610462750000000,36.233112,63.0,0,49.713621992850676,0.593462,8710,-1164.394662,round_trip_estimate,1274.4211235,110.0264615000001,14.497581500000024,0.430203,14034.005393
6365bd5d7ecc4fd58f5fdf95d5a1a640,1,1021,1790127246135276071,1790127246188918758,1790127246189515202,1790127244920129500,610462796000000,99.531409,46.0,1,45.657611000933684,0.590591,8706,-1215.146571,round_trip_estimate,1274.4211235,59.27455250000003,5.035421499999984,0.430203,14092.246405
6365bd5d7ecc4fd58f5fdf95d5a1a640,1,1022,1790127246199228441,1790127246245615792,1790127246246243309,1790127244967333700,610462843000000,63.95237,47.0,0,46.11540699261241,0.619721,8713,-1231.894741,round_trip_estimate,1274.4211235,42.526382499999954,-4.488485500000024,0.430203,14148.975993
6365bd5d7ecc4fd58f5fdf95d5a1a640,1,1023,1790127246235376942,1790127246293557083,1790127246294170119,1790127245024844000,610462906000000,36.148501,63.0,0,45.618017989909276,0.607536,8671,-1210.532942,round_trip_estimate,1274.4211235,63.88818149999997,5.095004499999959,0.430203,14196.902118
6365bd5d7ecc4fd58f5fdf95d5a1a640,1,1024,1790127246299369571,1790127246347310659,1790127246347908140,1790127245073483600,610462953000000,63.992629,47.0,0,47.674514004029334,0.591517,8689,-1225.885971,round_trip_estimate,1274.4211235,48.535152500000095,-0.003416499999957523,0.430203,14250.640121
6365bd5d7ecc4fd58f5fdf95d5a1a640,1,1025,1790127246338393178,1790127246400336774,1790127246400927532,1790127245123216200,610463000000000,39.023607,47.0,0,45.857517994591035,0.582925,8698,-1215.176978,round_trip_estimate,1274.4211235,59.24414550000006,-3.2902085000000625,0.430203,14303.658291
6365bd5d7ecc4fd58f5fdf95d5a1a640,1,1026,1790127246399588424,1790127246449643952,1790127246450251710,1790127245182783500,610463062000000,61.195246,62.0,0,45.97231399384327,0.601499,8695,-1216.804924,round_trip_estimate,1274.4211235,57.61619949999999,6.952913500000022,0.430203,14352.983061
6365bd5d7ecc4fd58f5fdf95d5a1a640,1,1027,1790127246435461981,1790127246503558195,1790127246504144749,1790127245230229600,610463109000000,35.873557,47.0,0,45.82764800579753,0.581202,8683,-1205.232381,round_trip_estimate,1274.4211235,69.18874249999999,0.505974500000093,0.430203,14406.87547
6365bd5d7ecc4fd58f5fdf95d5a1a640,1,1028,1790127246499390129,1790127246551814986,1790127246552414225,1790127245276630300,610463156000000,63.928148,47.0,0,46.04503599693999,0.59337,8698,-1222.759829,round_trip_estimate,1274.4211235,51.66129449999994,-1.3628014999999323,0.430203,14455.145336
6365bd5d7ecc4fd58f5fdf95d5a1a640,1,1029,1790127246535512074,1790127246599972962,1790127246600551053,1790127245326693600,610463203000000,36.121945,47.0,0,45.87190700112842,0.572499,8721,-1208.818474,round_trip_estimate,1274.4211235,65.6026495000001,0.5636704999999438,0.430203,14503.281701
6365bd5d7ecc4fd58f5fdf95d5a1a640,1,1030,1790127246599440093,1790127246656288514,1790127246656895661,1790127245386880800,610463265000000,63.928019,62.0,0,48.26794000109658,0.601499,8710,-1212.559293,round_trip_estimate,1274.4211235,61.861830499999996,4.406262499999912,0.430203,14559.627383
6365bd5d7ecc4fd58f5fdf95d5a1a640,1,1031,1790127246638331847,1790127246709063593,1790127246709647869,1790127245434821600,610463312000000,38.891754,47.0,0,45.927017999929376,0.578073,8698,-1203.510247,round_trip_estimate,1274.4211235,70.91087650000009,-0.4051454999998896,0.430203,14612.378646
6365bd5d7ecc4fd58f5fdf95d5a1a640,1,1032,1790127246699839500,1790127246761492246,1790127246762105411,1790127245490172600,610463375000000,61.507653,63.0,0,46.140758000547066,0.607758,8708,-1209.6669,round_trip_estimate,1274.4211235,64.75422350000008,2.48831250000012,0.430203,14664.836855
6365bd5d7ecc4fd58f5fdf95d5a1a640,1,1033,1790127246735601354,1790127246809653611,1790127246810261202,1790127245538057900,610463421000000,35.761854,46.0,0,45.91877698840108,0.60098,8730,-1197.543454,round_trip_estimate,1274.4211235,76.87766949999991,2.2178215000001273,0.430203,14712.993461
6365bd5d7ecc4fd58f5fdf95d5a1a640,1,1034,1790127246803299328,1790127246857644662,1790127246858280438,1790127245589284600,610463468000000,67.697974,47.0,0,45.63590799807571,0.629184,8703,-1214.014728,round_trip_estimate,1274.4211235,60.40639549999992,5.425285499999973,0.430203,14761.012104
6365bd5d7ecc4fd58f5fdf95d5a1a640,1,1035,1790127246867291031,1790127246920500034,1790127246921103200,1790127245642109900,610463531000000,63.991703,63.0,0,45.500481995986775,0.597036,8704,-1225.181131,round_trip_estimate,1274.4211235,49.23999249999997,-4.572176500000069,0.430203,14823.834366
6365bd5d7ecc4fd58f5fdf95d5a1a640,1,1036,1790127246935287301,1790127246981102504,1790127246981708503,1790127245713965200,610463593000000,67.99627,62.0,0,45.540352002717555,0.600369,8683,-1221.322101,round_trip_estimate,1274.4211235,53.099022500000046,6.677820500000053,0.430203,14884.439298
6365bd5d7ecc4fd58f5fdf95d5a1a640,1,1037,1790127247003389811,1790127247049186181,1790127247049782235,1790127245792945100,610463671000000,68.10251,78.0,0,45.52081499423366,0.590665,8705,-1210.444711,round_trip_estimate,1274.4211235,63.976412499999924,17.583988500000032,0.430203,14952.513587
6365bd5d7ecc4fd58f5fdf95d5a1a640,1,1038,1790127247067271385,1790127247113474366,1790127247114086994,1790127245840239500,610463718000000,63.881574,47.0,0,45.93561099318322,0.60698,8737,-1227.031885,round_trip_estimate,1274.4211235,47.38923849999992,0.5736294999999245,0.430203,15016.817975
6365bd5d7ecc4fd58f5fdf95d5a1a640,1,1039,1790127247103381960,1790127247161639564,1790127247162275859,1790127245887234200,610463765000000,36.110575,47.0,0,45.654259010916576,0.630499,8688,-1216.14776,round_trip_estimate,1274.4211235,58.27336349999996,-0.6205354999999599,0.430203,15065.007396
6365bd5d7ecc4fd58f5fdf95d5a1a640,1,1040,1790127247167280331,1790127247215970566,1790127247216565601,1790127245936414000,610463812000000,63.898371,47.0,0,48.428809008328244,0.58898,8711,-1230.866331,round_trip_estimate,1274.4211235,43.554792500000076,-5.730477500000006,0.430203,15119.296934
6365bd5d7ecc4fd58f5fdf95d5a1a640,1,1041,1790127247206293048,1790127247263856061,1790127247264458190,1790127245997130900,610463875000000,39.012717,63.0,0,45.54166700108908,0.595073,8715,-1209.162148,round_trip_estimate,1274.4211235,65.25897550000013,7.093833500000073,0.430203,15167.189985
6365bd5d7ecc4fd58f5fdf95d5a1a640,1,1042,1790127247267703683,1790127247316972102,1790127247317562027,1790127246052540400,610463937000000,61.410635,62.0,0,47.90986601437908,0.584332,8691,-1215.163283,round_trip_estimate,1274.4211235,59.25784049999993,9.399496499999941,0.430203,15220.293174
6365bd5d7ecc4fd58f5fdf95d5a1a640,1,1043,1790127247306313105,1790127247371292047,1790127247371874009,1790127246102762800,610463984000000,38.609422,47.0,0,45.76048199669458,0.576795,8715,-1203.550305,round_trip_estimate,1274.4211235,70.87081850000004,5.3099145000001045,0.430203,15274.605194
6365bd5d7ecc4fd58f5fdf95d5a1a640,1,1044,1790127247367687592,1790127247426525250,1790127247427287656,1790127246157277400,610464031000000,61.374487,47.0,0,51.424025994492695,0.755017,8719,-1210.410192,round_trip_estimate,1274.4211235,64.01093149999997,4.410867499999995,0.430203,15330.019322
6365bd5d7ecc4fd58f5fdf95d5a1a640,1,1045,1790127247403913037,1790127247484958447,1790127247485710168,1790127246215108000,610464093000000,36.225445,62.0,0,53.875594996497966,0.745368,8697,-1188.805037,round_trip_estimate,1274.4211235,85.61608649999994,3.818955500000129,0.430203,15388.441945
6365bd5d7ecc4fd58f5fdf95d5a1a640,1,1046,1790127247467620982,1790127247535090345,1790127247535694104,1790127246265362300,610464140000000,63.707945,47.0,0,47.72095900261775,0.597777,8745,-1202.258682,round_trip_estimate,1274.4211235,72.16244150000011,4.0893195000001015,0.430203,15438.425066
6365bd5d7ecc4fd58f5fdf95d5a1a640,1,1047,1790127247503793094,1790127247583553210,1790127247584137894,1790127246307935000,610464187000000,36.172112,47.0,0,46.16351799631957,0.57961,8743,-1195.858094,round_trip_estimate,1274.4211235,78.56302950000008,-1.7817704999999933,0.430203,15486.869708
6365bd5d7ecc4fd58f5fdf95d5a1a640,1,1048,1790127247567721391,1790127247632232278,1790127247632844981,1790127246354217000,610464234000000,63.928297,47.0,0,46.35992500698194,0.605795,8692,-1213.504391,round_trip_estimate,1274.4211235,60.91673250000008,-4.206857500000069,0.430203,15535.576814
6365bd5d7ecc4fd58f5fdf95d5a1a640,1,1049,1790127247603812040,1790127247680363922,1790127247680966235,1790127246417179900,610464296000000,36.090649,62.0,0,45.79437100619543,0.59524,8695,-1186.63214,round_trip_estimate,1274.4211235,87.78898350000009,10.634788500000013,0.430203,15583.697883
6365bd5d7ecc4fd58f5fdf95d5a1a640,1,1050,1790127247667497411,1790127247735575606,1790127247736191216,1790127246462860300,610464343000000,63.685371,47.0,0,46.205370003008284,0.609295,8736,-1204.637111,round_trip_estimate,1274.4211235,69.78401250000002,1.0902075000001332,0.430203,15638.922456
6365bd5d7ecc4fd58f5fdf95d5a1a640,1,1051,1790127247703745560,1790127247783948008,1790127247784553692,1790127246519552900,610464406000000,36.248149,63.0,0,45.877814991399646,0.598591,8709,-1184.19266,round_trip_estimate,1274.4211235,90.22846350000009,9.420331499999975,0.430203,15687.285784
6365bd5d7ecc4fd58f5fdf95d5a1a640,1,1052,1790127247767535097,1790127247838870156,1790127247839495155,1790127246569086500,610464453000000,63.789537,47.0,0,46.58279499562923,0.61937,8702,-1198.448597,round_trip_estimate,1274.4211235,75.97252649999996,4.012468500000068,0.430203,15742.226303
6365bd5d7ecc4fd58f5fdf95d5a1a640,1,1053,1790127247803819487,1790127247887657465,1790127247888244853,1790127246615804300,610464500000000,36.28439,47.0,0,46.46794300060719,0.581091,8677,-1188.015187,round_trip_estimate,1274.4211235,86.40593650000005,1.9805705000001126,0.430203,15790.976667
6365bd5d7ecc4fd58f5fdf95d5a1a640,1,1054,1790127247868331708,1790127247936107515,1790127247936705588,1790127246667781500,610464546000000,64.512221,46.0,0,46.13353600143455,0.592129,8696,-1200.550208,round_trip_estimate,1274.4211235,73.87091549999991,5.497035500000038,0.430203,15839.437402
6365bd5d7ecc4fd58f5fdf95d5a1a640,1,1055,1790127247904124747,1790127247989970165,1790127247990564405,1790127246729756200,610464609000000,35.793039,63.0,0,50.125435009249486,0.588573,8713,-1174.368547,round_trip_estimate,1274.4211235,100.05257649999999,13.612918499999978,0.430203,15893.295552
6365bd5d7ecc4fd58f5fdf95d5a1a640,1,1056,1790127247970349612,1790127248047440660,1790127248048034955,1790127246777274000,610464656000000,66.224865,47.0,0,45.68127800303046,0.588998,8703,-1193.075612,round_trip_estimate,1274.4211235,81.34551149999993,3.6601685000000543,0.430203,15950.76664
6365bd5d7ecc4fd58f5fdf95d5a1a640,1,1057,1790127248003535638,1790127248095784303,1790127248096374747,1790127246838837000,610464718000000,33.186026,62.0,0,46.05629600700922,0.582332,8675,-1164.698638,round_trip_estimate,1274.4211235,109.72248549999995,16.88337649999994,0.430203,15999.106764
6365bd5d7ecc4fd58f5fdf95d5a1a640,1,1059,1790127248103364936,1790127248159598026,1790127248160188081,1790127246896177000,610464781000000,99.829298,63.0,1,47.25401499308646,0.584851,8649,-1207.187936,round_trip_estimate,1274.4211235,67.23318749999999,10.410042499999918,0.430203,16062.919765
6365bd5d7ecc4fd58f5fdf95d5a1a640,1,1060,1790127248167402325,1790127248214064083,1790127248214643915,1790127246943277400,610464828000000,64.037389,47.0,0,45.845184999052435,0.573647,8671,-1224.124925,round_trip_estimate,1274.4211235,50.296198499999946,3.0546085000000858,0.430203,16117.375414
6365bd5d7ecc4fd58f5fdf95d5a1a640,1,1061,1790127248203641030,1790127248263649742,1790127248264260703,1790127246999607500,610464875000000,36.238705,47.0,0,47.32486700231675,0.604018,8677,-1204.03353,round_trip_estimate,1274.4211235,70.3875935000001,9.767920499999946,0.430203,16166.991869
6365bd5d7ecc4fd58f5fdf95d5a1a640,1,1062,1790127248267413660,1790127248317648559,1790127248318272891,1790127247049663200,610464937000000,63.77263,62.0,0,45.85599999700207,0.617813,8678,-1217.75046,round_trip_estimate,1274.4211235,56.670663500000046,5.81143249999991,0.430203,16221.004816
6365bd5d7ecc4fd58f5fdf95d5a1a640,1,1063,1790127248303553180,1790127248369197139,1790127248369793527,1790127247102824500,610464984000000,36.13952,47.0,0,45.74885200418066,0.589184,8716,-1200.72868,round_trip_estimate,1274.4211235,73.69244350000008,7.452096499999925,0.430203,16272.525823
6365bd5d7ecc4fd58f5fdf95d5a1a640,1,1064,1790127248367390884,1790127248422679661,1790127248423269752,1790127247156407400,610465031000000,63.837704,47.0,0,47.442736991797574,0.583795,8693,-1210.983484,round_trip_estimate,1274.4211235,63.43763949999993,7.558771499999921,0.430203,16326.001252
6365bd5d7ecc4fd58f5fdf95d5a1a640,1,1065,1790127248406475212,1790127248474940166,1790127248475566943,1790127247205088400,610465093000000,39.084328,62.0,0,45.76624098990578,0.620332,8700,-1201.386812,round_trip_estimate,1274.4211235,73.03431150000006,3.9425805000000764,0.430203,16378.297924
6365bd5d7ecc4fd58f5fdf95d5a1a640,1,1066,1790127248467528681,1790127248524033160,1790127248524646344,1790127247260541900,610465140000000,61.053469,47.0,0,45.9302410017699,0.605795,8730,-1206.986781,round_trip_estimate,1274.4211235,67.43434249999996,10.316679499999964,0.430203,16427.377621
6365bd5d7ecc4fd58f5fdf95d5a1a640,1,1067,1790127248503709831,1790127248578417568,1790127248579028456,1790127247308660300,610465187000000,36.18115,47.0,0,45.81596299249213,0.604073,8706,-1195.049531,round_trip_estimate,1274.4211235,79.37159250000013,4.0529675000000225,0.430203,16481.759567
6365bd5d7ecc4fd58f5fdf95d5a1a640,1,1068,1790127248571475323,1790127248626133546,1790127248626732212,1790127247354258400,610465234000000,67.765492,47.0,0,45.49664900696371,0.593035,8740,-1217.216923,round_trip_estimate,1274.4211235,57.20420050000007,1.947311500000069,0.430203,16529.463211
6365bd5d7ecc4fd58f5fdf95d5a1a640,1,1069,1790127248635385638,1790127248681730045,1790127248682418284,1790127247402337000,610465281000000,63.910315,47.0,0,46.032555008423515,0.681684,8697,-1233.048638,round_trip_estimate,1274.4211235,41.37248550000004,-5.6601605000000745,0.430203,16585.150821
6365bd5d7ecc4fd58f5fdf95d5a1a640,1,1070,1790127248703333964,1790127248749398464,1790127248750036592,1790127247479509700,610465359000000,67.948326,78.0,0,45.615203998750076,0.631702,8676,-1223.824264,round_trip_estimate,1274.4211235,50.59685949999994,3.8942314999999326,0.430203,16652.767906
6365bd5d7ecc4fd58f5fdf95d5a1a640,1,1071,1790127248771330141,1790127248818853138,1790127248819453692,1790127247548768300,610465437000000,67.996177,78.0,0,47.26412700256333,0.594869,8720,-1222.561841,round_trip_estimate,1274.4211235,51.85928250000006,3.735731499999929,0.430203,16722.185062
6365bd5d7ecc4fd58f5fdf95d5a1a640,1,1072,1790127248835377790,1790127248881511697,1790127248882123103,1790127247606063700,610465484000000,64.047649,47.0,0,45.86140700848773,0.605647,8710,-1229.31409,round_trip_estimate,1274.4211235,45.10703349999994,-1.6382794999999533,0.430203,16784.854232
6365bd5d7ecc4fd58f5fdf95d5a1a640,1,1073,1790127248903334060,1790127248980325756,1790127248980884922,1790127247711809800,610465593000000,67.95627,109.0,0,76.73978900129441,0.554907,8699,-1191.52426,round_trip_estimate,1274.4211235,82.89686350000011,5.346001500000057,0.430203,16883.614551
6365bd5d7ecc4fd58f5fdf95d5a1a640,1,1074,1790127248971416848,1790127249029241398,1790127249029836267,1790127247762572200,610465640000000,68.082788,47.0,0,45.481796987587586,0.588999,8707,-1208.844648,round_trip_estimate,1274.4211235,65.57647550000002,7.157056499999953,0.430203,16932.568118
6365bd5d7ecc4fd58f5fdf95d5a1a640,1,1075,1790127249035380830,1790127249112894525,1790127249113452024,1790127247855383800,610465734000000,63.963982,94.0,0,77.24199199583381,0.55337,8685,-1179.99703,round_trip_estimate,1274.4211235,94.42409350000003,16.35289949999992,0.430203,17016.182116
6365bd5d7ecc4fd58f5fdf95d5a1a640,1,1076,1790127249071596757,1790127249205228209,1790127249205784301,1790127247936847600,610465812000000,36.215927,78.0,0,77.86436099559069,0.551925,8714,-1134.749157,round_trip_estimate,1274.4211235,139.67196650000005,5.484422499999937,0.430203,17108.514504
6365bd5d7ecc4fd58f5fdf95d5a1a640,1,1078,1790127249171302593,1790127249287074785,1790127249287637302,1790127248018483900,610465906000000,99.705836,94.0,1,78.27299000928178,0.558425,8674,-1152.818693,round_trip_estimate,1274.4211235,121.60243050000008,5.267721500000107,0.430203,17190.367617
6365bd5d7ecc4fd58f5fdf95d5a1a640,1,1080,1790127249271387706,1790127249366679106,1790127249367235142,1790127248099932600,610465984000000,100.085113,78.0,1,76.23762400180567,0.551498,8639,-1171.455106,round_trip_estimate,1274.4211235,102.96601750000013,7.1185815000001185,0.430203,17269.965271
6365bd5d7ecc4fd58f5fdf95d5a1a640,1,1082,1790127249371303004,1790127249448128515,1790127249448683125,1790127248186633400,610466062000000,99.915298,78.0,1,76.27628999762237,0.550351,8618,-1184.669604,round_trip_estimate,1274.4211235,89.75151950000009,12.371398499999941,0.430203,17351.412847
6365bd5d7ecc4fd58f5fdf95d5a1a640,1,1083,1790127249435440430,1790127249535340747,1790127249535939227,1790127248276736800,610466156000000,64.137426,94.0,0,76.6690119926352,0.593702,8636,-1158.70363,round_trip_estimate,1274.4211235,115.71749350000005,15.218696500000078,0.430203,17438.668689
6365bd5d7ecc4fd58f5fdf95d5a1a640,1,1085,1790127249535367580,1790127249594749757,1790127249595356070,1790127248325314300,610466203000000,99.92715,47.0,1,45.91442600940354,0.600314,8698,-1210.05328,round_trip_estimate,1274.4211235,64.36784349999994,4.379353499999979,0.430203,17498.087032
6365bd5d7ecc4fd58f5fdf95d5a1a640,1,1086,1790127249571686340,1790127249675452057,1790127249676014204,1790127248416460600,610466296000000,36.31876,93.0,0,78.06706499832217,0.557906,8664,-1155.22574,round_trip_estimate,1274.4211235,119.19538349999993,14.867519500000071,0.430203,17578.745092
6365bd5d7ecc4fd58f5fdf95d5a1a640,1,1088,1790127249674099819,1790127249766905020,1790127249767464704,1790127248491924800,610466375000000,102.413479,79.0,1,78.27310099673923,0.555517,8685,-1182.175019,round_trip_estimate,1274.4211235,92.2461045,-1.118780499999957,0.430203,17670.195426
6365bd5d7ecc4fd58f5fdf95d5a1a640,1,1089,1790127249735507324,1790127249845500491,1790127249846066638,1790127248586874500,610466468000000,61.407505,93.0,0,76.46821599337272,0.561721,8713,-1148.632824,round_trip_estimate,1274.4211235,125.7882995,15.228985499999908,0.430203,17748.796915
6365bd5d7ecc4fd58f5fdf95d5a1a640,1,1091,1790127249835369623,1790127249907526718,1790127249908130939,1790127248637807500,610466515000000,99.862299,47.0,1,48.716734992922284,0.598165,8747,-1197.562123,round_trip_estimate,1274.4211235,76.85900050000009,4.097684500000014,0.430203,17810.861772
6365bd5d7ecc4fd58f5fdf95d5a1a640,1,1092,1790127249874240767,1790127249955874065,1790127249956461545,1790127248686516100,610466562000000,38.871144,47.0,0,46.03031500300858,0.582221,8731,-1187.724667,round_trip_estimate,1274.4211235,86.69645650000007,4.475678499999958,0.430203,17859.192267
6365bd5d7ecc4fd58f5fdf95d5a1a640,1,1093,1790127249936103716,1790127250007376961,1790127250007969089,1790127248738732800,610466625000000,61.862949,63.0,0,48.706401998060755,0.585721,8775,-1197.370916,round_trip_estimate,1274.4211235,77.05020749999994,5.184834500000079,0.430203,17910.700922
6365bd5d7ecc4fd58f5fdf95d5a1a640,1,1094,1790127249974245935,1790127250056672806,1790127250057272583,1790127248788615200,610466671000000,38.142219,46.0,0,45.928871011710726,0.593684,8744,-1185.630735,round_trip_estimate,1274.4211235,88.79038850000006,5.76374050000004,0.430203,17960.003804
6365bd5d7ecc4fd58f5fdf95d5a1a640,1,1095,1790127250036181273,1790127250137651550,1790127250138224105,1790127248867346900,610466750000000,61.935338,79.0,0,77.00371499231551,0.56824,8762,-1168.834373,round_trip_estimate,1274.4211235,105.58675050000011,3.543918500000018,0.430203,18040.954252
6365bd5d7ecc4fd58f5fdf95d5a1a640,1,1097,1790127250135413981,1790127250217141205,1790127250217698185,1790127248952652800,610466828000000,99.232708,78.0,1,77.32430800388101,0.552628,8804,-1182.761181,round_trip_estimate,1274.4211235,91.65994249999994,9.375738500000125,0.430203,18120.428444
6365bd5d7ecc4fd58f5fdf95d5a1a640,1,1098,1790127250171694000,1790127250301633386,1790127250302204459,1790127249038503900,610466921000000,36.280019,93.0,0,76.88252998923417,0.566351,8809,-1133.1901,round_trip_estimate,1274.4211235,141.2310235,10.72056449999991,0.430203,18204.935199
6365bd5d7ecc4fd58f5fdf95d5a1a640,1,1100,1790127250271504484,1790127250387146918,1790127250387706139,1790127249120746500,610467000000000,99.810484,79.0,1,76.64514200587291,0.555276,8853,-1150.757984,round_trip_estimate,1274.4211235,123.66313949999994,7.461484500000097,0.430203,18290.436305
6365bd5d7ecc4fd58f5fdf95d5a1a640,1,1102,1790127250371493912,1790127250471537174,1790127250472095654,1790127249198733200,610467078000000,99.989428,78.0,1,78.7830259941984,0.554092,8801,-1172.760712,round_trip_estimate,1274.4211235,101.66041150000001,1.0586694999999509,0.430203,18374.82545
6365bd5d7ecc4fd58f5fdf95d5a1a640,1,1103,1790127250439933034,1790127250550377052,1790127250550933884,1790127249279639500,610467156000000,68.439122,78.0,0,76.38473500264809,0.552203,8853,-1160.293534,round_trip_estimate,1274.4211235,114.12758950000011,3.126739499999985,0.430203,18453.664068
6365bd5d7ecc4fd58f5fdf95d5a1a640,1,1104,1790127250503736738,1790127250659259536,1790127250659819090,1790127249389274300,610467265000000,63.803704,109.0,0,106.83430399512872,0.554962,8860,-1114.462438,round_trip_estimate,1274.4211235,159.9586855,3.8763335000001007,0.430203,18562.549275
6365bd5d7ecc4fd58f5fdf95d5a1a640,1,1106,1790127250639668613,1790127250737757193,1790127250738336228,1790127249471260600,610467359000000,135.931875,94.0,1,76.2966799957212,0.574462,8841,-1168.408013,round_trip_estimate,1274.4211235,106.01311050000004,7.34549549999997,0.430203,18641.066783
6365bd5d7ecc4fd58f5fdf95d5a1a640,1,1108,1790127250739387949,1790127250821171543,1790127250821734357,1790127249550374300,610467437000000,99.719336,78.0,1,77.94849100173451,0.558221,8772,-1189.013649,round_trip_estimate,1274.4211235,85.40747450000003,3.0610664999999244,0.430203,18724.464356
6365bd5d7ecc4fd58f5fdf95d5a1a640,1,1109,1790127250803486690,1790127250899980273,1790127250900538716,1790127249627007300,610467515000000,64.098741,78.0,0,76.67906700226013,0.553573,8775,-1176.47939,round_trip_estimate,1274.4211235,97.94173350000005,0.8897074999999859,0.430203,18803.268919
6365bd5d7ecc4fd58f5fdf95d5a1a640,1,1110,1790127250839799154,1790127250949427451,1790127250950052339,1790127249678847300,610467562000000,36.312464,47.0,0,47.378477989695966,0.618036,8754,-1160.951854,round_trip_estimate,1274.4211235,113.46926950000011,3.216084500000079,0.430203,18852.784412
6365bd5d7ecc4fd58f5fdf95d5a1a640,1,1112,1790127250939507990,1790127251029843956,1790127251030415844,1790127249759585400,610467640000000,99.708836,78.0,1,78.07628699811175,0.567258,8791,-1179.92259,round_trip_estimate,1274.4211235,94.49853350000012,3.5906795000000784,0.430203,18933.146158
6365bd5d7ecc4fd58f5fdf95d5a1a640,1,1113,1790127251003932990,1790127251109573333,1790127251110148535,1790127249840031400,610467718000000,64.425,78.0,0,77.48958500451408,0.570777,8736,-1163.90159,round_trip_estimate,1274.4211235,110.51953350000008,4.3039885000000595,0.430203,19012.878497
6365bd5d7ecc4fd58f5fdf95d5a1a640,1,1115,1790127251103412919,1790127251159526639,1790127251160122305,1790127249895171000,610467781000000,99.479929,63.0,1,47.60777398769278,0.589999,8732,-1208.241919,round_trip_estimate,1274.4211235,66.17920449999997,9.469818499999974,0.430203,19062.853582
6365bd5d7ecc4fd58f5fdf95d5a1a640,1,1116,1790127251139650716,1790127251215120787,1790127251215725989,1790127249945849600,610467828000000,36.237797,47.0,0,47.790867000003345,0.59924,8730,-1193.801116,round_trip_estimate,1274.4211235,80.62000749999993,4.544734500000004,0.430203,19118.457766
6365bd5d7ecc4fd58f5fdf95d5a1a640,1,1117,1790127251203837050,1790127251296267105,1790127251296825974,1790127250025425900,610467906000000,64.186334,78.0,0,78.19710198964458,0.554703,8787,-1178.41115,round_trip_estimate,1274.4211235,96.00997350000011,3.0210495000001174,0.430203,19199.556122
6365bd5d7ecc4fd58f5fdf95d5a1a640,1,1118,1790127251239753367,1790127251376357814,1790127251376917517,1790127250106449200,610467984000000,35.916317,78.0,0,78.07176900678314,0.555276,8747,-1133.304167,round_trip_estimate,1274.4211235,141.11695650000001,3.9528064999999515,0.430203,19279.647627
6365bd5d7ecc4fd58f5fdf95d5a1a640,1,1120,1790127251339397722,1790127251456986041,1790127251457539892,1790127250189898800,610468078000000,99.644355,94.0,1,78.45693400304299,0.549647,8747,-1149.498922,round_trip_estimate,1274.4211235,124.92220150000003,6.78003149999995,0.430203,19360.270058
6365bd5d7ecc4fd58f5fdf95d5a1a640,1,1122,1790127251439555243,1790127251539044616,1790127251539653060,1790127250269103200,610468156000000,100.157521,78.0,1,77.27623400569428,0.604314,8709,-1170.452043,round_trip_estimate,1274.4211235,103.96908050000002,3.871263499999941,0.430203,19442.382985
6365bd5d7ecc4fd58f5fdf95d5a1a640,1,1124,1790127251539516541,1790127251586921316,1790127251587525352,1790127250319362300,610468203000000,99.961298,47.0,1,45.43237200414296,0.598869,8709,-1220.154241,round_trip_estimate,1274.4211235,54.266882500000065,6.2580714999999145,0.430203,19490.256889
6365bd5d7ecc4fd58f5fdf95d5a1a640,1,1125,1790127251603454320,1790127251680245129,1790127251680806424,1790127250410903800,610468296000000,63.937779,93.0,0,76.51114200416487,0.557036,8730,-1192.55052,round_trip_estimate,1274.4211235,81.87060350000002,4.518499499999962,0.430203,19583.537145
6365bd5d7ecc4fd58f5fdf95d5a1a640,1,1126,1790127251639586618,1790127251760933892,1790127251761490298,1790127250501888600,610468390000000,36.132298,94.0,0,77.29993700922932,0.552295,8744,-1137.698018,round_trip_estimate,1274.4211235,136.72310549999997,14.81942550000008,0.430203,19664.219983
6365bd5d7ecc4fd58f5fdf95d5a1a640,1,1128,1790127251739738139,1790127251852631652,1790127251853187873,1790127250592580700,610468468000000,100.151521,78.0,1,78.62748901243322,0.552239,8759,-1147.157439,round_trip_estimate,1274.4211235,127.26368449999995,13.813950499999919,0.430203,19755.918058
6365bd5d7ecc4fd58f5fdf95d5a1a640,1,1130,1790127251839518882,1790127251941626232,1790127251942195602,1790127250670823600,610468546000000,99.780743,78.0,1,77.04886299325153,0.565313,8794,-1168.695282,round_trip_estimate,1274.4211235,105.72584150000012,3.0491214999999556,0.430203,19844.925693
6365bd5d7ecc4fd58f5fdf95d5a1a640,1,1132,1790127251939439366,1790127252020300537,1790127252020862388,1790127250744584500,610468625000000,99.920484,79.0,1,76.25260601344053,0.557203,8735,-1194.854866,round_trip_estimate,1274.4211235,79.56625750000012,-1.8567645000000539,0.430203,19923.593072
6365bd5d7ecc4fd58f5fdf95d5a1a640,1,1133,1790127252003507886,1790127252098913731,1790127252099473915,1790127250828241900,610468703000000,64.06852,78.0,0,76.53536500583868,0.555239,8764,-1175.265986,round_trip_estimate,1274.4211235,99.15513749999991,3.189108499999975,0.430203,20002.204099
6365bd5d7ecc4fd58f5fdf95d5a1a640,1,1134,1790127252039805961,1790127252179668217,1790127252180221808,1790127250908134600,610468796000000,36.298075,93.0,0,78.6623599997256,0.549666,8762,-1131.671361,round_trip_estimate,1274.4211235,142.7497625000001,2.333915500000103,0.430203,20082.952511
6365bd5d7ecc4fd58f5fdf95d5a1a640,1,1136,1790127252171868510,1790127252257936893,1790127252258495577,1790127250972546800,610468859000000,132.062549,63.0,1,76.13540200691205,0.554962,8773,-1199.32171,round_trip_estimate,1274.4211235,75.09941350000008,-11.527653500000042,0.430203,20161.226021
6365bd5d7ecc4fd58f5fdf95d5a1a640,1,1137,1790127252239893892,1790127252337439715,1790127252338012010,1790127251073931800,610468953000000,68.025382,94.0,0,77.3815860011382,0.568443,8737,-1165.962092,round_trip_estimate,1274.4211235,108.45903150000004,10.340913499999942,0.430203,20240.741879
6365bd5d7ecc4fd58f5fdf95d5a1a640,1,1138,1790127252307968218,1790127252422341600,1790127252422899432,1790127251151958000,610469031000000,68.074326,78.0,0,76.51480899949092,0.553184,8758,-1156.010218,round_trip_estimate,1274.4211235,118.41090550000013,3.4796914999999444,0.430203,20325.629635
6365bd5d7ecc4fd58f5fdf95d5a1a640,1,1139,1790127252371689979,1790127252504915897,1790127252505640025,1790127251229410400,610469109000000,63.721761,78.0,0,80.41172700177412,0.719758,8754,-1142.279579,round_trip_estimate,1274.4211235,132.1415445,-1.8085014999999203,0.430203,20408.370746
6365bd5d7ecc4fd58f5fdf95d5a1a640,1,1140,1790127252439991583,1790127252599942909,1790127252600494556,1790127251329927400,610469218000000,68.301604,109.0,0,92.6907770044636,0.547462,8722,-1110.064183,round_trip_estimate,1274.4211235,164.35694050000006,3.8539674999999534,0.430203,20503.224315
6365bd5d7ecc4fd58f5fdf95d5a1a640,1,1142,1790127252571901873,1790127252679587027,1790127252680142804,1790127251411954200,610469296000000,131.91029,78.0,1,77.51699299842585,0.551628,8795,-1159.947673,round_trip_estimate,1274.4211235,114.47345050000013,6.23251950000008,0.430203,20582.87284
6365bd5d7ecc4fd58f5fdf95d5a1a640,1,1144,1790127252671471636,1790127252760488420,1790127252761047197,1790127251495265400,610469375000000,99.569763,79.0,1,76.50564199138898,0.55398,8776,-1176.206236,round_trip_estimate,1274.4211235,98.21488750000003,8.639326499999925,0.430203,20663.777178
6365bd5d7ecc4fd58f5fdf95d5a1a640,1,1145,1790127252708291062,1790127252843890216,1790127252844450400,1790127251574401500,610469453000000,36.819426,78.0,0,76.51877199532464,0.555721,8775,-1133.889562,round_trip_estimate,1274.4211235,140.53156149999995,4.372223500000018,0.430203,20747.180214
6365bd5d7ecc4fd58f5fdf95d5a1a640,1,1147,1790127252807453196,1790127252923361630,1790127252923921333,1790127251650464400,610469531000000,99.162134,78.0,1,76.93703100085258,0.555221,8754,-1156.988796,round_trip_estimate,1274.4211235,117.43232749999993,0.9641905000000861,0.430203,20826.650999
6365bd5d7ecc4fd58f5fdf95d5a1a640,1,1149,1790127252907557643,1790127253002991785,1790127253003551598,1790127251735560000,610469625000000,100.104447,94.0,1,77.49686200986616,0.555425,8783,-1171.997643,round_trip_estimate,1274.4211235,102.4234805000001,6.429525499999954,0.430203,20906.28182
6365bd5d7ecc4fd58f5fdf95d5a1a640,1,1150,1790127252973339955,1790127253084295288,1790127253084849880,1790127251815858100,610469703000000,65.782312,78.0,0,76.5867169975536,0.550776,8796,-1157.481855,round_trip_estimate,1274.4211235,116.93926850000003,5.429343499999959,0.430203,20987.579379
6365bd5d7ecc4fd58f5fdf95d5a1a640,1,1152,1790127253071764017,1790127253134181799,1790127253134794391,1790127251863823600,610469750000000,98.424062,47.0,1,45.94537100638263,0.605739,8770,-1207.940417,round_trip_estimate,1274.4211235,66.4807065,3.4503325000000586,0.430203,21037.524816
6365bd5d7ecc4fd58f5fdf95d5a1a640,1,1153,1790127253107823260,1790127253182594776,1790127253183192145,1790127251917164700,610469796000000,36.059243,46.0,0,46.18783299520146,0.591147,8791,-1190.65856,round_trip_estimate,1274.4211235,83.76256349999994,8.393678500000078,0.430203,21085.923404
6365bd5d7ecc4fd58f5fdf95d5a1a640,1,1154,1790127253171884650,1790127253236347243,1790127253236951426,1790127251966365600,610469843000000,64.06139,47.0,0,47.00296100054402,0.59861,8775,-1205.51905,round_trip_estimate,1274.4211235,68.90207349999991,3.8352975000000242,0.430203,21139.681981
6365bd5d7ecc4fd58f5fdf95d5a1a640,1,1155,1790127253210273369,1790127253284590090,1790127253285189663,1790127252026111500,610469906000000,38.388719,63.0,0,45.92935199616477,0.593091,8743,-1184.161869,round_trip_estimate,1274.4211235,90.2592545,15.342960500000117,0.430203,21187.920699
6365bd5d7ecc4fd58f5fdf95d5a1a640,1,1156,1790127253272147615,1790127253344421211,1790127253345019987,1790127252074040700,610469953000000,61.874246,47.0,0,46.03794500872027,0.593277,8777,-1198.106915,round_trip_estimate,1274.4211235,76.31420849999995,3.4418364999999085,0.430203,21247.751487
6365bd5d7ecc4fd58f5fdf95d5a1a640,1,1157,1790127253307865025,1790127253392762373,1790127253393389057,1790127252120953000,610470000000000,35.71741,47.0,0,46.055611994233914,0.619499,8747,-1186.912025,round_trip_estimate,1274.4211235,87.50909849999994,1.98506650000013,0.430203,21296.120927
6365bd5d7ecc4fd58f5fdf95d5a1a640,1,1158,1790127253371831137,1790127253441699368,1790127253442333237,1790127252171852200,610470046000000,63.966112,46.0,0,46.07531499641482,0.627258,8741,-1199.978937,round_trip_estimate,1274.4211235,74.44218649999993,3.9400865000000067,0.430203,21345.064977
6365bd5d7ecc4fd58f5fdf95d5a1a640,1,1159,1790127253407903102,1790127253490052474,1790127253490663417,1790127252229378700,610470109000000,36.071965,63.0,0,45.98227801034227,0.604202,8754,-1178.524402,round_trip_estimate,1274.4211235,95.89672150000001,13.136406500000021,0.430203,21393.395417
6365bd5d7ecc4fd58f5fdf95d5a1a640,1,1160,1790127253471821937,1790127253547461174,1790127253548056210,1790127252277362800,610470156000000,63.918835,47.0,0,46.028610988287255,0.588777,8757,-1194.459137,round_trip_estimate,1274.4211235,79.96198649999997,3.727713499999936,0.430203,21450.787246
6365bd5d7ecc4fd58f5fdf95d5a1a640,1,1161,1790127253508240641,1790127253630629655,1790127253631185432,1790127252362083700,610470250000000,36.418704,94.0,0,80.76220800285228,0.55161,8771,-1146.156941,round_trip_estimate,1274.4211235,128.26418250000006,5.319391499999938,0.430203,21533.915376
6365bd5d7ecc4fd58f5fdf95d5a1a640,1,1163,1790127253607710757,1790127253681377776,1790127253682008978,1790127252416782400,610470296000000,99.470116,46.0,1,47.41070099407807,0.625591,8688,-1190.928357,round_trip_estimate,1274.4211235,83.49276650000002,9.194545500000004,0.430203,21584.740237
6365bd5d7ecc4fd58f5fdf95d5a1a640,1,1164,1790127253671801424,1790127253765876902,1790127253766440568,1790127252495977600,610470375000000,64.090667,79.0,0,77.00932699663099,0.55924,8442,-1175.823824,round_trip_estimate,1274.4211235,98.59729949999996,3.9581554999999753,0.430203,21669.170845
6365bd5d7ecc4fd58f5fdf95d5a1a640,1,1165,1790127253708157611,1790127253813860232,1790127253814488009,1790127252556931400,610470437000000,36.356187,62.0,0,45.8711859973846,0.620813,8332,-1151.226211,round_trip_estimate,1274.4211235,123.1949125000001,16.86451450000004,0.430203,21717.219712
6365bd5d7ecc4fd58f5fdf95d5a1a640,1,1167,1790127253807556541,1790127253875184572,1790127253875787719,1790127252604982100,610470484000000,99.39893,47.0,1,46.259536989964545,0.596313,8110,-1202.574441,round_trip_estimate,1274.4211235,71.84668250000004,3.6155045000000428,0.430203,21778.518755
6365bd5d7ecc4fd58f5fdf95d5a1a640,1,1168,1790127253871583987,1790127253954764431,1790127253955314356,1790127252685476400,610470562000000,64.027446,78.0,0,77.03964201209601,0.545684,7983,-1186.107587,round_trip_estimate,1274.4211235,88.31353650000005,4.583167499999945,0.430203,21858.045985
6365bd5d7ecc4fd58f5fdf95d5a1a640,1,1169,1790127253907877506,1790127254063938601,1790127254064493637,1790127252807811700,610470687000000,36.293519,125.0,0,106.44734199740924,0.55111,8061,-1100.065806,round_trip_estimate,1274.4211235,174.35531749999996,17.73918649999996,0.430203,21967.22321
6365bd5d7ecc4fd58f5fdf95d5a1a640,1,1172,1790127254075655855,1790127254156278064,1790127254156835748,1790127252900688500,610470781000000,167.778349,94.0,2,76.44290300959256,0.55298,8463,-1174.967355,round_trip_estimate,1274.4211235,99.45376850000002,18.27387550000003,0.430203,22059.566359
6365bd5d7ecc4fd58f5fdf95d5a1a640,1,1173,1790127254139583042,1790127254249081397,1790127254249645192,1790127252971978000,610470859000000,63.927187,78.0,0,76.4222180005163,0.559351,9016,-1167.605042,round_trip_estimate,1274.4211235,106.81608150000011,-3.246068499999865,0.430203,22152.375691
6365bd5d7ecc4fd58f5fdf95d5a1a640,1,1174,1790127254207806350,1790127254297055764,1790127254297666318,1790127253035627800,610470921000000,68.223308,62.0,0,45.85305599903222,0.603944,8839,-1172.17855,round_trip_estimate,1274.4211235,102.24257349999993,12.382605499999954,0.430203,22200.398225
6365bd5d7ecc4fd58f5fdf95d5a1a640,1,1175,1790127254275948121,1790127254353691409,1790127254354331278,1790127253085041500,610470968000000,68.141771,47.0,0,46.013573999516666,0.632258,8615,-1190.906621,round_trip_estimate,1274.4211235,83.51450249999994,5.131345499999952,0.430203,22257.063167
6365bd5d7ecc4fd58f5fdf95d5a1a640,1,1176,1790127254339855993,1790127254403393514,1790127254404007975,1790127253136133500,610471015000000,63.907872,47.0,0,46.28285201033577,0.608554,8734,-1203.722493,round_trip_estimate,1274.4211235,70.69863050000004,6.546648499999947,0.430203,22306.739549
6365bd5d7ecc4fd58f5fdf95d5a1a640,1,1177,1790127254376021105,1790127254484971257,1790127254485526534,1790127253230028500,610471109000000,36.165112,94.0,0,76.56206899264362,0.55148,8761,-1145.992605,round_trip_estimate,1274.4211235,128.4285185000001,18.92308950000006,0.430203,22388.256311
6365bd5d7ecc4fd58f5fdf95d5a1a640,1,1179,1790127254475617702,1790127254547920576,1790127254548531871,1790127253277303300,610471156000000,99.596597,47.0,1,45.751316007226706,0.605239,8783,-1198.314402,round_trip_estimate,1274.4211235,76.10672150000005,3.1925524999999197,0.430203,22451.263778
6365bd5d7ecc4fd58f5fdf95d5a1a640,1,1180,1790127254539799129,1790127254596081868,1790127254596674293,1790127253323691400,610471203000000,64.181427,47.0,0,45.764944996335544,0.58661,8900,-1216.107729,round_trip_estimate,1274.4211235,58.31339449999996,1.4382304999999178,0.430203,22499.406774
6365bd5d7ecc4fd58f5fdf95d5a1a640,1,1181,1790127254575946557,1790127254644136902,1790127254644737734,1790127253369315100,610471250000000,36.147428,47.0,0,45.76992700458504,0.595109,8961,-1206.631457,round_trip_estimate,1274.4211235,67.78966650000007,-1.0015104999999949,0.430203,22547.469363
6365bd5d7ecc4fd58f5fdf95d5a1a640,1,1182,1790127254639630929,1790127254692281324,1790127254692878322,1790127253410191200,610471296000000,63.684372,46.0,0,45.8634630049346,0.590555,9077,-1229.439729,round_trip_estimate,1274.4211235,44.98139450000008,-8.265998500000023,0.430203,22595.609618
6365bd5d7ecc4fd58f5fdf95d5a1a640,1,1183,1790127254675855783,1790127254742581297,1790127254743175500,1790127253465139300,610471343000000,36.224854,47.0,0,45.82242600736208,0.587666,9150,-1210.716483,round_trip_estimate,1274.4211235,63.704640500000096,-3.6150764999999865,0.430203,22645.906758
6365bd5d7ecc4fd58f5fdf95d5a1a640,1,1184,1790127254739635766,1790127254790782200,1790127254791382347,1790127253520216500,610471406000000,63.779983,63.0,0,45.841815997846425,0.59424,9308,-1219.419266,round_trip_estimate,1274.4211235,55.001857499999915,3.2552765000000363,0.430203,22694.113754
6365bd5d7ecc4fd58f5fdf95d5a1a640,1,1185,1790127254775905415,1790127254840600545,1790127254841182729,1790127253558366600,610471437000000,36.269649,31.0,0,47.45560899027623,0.576017,9319,-1217.538815,round_trip_estimate,1274.4211235,56.88230849999991,-8.395005500000025,0.430203,22743.913006
6365bd5d7ecc4fd58f5fdf95d5a1a640,1,1186,1790127254840074954,1790127254889159133,1790127254889783669,1790127253604299200,610471484000000,64.169539,47.0,0,46.19720298796892,0.615961,9275,-1235.775754,round_trip_estimate,1274.4211235,38.645369500000015,-11.063345499999969,0.430203,22792.515094
6365bd5d7ecc4fd58f5fdf95d5a1a640,1,1187,1790127254876084011,1790127254937557703,1790127254938175072,1790127253667835600,610471546000000,36.009057,62.0,0,45.651111999177374,0.611054,9234,-1208.248411,round_trip_estimate,1274.4211235,66.17271249999999,4.0816515000001345,0.430203,22840.906867
6365bd5d7ecc4fd58f5fdf95d5a1a640,1,1188,1790127254939747680,1790127254987897935,1790127254988491101,1790127253717750900,610471593000000,63.663669,47.0,0,47.58933000266552,0.587666,9266,-1221.99678,round_trip_estimate,1274.4211235,52.42434350000008,3.6809224999999515,0.430203,22891.222896
6365bd5d7ecc4fd58f5fdf95d5a1a640,1,1189,1790127254975762108,1790127255035779876,1790127255036383894,1790127253761226700,610471640000000,36.014428,47.0,0,45.57072400348261,0.597906,9189,-1214.535408,round_trip_estimate,1274.4211235,59.88571550000006,-0.7360704999998688,0.430203,22939.115319
6365bd5d7ecc4fd58f5fdf95d5a1a640,1,1190,1790127255039737906,1790127255094468833,1790127255095064887,1790127253824330800,610471703000000,63.975798,63.0,0,46.18046298855916,0.590684,9370,-1215.407106,round_trip_estimate,1274.4211235,59.01401749999991,3.6870364999999765,0.430203,22997.796239
6365bd5d7ecc4fd58f5fdf95d5a1a640,1,1191,1790127255075844111,1790127255142793773,1790127255143408902,1790127253872397500,610471750000000,36.106205,47.0,0,45.91381599311717,0.608832,9393,-1203.446611,round_trip_estimate,1274.4211235,70.97451249999995,3.4097214999999323,0.430203,23046.140623
6365bd5d7ecc4fd58f5fdf95d5a1a640,1,1192,1790127255139734594,1790127255190901955,1790127255191499861,1790127253926323200,610471812000000,63.890483,62.0,0,45.796853009960614,0.590647,9388,-1213.411394,round_trip_estimate,1274.4211235,61.00972950000005,9.244462500000054,0.430203,23094.230842
6365bd5d7ecc4fd58f5fdf95d5a1a640,1,1193,1790127255175753448,1790127255244302385,1790127255244895180,1790127253963595500,610471843000000,36.018854,31.0,0,45.8991860068636,0.586999,9505,-1212.157948,round_trip_estimate,1274.4211235,62.26317549999999,-6.878556500000059,0.430203,23147.627032
6365bd5d7ecc4fd58f5fdf95d5a1a640,1,1194,1790127255239633006,1790127255295623246,1790127255296223726,1790127254027221000,610471906000000,63.879558,63.0,0,45.832852003513835,0.59398,9617,-1212.412006,round_trip_estimate,1274.4211235,62.0091175,5.418397500000083,0.430203,23198.954744
6365bd5d7ecc4fd58f5fdf95d5a1a640,1,1195,1790127255275996433,1790127255346860588,1790127255347468827,1790127254073427900,610471953000000,36.363427,47.0,0,47.58042300818488,0.602424,9701,-1202.568533,round_trip_estimate,1274.4211235,71.85259050000013,0.38019650000001093,0.430203,23250.199993
6365bd5d7ecc4fd58f5fdf95d5a1a640,1,1196,1790127255342163560,1790127255395089528,1790127255395695323,1790127254120886900,610472000000000,66.167127,47.0,0,45.920834003482014,0.598388,9645,-1221.27666,round_trip_estimate,1274.4211235,53.14446350000003,-0.3872994999999264,0.430203,23298.426378
6365bd5d7ecc4fd58f5fdf95d5a1a640,1,1197,1790127255375974826,1790127255456183350,1790127255456798442,1790127254183276900,610472062000000,33.811266,62.0,0,47.57642300683074,0.609091,9629,-1192.697926,round_trip_estimate,1274.4211235,81.72319749999997,0.8995815000000675,0.430203,23359.529089
6365bd5d7ecc4fd58f5fdf95d5a1a640,1,1198,1790127255439886476,1790127255512966755,1790127255513570587,1790127254244898200,610472125000000,63.91165,63.0,0,47.15599899645895,0.59748,9589,-1194.988276,round_trip_estimate,1274.4211235,79.43284749999998,5.74873649999995,0.430203,23416.302105
6365bd5d7ecc4fd58f5fdf95d5a1a640,1,1199,1790127255478374491,1790127255564525726,1790127255565125244,1790127254298518100,610472187000000,38.488015,62.0,0,47.63944199657999,0.591795,9515,-1179.856391,round_trip_estimate,1274.4211235,94.56473249999999,7.813979499999959,0.430203,23467.856224
6365bd5d7ecc4fd58f5fdf95d5a1a640,1,1200,1790127255539778442,1790127255617794583,1790127255618436581,1790127254354948800,610472234000000,61.403951,47.0,0,45.67535300157033,0.634924,9653,-1184.829642,round_trip_estimate,1274.4211235,89.5914815000001,10.93334249999998,0.430203,23521.168192
6365bd5d7ecc4fd58f5fdf95d5a1a640,1,1201,1790127255575696778,1790127255673121416,1790127255673736860,1790127254417630100,610472296000000,35.918336,62.0,0,46.033556005568244,0.608129,9708,-1158.066678,round_trip_estimate,1274.4211235,116.35444550000011,18.314363500000127,0.430203,23576.468859
6365bd5d7ecc4fd58f5fdf95d5a1a640,1,1203,1790127255675643560,1790127255735355329,1790127255735966106,1790127254472230300,610472359000000,99.946782,63.0,1,45.51142700074706,0.604406,9703,-1203.41326,round_trip_estimate,1274.4211235,71.00786349999998,10.68531750000011,0.430203,23638.697438
6365bd5d7ecc4fd58f5fdf95d5a1a640,1,1204,1790127255739657246,1790127255790299515,1790127255790928940,1790127254510572300,610472390000000,64.013686,31.0,0,45.94111199548934,0.622147,9813,-1229.084946,round_trip_estimate,1274.4211235,45.336177500000076,-5.935516499999949,0.430203,23693.660847
6365bd5d7ecc4fd58f5fdf95d5a1a640,1,1205,1790127255775836859,1790127255843269169,1790127255843950853,1790127254574039900,610472453000000,36.179613,63.0,0,45.544334992882796,0.673684,9810,-1201.796959,round_trip_estimate,1274.4211235,72.6241645,4.510170499999958,0.430203,23746.683185
6365bd5d7ecc4fd58f5fdf95d5a1a640,1,1206,1790127255843718390,1790127255892046627,1790127255892660866,1790127254619854300,610472500000000,67.881531,47.0,0,45.74268600845244,0.607073,9930,-1223.86409,round_trip_estimate,1274.4211235,50.55703349999999,1.6145575000000463,0.430203,23795.39231
6365bd5d7ecc4fd58f5fdf95d5a1a640,1,1207,1790127255907651595,1790127255953789485,1790127255954422965,1790127254687234000,610472562000000,63.933205,62.0,0,45.863149003707804,0.626924,9893,-1220.417595,round_trip_estimate,1274.4211235,54.00352850000013,7.232158499999969,0.430203,23857.155446
6365bd5d7ecc4fd58f5fdf95d5a1a640,1,1208,1790127255975853996,1790127256021634145,1790127256022257977,1790127254747510300,610472625000000,68.202401,63.0,0,45.52970500662923,0.617962,9846,-1228.343696,round_trip_estimate,1274.4211235,46.07742750000011,-0.32655350000004546,0.430203,23924.990069
6365bd5d7ecc4fd58f5fdf95d5a1a640,1,1209,1790127256043626879,1790127256089753139,1790127256090398101,1790127254824770100,610472703000000,67.772883,78.0,0,45.84535300091375,0.638276,9850,-1218.856779,round_trip_estimate,1274.4211235,55.56434450000006,8.793122499999981,0.430203,23993.130174
6365bd5d7ecc4fd58f5fdf95d5a1a640,1,1210,1790127256107612770,1790127256153437901,1790127256154094492,1790127254882014800,610472765000000,63.985891,62.0,0,45.579372002976015,0.648776,9796,-1225.59797,round_trip_estimate,1274.4211235,48.82315349999999,2.3414314999999988,0.430203,24056.826047
6365bd5d7ecc4fd58f5fdf95d5a1a640,1,1211,1790127256175648727,1790127256221462543,1790127256222100912,1790127254951230400,610472828000000,68.035957,63.0,0,45.52442699787207,0.631962,9699,-1224.418327,round_trip_estimate,1274.4211235,50.00279649999993,3.550611500000059,0.430203,24124.832448
6365bd5d7ecc4fd58f5fdf95d5a1a640,1,1212,1790127256243619906,1790127256289497407,1790127256290131720,1790127255006883200,610472890000000,67.971179,62.0,0,45.62846399494447,0.627424,9643,-1236.736706,round_trip_estimate,1274.4211235,37.68441750000011,-8.827396500000077,0.430203,24192.865182
6365bd5d7ecc4fd58f5fdf95d5a1a640,1,1213,1790127256307625222,1790127256353984778,1790127256354582388,1790127255080265700,610472968000000,64.005316,78.0,0,46.08953700517304,0.590887,9723,-1227.359522,round_trip_estimate,1274.4211235,47.06160150000005,0.10443549999990864,0.430203,24257.313517
6365bd5d7ecc4fd58f5fdf95d5a1a640,1,1214,1790127256343953557,1790127256401841719,1790127256402475792,1790127255131823900,610473015000000,36.328335,47.0,0,45.48937200161163,0.627758,9780,-1212.129657,round_trip_estimate,1274.4211235,62.29146650000007,3.7692314999999326,0.430203,24305.206921
6365bd5d7ecc4fd58f5fdf95d5a1a640,1,1215,1790127256407648208,1790127256454172411,1790127256454800984,1790127255198481500,610473078000000,63.694651,63.0,0,46.23398200783413,0.62061,9793,-1209.166708,round_trip_estimate,1274.4211235,65.25441550000005,18.10163949999992,0.430203,24357.53265
6365bd5d7ecc4fd58f5fdf95d5a1a640,1,1216,1790127256443748525,1790127256516215695,1790127256516846804,1790127255260866600,610473140000000,36.100317,62.0,0,45.7146679982543,0.623814,9802,-1182.881925,round_trip_estimate,1274.4211235,91.53919850000011,18.440919500000064,0.430203,24419.578063
6365bd5d7ecc4fd58f5fdf95d5a1a640,1,1217,1790127256507703823,1790127256579273735,1790127256579891086,1790127255324831100,610473203000000,63.955298,63.0,0,46.151093003572896,0.610961,9790,-1182.872723,round_trip_estimate,1274.4211235,91.54840050000007,19.36113750000004,0.430203,24482.622993
6365bd5d7ecc4fd58f5fdf95d5a1a640,1,1218,1790127256544032176,1790127256643196182,1790127256643899977,1790127255386018600,610473265000000,36.328353,62.0,0,46.363482004380785,0.696443,9711,-1158.013576,round_trip_estimate,1274.4211235,116.40754749999996,16.539746500000092,0.430203,24546.630624
6365bd5d7ecc4fd58f5fdf95d5a1a640,1,1220,1790127256643717810,1790127256703699709,1790127256704308856,1790127255436640100,610473312000000,99.685634,47.0,1,45.50563199154567,0.602961,9681,-1207.07771,round_trip_estimate,1274.4211235,67.3434135,6.752367499999991,0.430203,24607.04117
6365bd5d7ecc4fd58f5fdf95d5a1a640,1,1221,1790127256707823182,1790127256755349939,1790127256755951845,1790127255484882600,610473359000000,64.105372,47.0,0,45.91192600491922,0.59548,9669,-1222.940582,round_trip_estimate,1274.4211235,51.48054150000007,3.3518785000001117,0.430203,24658.683715
6365bd5d7ecc4fd58f5fdf95d5a1a640,1,1222,1790127256743942388,1790127256803346843,1790127256803961601,1790127255532385300,610473421000000,36.119206,62.0,0,45.60766799841076,0.608203,9714,-1211.557088,round_trip_estimate,1274.4211235,62.8640355,2.844822499999964,0.430203,24706.69323
6365bd5d7ecc4fd58f5fdf95d5a1a640,1,1223,1790127256807709205,1790127256853697558,1790127256854335408,1790127255589009800,610473468000000,63.766817,47.0,0,45.70933400827926,0.631517,9661,-1218.699405,round_trip_estimate,1274.4211235,55.72171849999995,9.09551549999992,0.430203,24757.068019
6365bd5d7ecc4fd58f5fdf95d5a1a640,1,1224,1790127256843830003,1790127256906753007,1790127256907368802,1790127255621134000,610473500000000,36.120798,32.0,0,45.546483001089655,0.609702,9715,-1222.696003,round_trip_estimate,1274.4211235,51.7251205,-11.813678499999924,0.430203,24810.101209
6365bd5d7ecc4fd58f5fdf95d5a1a640,1,1225,1790127256907817246,1790127256955638095,1790127256956243334,1790127255687157500,610473562000000,63.987243,62.0,0,46.23066700878553,0.598925,9710,-1220.659746,round_trip_estimate,1274.4211235,53.76137749999998,5.335289500000044,0.430203,24858.974167
6365bd5d7ecc4fd58f5fdf95d5a1a640,1,1226,1790127256943898174,1790127257005076811,1790127257005682550,1790127255746424300,610473625000000,36.080928,63.0,0,45.710852995398454,0.599944,9784,-1197.473874,round_trip_estimate,1274.4211235,76.9472495,15.162873499999932,0.430203,24908.413457
6365bd5d7ecc4fd58f5fdf95d5a1a640,1,1227,1790127257007756806,1790127257065953319,1790127257066564281,1790127255810199100,610473687000000,63.858632,62.0,0,47.34834999544546,0.603369,9803,-1197.557706,round_trip_estimate,1274.4211235,76.86341749999997,18.05594250000013,0.430203,24969.295465
6365bd5d7ecc4fd58f5fdf95d5a1a640,1,1228,1790127257044030918,1790127257128240010,1790127257128844620,1790127255873260400,610473750000000,36.274112,63.0,0,45.87820499727968,0.598221,9808,-1170.770518,round_trip_estimate,1274.4211235,103.65060549999998,18.836903500000062,0.430203,25031.576026
6365bd5d7ecc4fd58f5fdf95d5a1a640,1,1230,1790127257143700831,1790127257190954181,1790127257191577846,1790127255922108100,610473796000000,99.669913,46.0,1,45.54890899453312,0.617573,9745,-1221.592731,round_trip_estimate,1274.4211235,52.828392500000064,4.951377500000035,0.430203,25094.309253
6365bd5d7ecc4fd58f5fdf95d5a1a640,1,1231,1790127257207703888,1790127257254479999,1790127257255077479,1790127255981874300,610473859000000,64.003057,63.0,0,46.53407400473952,0.591925,9718,-1225.829588,round_trip_estimate,1274.4211235,48.591535499999964,1.2179444999999305,0.430203,25157.808923
6365bd5d7ecc4fd58f5fdf95d5a1a640,1,1232,1790127257244031575,1790127257302658680,1790127257303282179,1790127256039501100,610473921000000,36.327687,62.0,0,45.670927996980026,0.613869,9657,-1204.530475,round_trip_estimate,1274.4211235,69.8906485,10.64004449999993,0.430203,25206.014067
6365bd5d7ecc4fd58f5fdf95d5a1a640,1,1233,1790127257307751541,1790127257357682811,1790127257358311199,1790127256088721100,610473968000000,63.719966,47.0,0,45.90470499533694,0.621684,9519,-1219.030441,round_trip_estimate,1274.4211235,55.39068249999991,4.831024500000012,0.430203,25261.04355
6365bd5d7ecc4fd58f5fdf95d5a1a640,1,1234,1790127257344207912,1790127257406666288,1790127257407283157,1790127256145429500,610474031000000,36.456371,63.0,0,45.65413200180046,0.608203,9367,-1198.778412,round_trip_estimate,1274.4211235,75.64271150000013,12.56746649999991,0.430203,25310.015101
6365bd5d7ecc4fd58f5fdf95d5a1a640,1,1235,1790127257407949082,1790127257464834042,1790127257465433171,1790127256187527000,610474062000000,63.74117,31.0,0,47.3482389934361,0.592665,9085,-1220.422082,round_trip_estimate,1274.4211235,53.999041499999976,-3.4850475000000642,0.430203,25368.164577
6365bd5d7ecc4fd58f5fdf95d5a1a640,1,1236,1790127257446376449,1790127257512901354,1790127257513503723,1790127256229475200,610474109000000,38.427367,47.0,0,45.72616799850948,0.59561,8957,-1216.901249,round_trip_estimate,1274.4211235,57.519874500000014,-9.607399499999929,0.430203,25416.234444
6365bd5d7ecc4fd58f5fdf95d5a1a640,1,1237,1790127257507757901,1790127257592532343,1790127257593099249,1790127256309277700,610474187000000,61.381452,78.0,0,77.24949400289916,0.563018,9282,-1198.480201,round_trip_estimate,1274.4211235,75.94092249999994,-9.400425499999983,0.430203,25495.829138
6365bd5d7ecc4fd58f5fdf95d5a1a640,1,1238,1790127257543973829,1790127257688039041,1790127257688775799,1790127256418340300,610474296000000,36.215928,109.0,0,93.16657300223596,0.731517,9445,-1125.633529,round_trip_estimate,1274.4211235,148.78759450000007,3.9856245000000854,0.430203,25591.506354
6365bd5d7ecc4fd58f5fdf95d5a1a640,1,1240,1790127257643681389,1790127257770126711,1790127257770691617,1790127256511533400,610474390000000,99.70756,94.0,1,79.55889699223917,0.560702,9578,-1132.147989,round_trip_estimate,1274.4211235,142.27313449999997,15.2629065000001,0.430203,25673.422246
6365bd5d7ecc4fd58f5fdf95d5a1a640,1,1242,1790127257775739330,1790127257863649210,1790127257864210153,1790127256604517600,610474484000000,132.057941,94.0,1,79.97352599340957,0.556776,9554,-1171.22173,round_trip_estimate,1274.4211235,103.19939350000004,14.728570499999933,0.430203,25766.940912
6365bd5d7ecc4fd58f5fdf95d5a1a640,1,1243,1790127257846279930,1790127257953170087,1790127257953738141,1790127256683012400,610474562000000,70.5406,78.0,0,76.53238400234841,0.564073,9607,-1163.26753,round_trip_estimate,1274.4211235,111.15359349999994,3.6953825000000506,0.430203,25856.468455
6365bd5d7ecc4fd58f5fdf95d5a1a640,1,1244,1790127257912358668,1790127258037807844,1790127258038387528,1790127256774818300,610474656000000,66.078738,94.0,0,77.46669799962547,0.574777,9665,-1137.540368,round_trip_estimate,1274.4211235,136.88075550000008,10.851895499999955,0.430203,25941.117305
6365bd5d7ecc4fd58f5fdf95d5a1a640,1,1246,1790127258011930229,1790127258124563690,1790127258125125689,1790127256856772700,610474734000000,99.571561,78.0,1,76.90853199164849,0.557758,9661,-1155.157529,round_trip_estimate,1274.4211235,119.26359449999995,6.068134500000042,0.430203,26027.855929
6365bd5d7ecc4fd58f5fdf95d5a1a640,1,1248,1790127258111837530,1790127258174468294,1790127258175076404,1790127256905648900,610474781000000,99.907301,47.0,1,45.486910006729886,0.602388,9656,-1206.18863,round_trip_estimate,1274.4211235,68.23249349999992,4.9936195000000225,0.430203,26077.807144
6365bd5d7ecc4fd58f5fdf95d5a1a640,1,1249,1790127258175790995,1790127258254798319,1790127258255365207,1790127256985200900,610474859000000,63.953465,78.0,0,76.97538399952464,0.56261,9643,-1190.590095,round_trip_estimate,1274.4211235,83.8310285,4.2568165000000135,0.430203,26158.095392
6365bd5d7ecc4fd58f5fdf95d5a1a640,1,1250,1790127258211995868,1790127258303770777,1790127258304383665,1790127257034545500,610474921000000,36.204873,62.0,0,46.6283699934138,0.607388,9619,-1177.450368,round_trip_estimate,1274.4211235,96.9707555,4.582958500000132,0.430203,26207.114516
6365bd5d7ecc4fd58f5fdf95d5a1a640,1,1251,1790127258276261499,1790127258384962579,1790127258385524467,1790127257120479400,610475000000000,64.265631,79.0,0,78.17456701013725,0.557313,9615,-1155.782099,round_trip_estimate,1274.4211235,118.6390245,9.376056500000004,0.430203,26288.254429
6365bd5d7ecc4fd58f5fdf95d5a1a640,1,1253,1790127258378147203,1790127258469376374,1790127258469956965,1790127257213972200,610475093000000,101.885704,93.0,1,76.73243999306578,0.575536,9561,-1164.175003,round_trip_estimate,1274.4211235,110.24612049999996,18.436358500000097,0.430203,26372.687076
6365bd5d7ecc4fd58f5fdf95d5a1a640,1,1255,1790127258475665731,1790127258562863928,1790127258563435149,1790127257308455800,610475187000000,97.518528,94.0,1,76.83766099216882,0.56661,9593,-1167.209931,round_trip_estimate,1274.4211235,107.21119249999992,19.441774500000065,0.430203,26466.165186
6365bd5d7ecc4fd58f5fdf95d5a1a640,1,1257,1790127258575672236,1790127258657399018,1790127258657980572,1790127257385875700,610475265000000,100.006505,78.0,1,76.87058699957561,0.577055,9474,-1189.796536,round_trip_estimate,1274.4211235,84.62458749999996,2.316251500000135,0.430203,26560.710238
6365bd5d7ecc4fd58f5fdf95d5a1a640,1,1258,1790127258612061441,1790127258739631336,1790127258740196575,1790127257463882300,610475343000000,36.389205,78.0,0,77.89380800386425,0.56061,9421,-1148.179141,round_trip_estimate,1274.4211235,126.24198249999995,-1.8931514999999308,0.430203,26642.926723
6365bd5d7ecc4fd58f5fdf95d5a1a640,1,1260,1790127258712055872,1790127258822131468,1790127258822690503,1790127257557650600,610475437000000,99.994431,94.0,1,77.81928998883814,0.555091,9311,-1154.405272,round_trip_estimate,1274.4211235,120.01585150000005,9.381220499999927,0.430203,26725.420503
6365bd5d7ecc4fd58f5fdf95d5a1a640,1,1262,1790127258814161261,1790127258937189035,1790127258937750589,1790127257667712100,610475546000000,102.105389,109.0,1,106.2441030080663,0.556221,9366,-1146.449161,round_trip_estimate,1274.4211235,127.97196250000002,4.382634499999995,0.430203,26840.480755
6365bd5d7ecc4fd58f5fdf95d5a1a640,1,1264,1790127258912197084,1790127259018976279,1790127259019538834,1790127257775515100,610475656000000,98.035823,110.0,1,78.98667600238696,0.55785,9396,-1136.681984,round_trip_estimate,1274.4211235,137.73913949999996,30.397389499999917,0.430203,26922.269203
6365bd5d7ecc4fd58f5fdf95d5a1a640,1,1266,1790127259011868368,1790127259124946013,1790127259125505160,1790127257855516700,610475734000000,99.671284,78.0,1,77.44151199585758,0.555406,9420,-1156.351668,round_trip_estimate,1274.4211235,118.0694555,4.43266349999999,0.430203,27028.235234
6365bd5d7ecc4fd58f5fdf95d5a1a640,1,1268,1790127259111812595,1790127259204837762,1790127259205405353,1790127257929648000,610475812000000,99.944227,78.0,1,76.98953201179393,0.563721,9585,-1182.164595,round_trip_estimate,1274.4211235,92.25652850000006,-1.336229499999945,0.430203,27108.135538
6365bd5d7ecc4fd58f5fdf95d5a1a640,1,1269,1790127259176086967,1790127259312507103,1790127259313077658,1790127258042779100,610475921000000,64.274372,109.0,0,104.99229100241791,0.566332,9685,-1133.307867,round_trip_estimate,1274.4211235,141.11325650000003,4.122565500000064,0.430203,27215.807935
6365bd5d7ecc4fd58f5fdf95d5a1a640,1,1272,1790127259311835919,1790127259391669668,1790127259392240963,1790127258119171400,610476000000000,135.748952,79.0,2,76.72355099930428,0.56674,9688,-1192.664519,round_trip_estimate,1274.4211235,81.7566045000001,1.351560500000005,0.430203,27294.970999
6365bd5d7ecc4fd58f5fdf95d5a1a640,1,1273,1790127259375855570,1790127259501917893,1790127259502489225,1790127258229705800,610476109000000,64.019651,109.0,0,106.85923199343961,0.566499,9687,-1146.14977,round_trip_estimate,1274.4211235,128.27135350000003,1.6376984999999422,0.430203,27405.219003
6365bd5d7ecc4fd58f5fdf95d5a1a640,1,1275,1790127259486252739,1790127259583195324,1790127259583762230,1790127258314300900,610476203000000,110.397169,94.0,1,79.10717600316275,0.563073,9576,-1171.951839,round_trip_estimate,1274.4211235,102.46928449999996,4.9597934999999325,0.430203,27486.492359
