session_id,camera_id,seq,capture_unix_ns,tracker_done_unix_ns,send_prepare_unix_ns,arrival_unix_ns,arrival_monotonic_ns,capture_interval_ms,arrival_interval_ms,skipped_capture_frames,inference_ms,jpeg_encode_ms,jpeg_bytes,raw_capture_to_arrival_ms,clock_assumption,sender_clock_offset_ms,capture_to_arrival_ms,send_prepare_to_arrival_ms,clock_probe_rtt_ms,clock_estimate_age_ms
6dd9d669e1e842768921b9290d9ac30b,1,823,1790127326625672306,1790127326736790032,1790127326737358698,1790127325468353500,610549630603700,,,,91.98316800757311,0.564202,9365,-1157.318806,round_trip_estimate,1271.8633985,114.54459249999991,2.858200499999839,0.479336,93.51148
6dd9d669e1e842768921b9290d9ac30b,1,825,1790127326725669589,1790127326818045367,1790127326818616200,1790127325548263600,610549710515500,99.997283,79.9118,1,77.16539800458122,0.566092,9321,-1177.405989,round_trip_estimate,1271.8633985,94.45740949999981,1.5107984999999644,0.479336,174.7685
6dd9d669e1e842768921b9290d9ac30b,1,826,1790127326790088103,1790127326897723668,1790127326898307593,1790127325628378700,610549790629700,64.418514,80.1142,0,76.94962099776603,0.57924,9312,-1161.709403,round_trip_estimate,1271.8633985,110.15399549999984,1.9345054999998865,0.479336,254.460375
6dd9d669e1e842768921b9290d9ac30b,1,828,1790127326889843646,1790127326977909357,1790127326978484986,1790127325708156300,610549870407300,99.755543,79.7776,1,77.03171300818212,0.571333,9292,-1181.687346,round_trip_estimate,1271.8633985,90.17605249999997,1.5347124999998414,0.479336,334.63749
6dd9d669e1e842768921b9290d9ac30b,1,829,1790127326926105117,1790127327057657029,1790127327058265972,1790127325787999500,610549950247800,36.261471,79.8405,0,77.00175099307671,0.604073,9377,-1138.105617,round_trip_estimate,1271.8633985,133.75778149999996,1.5969264999998813,0.479336,414.417958
6dd9d669e1e842768921b9290d9ac30b,1,831,1790127327058123806,1790127327137281534,1790127327137904625,1790127325867735900,610550029987700,132.018689,79.7399,1,76.82093601033557,0.618406,9385,-1190.387906,round_trip_estimate,1271.8633985,81.47549249999997,1.694673499999908,0.479336,494.056278
6dd9d669e1e842768921b9290d9ac30b,1,832,1790127327125764054,1790127327218723128,1790127327219281312,1790127325949229000,610550111479200,67.640248,81.4915,0,78.46998899185564,0.554036,9401,-1176.535054,round_trip_estimate,1271.8633985,95.32834449999996,1.811086499999874,0.479336,575.432965
6dd9d669e1e842768921b9290d9ac30b,1,833,1790127327194198339,1790127327299253798,1790127327299821297,1790127326029544100,610550191796300,68.434285,80.3171,0,77.49904599040747,0.563443,9404,-1164.654239,round_trip_estimate,1271.8633985,107.20915949999994,1.5862015000000156,0.479336,655.973005
6dd9d669e1e842768921b9290d9ac30b,1,834,1790127327257918576,1790127327378916655,1790127327379487024,1790127326109515600,610550271773200,63.720237,79.9769,0,76.86923199798912,0.566129,9359,-1148.402976,round_trip_estimate,1271.8633985,123.46042249999982,1.891974499999833,0.479336,735.638621
6dd9d669e1e842768921b9290d9ac30b,1,835,1790127327326082157,1790127327460803637,1790127327461365340,1790127326191337600,610550353587500,68.163581,81.8143,0,78.73443300195504,0.557388,9366,-1134.744557,round_trip_estimate,1271.8633985,137.11884149999992,1.8356584999999086,0.479336,817.517251
6dd9d669e1e842768921b9290d9ac30b,1,837,1790127327457745642,1790127327540585327,1790127327541154659,1790127326271138100,610550433394200,131.663485,79.8067,1,76.83778800128493,0.565351,9389,-1186.607542,round_trip_estimate,1271.8633985,85.25585649999994,1.8468394999999873,0.479336,897.306645
6dd9d669e1e842768921b9290d9ac30b,1,838,1790127327494014133,1790127327621516885,1790127327622096514,1790127326352064100,610550514320000,36.268491,80.9258,0,77.7958040125668,0.575128,9340,-1141.950033,round_trip_estimate,1271.8633985,129.91336549999983,1.8309844999998859,0.479336,978.248296
6dd9d669e1e842768921b9290d9ac30b,1,840,1790127327593824879,1790127327701675926,1790127327702248388,1790127326432272600,610550594521600,99.810746,80.2016,1,77.07010200829245,0.568258,9363,-1161.552279,round_trip_estimate,1271.8633985,110.3111194999999,1.887610499999937,0.479336,1058.400411
6dd9d669e1e842768921b9290d9ac30b,1,842,1790127327693690644,1790127327782719169,1790127327783279464,1790127326512986600,610550675228700,99.865765,80.7071,1,77.96461900579743,0.55611,9344,-1180.704044,round_trip_estimate,1271.8633985,91.15935449999984,1.5705344999998943,0.479336,1139.431358
6dd9d669e1e842768921b9290d9ac30b,1,843,1790127327758320898,1790127327862085600,1790127327862648803,1790127326592294100,610550754536900,64.630254,79.3082,0,76.77071400394198,0.559018,9353,-1166.026798,round_trip_estimate,1271.8633985,105.8366004999998,1.5086954999999307,0.479336,1218.80053
6dd9d669e1e842768921b9290d9ac30b,1,845,1790127327857744256,1790127327942299067,1790127327942873288,1790127326672587700,610550834836200,99.423358,80.2993,1,77.68084100098349,0.570037,9361,-1185.156556,round_trip_estimate,1271.8633985,86.7068425,1.5778104999999414,0.479336,1299.025534
6dd9d669e1e842768921b9290d9ac30b,1,846,1790127327893992432,1790127328022175887,1790127328022741478,1790127326753025600,610550915268400,36.248176,80.4322,0,77.12380599696189,0.561684,9351,-1140.966832,round_trip_estimate,1271.8633985,130.89656649999984,2.147520499999928,0.479336,1378.893223
6dd9d669e1e842768921b9290d9ac30b,1,848,1790127327993983030,1790127328102460928,1790127328103024741,1790127326832688100,610550994934400,99.990598,79.666,1,77.11617600580212,0.559703,9347,-1161.29493,round_trip_estimate,1271.8633985,110.56846849999988,1.5267574999998033,0.479336,1459.176524
6dd9d669e1e842768921b9290d9ac30b,1,850,1790127328093706462,1790127328182262414,1790127328182824246,1790127326912472500,610551074718500,99.723432,79.7841,1,77.11449099588208,0.557073,9360,-1181.233962,round_trip_estimate,1271.8633985,90.62943649999988,1.5116524999998546,0.479336,1538.975769
6dd9d669e1e842768921b9290d9ac30b,1,851,1790127328158006809,1790127328262745621,1790127328263306139,1790127326993088400,610551155336100,64.300347,80.6176,0,77.89493400196079,0.556536,9323,-1164.918409,round_trip_estimate,1271.8633985,106.94498949999979,1.6456594999999652,0.479336,1619.457921
6dd9d669e1e842768921b9290d9ac30b,1,853,1790127328258159092,1790127328343185384,1790127328343748846,1790127327073670000,610551235925000,100.152283,80.5889,1,77.55254599032924,0.558777,9365,-1184.489092,round_trip_estimate,1271.8633985,87.37430649999988,1.7845524999997906,0.479336,1699.900795
6dd9d669e1e842768921b9290d9ac30b,1,854,1790127328294251268,1790127328423312444,1790127328423877165,1790127327153571400,610551315819300,36.092176,79.8943,0,77.08963898767252,0.561017,9327,-1140.679868,round_trip_estimate,1271.8633985,131.18353049999996,1.557633499999838,0.479336,1780.028929
6dd9d669e1e842768921b9290d9ac30b,1,856,1790127328393809886,1790127328503082764,1790127328503645633,1790127327233716900,610551395965100,99.558618,80.1458,1,77.04630600346718,0.559018,9397,-1160.092986,round_trip_estimate,1271.8633985,111.7704124999998,1.9346654999999373,0.479336,1859.796897
6dd9d669e1e842768921b9290d9ac30b,1,858,1790127328493849410,1790127328584204581,1790127328584802358,1790127327314635400,610551476888100,100.039524,80.923,1,78.01882299827412,0.593573,9372,-1179.21401,round_trip_estimate,1271.8633985,92.64938849999999,1.6964404999998806,0.479336,1940.953807
6dd9d669e1e842768921b9290d9ac30b,1,859,1790127328558504016,1790127328664485141,1790127328665044066,1790127327394865700,610551557119700,64.654606,80.2316,0,77.32245299848728,0.555165,9381,-1163.638316,round_trip_estimate,1271.8633985,108.22508249999987,1.6850324999998065,0.479336,2021.195644
6dd9d669e1e842768921b9290d9ac30b,1,861,1790127328657793486,1790127328744525497,1790127328745088274,1790127327474714000,610551636963600,99.28947,79.8439,1,77.1272869897075,0.558073,9339,-1183.079486,round_trip_estimate,1271.8633985,88.78391249999981,1.489124499999889,0.479336,2101.239945
6dd9d669e1e842768921b9290d9ac30b,1,862,1790127328694360235,1790127328825239500,1790127328825850684,1790127327555681800,610551717930100,36.566749,80.9665,0,78.02593399537727,0.606332,9361,-1138.678435,round_trip_estimate,1271.8633985,133.18496349999987,1.6945144999999684,0.479336,2182.002355
6dd9d669e1e842768921b9290d9ac30b,1,864,1790127328794180704,1790127328904981301,1790127328905584041,1790127327635138100,610551797380200,99.820469,79.4501,1,76.86362099775579,0.598555,9359,-1159.042604,round_trip_estimate,1271.8633985,112.82079449999992,1.417457499999955,0.479336,2261.736268
6dd9d669e1e842768921b9290d9ac30b,1,865,1790127328862054175,1790127328985616953,1790127328986196285,1790127327715879500,610551878127200,67.873471,80.747,0,78.09830400219653,0.57548,9368,-1146.174675,round_trip_estimate,1271.8633985,125.68872349999992,1.5466134999999213,0.479336,2342.348289
6dd9d669e1e842768921b9290d9ac30b,1,866,1790127328926280189,1790127329065292458,1790127329065919587,1790127327800242200,610551962483900,64.226014,84.3567,0,76.93589900736697,0.622424,9368,-1126.037989,round_trip_estimate,1271.8633985,145.82540949999998,6.18601149999995,0.479336,2422.071313
6dd9d669e1e842768921b9290d9ac30b,1,868,1790127329061727538,1790127329149972565,1790127329150536064,1790127327881089400,610552043345000,135.447349,80.8611,1,77.37406500382349,0.558832,9334,-1180.638138,round_trip_estimate,1271.8633985,91.22526049999988,2.4167344999998477,0.479336,2506.687476
6dd9d669e1e842768921b9290d9ac30b,1,869,1790127329126046201,1790127329230449421,1790127329231013883,1790127327960634400,610552122876000,64.318663,79.531,0,76.97278801060747,0.560018,9345,-1165.411801,round_trip_estimate,1271.8633985,106.45159749999993,1.4839154999999664,0.479336,2587.165739
6dd9d669e1e842768921b9290d9ac30b,1,871,1790127329225739263,1790127329312004590,1790127329312597515,1790127328042166000,610552204408100,99.693062,81.5321,1,79.02676500089001,0.58898,9351,-1183.573263,round_trip_estimate,1271.8633985,88.2901354999999,1.4318834999999126,0.479336,2668.749223
6dd9d669e1e842768921b9290d9ac30b,1,872,1790127329266316172,1790127329392802111,1790127329393370685,1790127328123202300,610552285449600,40.576909,81.0415,0,78.25123000657186,0.564739,9336,-1143.113872,round_trip_estimate,1271.8633985,128.7495265,1.695013499999959,0.479336,2749.522504
6dd9d669e1e842768921b9290d9ac30b,1,874,1790127329361787630,1790127329474282428,1790127329474847501,1790127328204620800,610552366867900,95.471458,81.4183,1,78.61563700134866,0.560666,9337,-1157.16683,round_trip_estimate,1271.8633985,114.69656850000001,1.6366974999998547,0.479336,2830.999247
6dd9d669e1e842768921b9290d9ac30b,1,876,1790127329461743617,1790127329554113933,1790127329554675840,1790127328284589900,610552446839500,99.955987,79.9716,1,77.03180599492043,0.558073,9348,-1177.153717,round_trip_estimate,1271.8633985,94.70968149999999,1.777458499999966,0.479336,2910.827585
6dd9d669e1e842768921b9290d9ac30b,1,877,1790127329526195632,1790127329634630789,1790127329635189418,1790127328364851300,610552527100800,64.452015,80.2613,0,77.54163800564129,0.55485,9368,-1161.344332,round_trip_estimate,1271.8633985,110.51906650000001,1.525280500000008,0.479336,2991.341237
6dd9d669e1e842768921b9290d9ac30b,1,879,1790127329625757768,1790127329715176589,1790127329715738773,1790127328445485100,610552607740100,99.562136,80.6393,1,77.85204600077122,0.557554,9367,-1180.272668,round_trip_estimate,1271.8633985,91.59073049999984,1.6097254999999677,0.479336,3071.890555
6dd9d669e1e842768921b9290d9ac30b,1,880,1790127329662277295,1790127329795985518,1790127329796581239,1790127328526343700,610552688591500,36.519527,80.8514,0,77.93469399621245,0.591166,9343,-1135.933595,round_trip_estimate,1271.8633985,135.92980349999993,1.6258594999999332,0.479336,3152.733095
6dd9d669e1e842768921b9290d9ac30b,1,882,1790127329761731024,1790127329876984447,1790127329877607168,1790127328607178200,610552769421500,99.453729,80.83,1,78.16198999353219,0.618554,9391,-1154.552824,round_trip_estimate,1271.8633985,117.3105744999998,1.4344304999999622,0.479336,3233.758746
6dd9d669e1e842768921b9290d9ac30b,1,884,1790127329862194973,1790127329957090322,1790127329957697358,1790127328687285900,610552849531500,100.463949,80.11,1,77.48287900176365,0.602481,9386,-1174.909073,round_trip_estimate,1271.8633985,96.95432549999987,1.4519404999998642,0.479336,3313.84927
6dd9d669e1e842768921b9290d9ac30b,1,885,1790127329926233729,1790127330036814623,1790127330037380808,1790127328767023700,610552929266400,64.038756,79.7349,0,77.08756599458866,0.561462,9376,-1159.210029,round_trip_estimate,1271.8633985,112.65336949999983,1.5062904999999773,0.479336,3393.532349
6dd9d669e1e842768921b9290d9ac30b,1,887,1790127330025835699,1790127330116551573,1790127330117116220,1790127328846716900,610553008966200,99.60197,79.6998,1,77.13936199434102,0.560573,9366,-1179.118799,round_trip_estimate,1271.8633985,92.74459949999982,1.4640784999999141,0.479336,3473.268114
6dd9d669e1e842768921b9290d9ac30b,1,888,1790127330062212485,1790127330196691782,1790127330197256095,1790127328926903600,610553089151500,36.376786,80.1853,0,77.45849099592306,0.560091,9343,-1135.308885,round_trip_estimate,1271.8633985,136.55451349999998,1.510903499999813,0.479336,3553.408211
6dd9d669e1e842768921b9290d9ac30b,1,890,1790127330161737955,1790127330276669453,1790127330277233989,1790127329008565200,610553170807400,99.52547,81.6559,1,77.29034300427884,0.560333,9380,-1153.172755,round_trip_estimate,1271.8633985,118.69064349999985,3.1946094999998422,0.479336,3633.385845
6dd9d669e1e842768921b9290d9ac30b,1,892,1790127330261935072,1790127330357778178,1790127330358364177,1790127329088093100,610553250337400,100.197117,79.53,1,76.8048629979603,0.581443,9393,-1173.841972,round_trip_estimate,1271.8633985,98.02142649999996,1.592321499999798,0.479336,3714.516274
6dd9d669e1e842768921b9290d9ac30b,1,893,1790127330326108791,1790127330437522813,1790127330438131460,1790127329167709700,610553329960100,64.173719,79.6227,0,76.97476999601349,0.603833,9382,-1158.399091,round_trip_estimate,1271.8633985,113.4643074999999,1.4416384999999536,0.479336,3794.283242
6dd9d669e1e842768921b9290d9ac30b,1,895,1790127330425983056,1790127330518625464,1790127330519191037,1790127329248747500,610553410989400,99.874265,81.0293,1,78.42097099637613,0.56135,9385,-1177.235556,round_trip_estimate,1271.8633985,94.62784249999982,1.4198614999997972,0.479336,3875.342523
6dd9d669e1e842768921b9290d9ac30b,1,896,1790127330466505909,1790127330597757526,1790127330598334340,1790127329328040800,610553490282700,40.522853,79.2933,0,76.63084399246145,0.572833,9389,-1138.465109,round_trip_estimate,1271.8633985,133.39828949999992,1.5698585000000094,0.479336,3954.486419
6dd9d669e1e842768921b9290d9ac30b,1,898,1790127330561760054,1790127330678620511,1790127330679186084,1790127329408766900,610553571008900,95.254145,80.7262,1,78.14463799877558,0.561407,9375,-1152.993154,round_trip_estimate,1271.8633985,118.8702444999999,1.4442144999998163,0.479336,4035.337885
6dd9d669e1e842768921b9290d9ac30b,1,899,1790127330634287053,1790127330758953071,1790127330759520477,1790127329489197700,610553651439400,72.526999,80.4305,0,77.8277499921387,0.563221,9333,-1145.089353,round_trip_estimate,1271.8633985,126.77404549999983,1.5406214999998156,0.479336,4115.672371
6dd9d669e1e842768921b9290d9ac30b,1,900,1790127330694152187,1790127330838577706,1790127330839141927,1790127329568765200,610553731006400,59.865134,79.567,0,77.04349100822583,0.56024,9327,-1125.386987,round_trip_estimate,1271.8633985,146.4764114999998,1.4866714999998294,0.479336,4195.293895
6dd9d669e1e842768921b9290d9ac30b,1,902,1790127330829819407,1790127330919549395,1790127330920111801,1790127329649902200,610553812151500,135.66722,81.1451,1,78.44511899747886,0.558351,9350,-1179.917207,round_trip_estimate,1271.8633985,91.94619149999994,1.6537974999998823,0.479336,4276.263528
6dd9d669e1e842768921b9290d9ac30b,1,903,1790127330894308884,1790127331001663914,1790127331002240098,1790127329731925300,610553894169000,64.489477,82.0175,0,79.28348799759988,0.572203,9384,-1162.383584,round_trip_estimate,1271.8633985,109.47981449999997,1.548600499999793,0.479336,4358.391677
6dd9d669e1e842768921b9290d9ac30b,1,904,1790127330962264485,1790127331082746195,1790127331083312139,1790127329812950500,610553975191800,67.955601,81.0228,0,78.3477669901913,0.561777,9384,-1149.313985,round_trip_estimate,1271.8633985,122.5494134999999,1.5017594999999346,0.479336,4439.463958
6dd9d669e1e842768921b9290d9ac30b,1,905,1790127331030418826,1790127331163114311,1790127331163679921,1790127329893318300,610554055560200,68.154341,80.3684,0,77.74224900640547,0.561833,9386,-1137.100526,round_trip_estimate,1271.8633985,134.76287249999996,1.5017774999998892,0.479336,4519.832036
6dd9d669e1e842768921b9290d9ac30b,1,907,1790127331129909352,1790127331242997409,1790127331243558222,1790127329973372300,610554135622400,99.490526,80.0622,1,77.313399000559,0.557092,9333,-1156.537052,round_trip_estimate,1271.8633985,115.3263465,1.6774765000000116,0.479336,4599.710134
6dd9d669e1e842768921b9290d9ac30b,1,909,1790127331229960543,1790127331322973469,1790127331323544616,1790127330053341000,610554215591100,100.051191,79.9687,1,77.06597300420981,0.567073,9328,-1176.619543,round_trip_estimate,1271.8633985,95.24385549999988,1.659782499999892,0.479336,4679.69625
6dd9d669e1e842768921b9290d9ac30b,1,910,1790127331294126076,1790127331403968787,1790127331404554268,1790127330134305700,610554296556000,64.165533,80.9649,0,78.07771200896241,0.581536,9321,-1159.820376,round_trip_estimate,1271.8633985,112.0430225,1.6148304999999255,0.479336,4760.705902
6dd9d669e1e842768921b9290d9ac30b,1,912,1790127331393845602,1790127331484935735,1790127331485502271,1790127330215329500,610554377579400,99.719526,81.0234,1,78.12947098864242,0.562092,9317,-1178.516102,round_trip_estimate,1271.8633985,93.34729649999986,1.6906274999998914,0.479336,4841.654516
6dd9d669e1e842768921b9290d9ac30b,1,913,1790127331430129722,1790127331566576867,1790127331567140959,1790127330297136500,610554459389600,36.28412,81.8102,0,78.7392659985926,0.559629,9329,-1132.993222,round_trip_estimate,1271.8633985,138.87017649999984,1.8589394999999058,0.479336,4923.292593
6dd9d669e1e842768921b9290d9ac30b,1,915,1790127331529788840,1790127331648069110,1790127331648659424,1790127330378877000,610554541130400,99.659118,81.7408,1,78.38360000459943,0.586055,9327,-1150.91184,round_trip_estimate,1271.8633985,120.95155849999992,2.080974499999911,0.479336,5004.81154
6dd9d669e1e842768921b9290d9ac30b,1,917,1790127331629949476,1790127331735084918,1790127331735815361,1790127330465395300,610554627637200,100.160636,86.5068,1,83.6612759885611,0.725794,9322,-1164.554176,round_trip_estimate,1271.8633985,107.3092224999998,1.4433374999998705,0.479336,5091.967624
6dd9d669e1e842768921b9290d9ac30b,1,919,1790127331729938131,1790127331825846070,1790127331826421014,1790127330556271000,610554718518200,99.988655,90.881,1,87.99834200181067,0.570962,9329,-1173.667131,round_trip_estimate,1271.8633985,98.19626749999998,1.7133844999998473,0.479336,5182.572777
6dd9d669e1e842768921b9290d9ac30b,1,920,1790127331794649441,1790127331906645315,1790127331907213036,1790127330637095300,610554799337700,64.71131,80.8195,0,77.88152800640091,0.563499,9369,-1157.554141,round_trip_estimate,1271.8633985,114.30925749999983,1.7456624999999804,0.479336,5263.365096
6dd9d669e1e842768921b9290d9ac30b,1,922,1790127331893865504,1790127331986631523,1790127331987199004,1790127330718133400,610554880375200,99.216063,81.0375,1,77.1064739965368,0.563369,9356,-1175.732104,round_trip_estimate,1271.8633985,96.13129449999997,2.797794500000009,0.479336,5343.350675
6dd9d669e1e842768921b9290d9ac30b,1,923,1790127331930142236,1790127332067713138,1790127332068274378,1790127330798153500,610554960396700,36.276732,80.0215,0,77.19526899745688,0.556702,9324,-1131.988736,round_trip_estimate,1271.8633985,139.87466249999989,1.742520499999955,0.479336,5424.426549
6dd9d669e1e842768921b9290d9ac30b,1,925,1790127332029962113,1790127332147966420,1790127332148552419,1790127330878144900,610555040388500,99.819877,79.9918,1,77.46393600245938,0.581721,9363,-1151.817213,round_trip_estimate,1271.8633985,120.04618549999986,1.45587949999981,0.479336,5504.704646
6dd9d669e1e842768921b9290d9ac30b,1,927,1790127332130021545,1790127332227634389,1790127332228199055,1790127330957886300,610555120133700,100.059432,79.7452,1,77.09575099579524,0.560276,9390,-1172.135245,round_trip_estimate,1271.8633985,99.72815349999996,1.5506434999999783,0.479336,5584.350856
6dd9d669e1e842768921b9290d9ac30b,1,929,1790127332229861311,1790127332307384136,1790127332307950727,1790127331037706300,610555199961200,99.839766,79.8275,1,77.01008500589523,0.562184,9354,-1192.155011,round_trip_estimate,1271.8633985,79.70838749999984,1.618971499999816,0.479336,5664.10238
6dd9d669e1e842768921b9290d9ac30b,1,930,1790127332293965086,1790127332388232862,1790127332388828027,1790127331118573100,610555280824200,64.103775,80.863,0,77.9434720025165,0.590703,9356,-1175.391986,round_trip_estimate,1271.8633985,96.47141249999981,1.6084714999999505,0.479336,5744.98005
6dd9d669e1e842768921b9290d9ac30b,1,931,1790127332330219558,1790127332468337311,1790127332468928940,1790127331198578800,610555360828300,36.254472,80.0041,0,77.21065801160876,0.586999,9380,-1131.640758,round_trip_estimate,1271.8633985,140.2226404999999,1.5132584999998926,0.479336,5825.080741
6dd9d669e1e842768921b9290d9ac30b,1,933,1790127332430031843,1790127332551305608,1790127332551868792,1790127331281634000,610555443881900,99.812285,83.0536,1,80.19105999846943,0.559055,9368,-1148.397843,round_trip_estimate,1271.8633985,123.46555549999994,1.6286064999999326,0.479336,5908.020556
6dd9d669e1e842768921b9290d9ac30b,1,934,1790127332498367054,1790127332632177871,1790127332632769999,1790127331362515100,610555524765500,68.335211,80.8836,0,78.04236099764239,0.588314,9349,-1135.851954,round_trip_estimate,1271.8633985,136.01144449999993,1.6084994999998798,0.479336,5988.921874
6dd9d669e1e842768921b9290d9ac30b,1,936,1790127332629877134,1790127332712040247,1790127332712629727,1790127331442796400,610555605052000,131.51008,80.2865,1,76.99675200274214,0.584869,9423,-1187.080734,round_trip_estimate,1271.8633985,84.78266450000001,2.030071499999849,0.479336,6068.781454
6dd9d669e1e842768921b9290d9ac30b,1,937,1790127332698000605,1790127332793388213,1790127332794020008,1790127331523835400,610555686083000,68.123471,81.031,0,78.02304599317722,0.627758,9395,-1174.165205,round_trip_estimate,1271.8633985,97.69819349999989,1.6787904999998773,0.479336,6150.172494
6dd9d669e1e842768921b9290d9ac30b,1,938,1790127332762163898,1790127332873972828,1790127332874538457,1790127331604230100,610555766479700,64.163293,80.3967,0,77.6396389992442,0.561203,9406,-1157.933798,round_trip_estimate,1271.8633985,113.92960049999988,1.5550415000000157,0.479336,6230.690146
6dd9d669e1e842768921b9290d9ac30b,1,939,1790127332830519980,1790127332955130887,1790127332955694015,1790127331685488700,610555847738500,68.356082,81.2588,0,78.41030499548651,0.559129,9369,-1145.03128,round_trip_estimate,1271.8633985,126.83211849999998,1.6580834999999752,0.479336,6311.846186
6dd9d669e1e842768921b9290d9ac30b,1,940,1790127332902351611,1790127333034877263,1790127333035441373,1790127331765509400,610555927766800,71.831631,80.0283,0,76.85147399024572,0.559832,9394,-1136.842211,round_trip_estimate,1271.8633985,135.0211875,1.931425499999932,0.479336,6391.592803
6dd9d669e1e842768921b9290d9ac30b,1,942,1790127332997911884,1790127333115448675,1790127333116016322,1790127331845814600,610556008057000,95.560273,80.2902,1,77.34856598835904,0.56385,9402,-1152.097284,round_trip_estimate,1271.8633985,119.76611449999996,1.661676499999885,0.479336,6472.168252
6dd9d669e1e842768921b9290d9ac30b,1,944,1790127333098001484,1790127333195750902,1790127333196371790,1790127331926929600,610556089172100,100.0896,81.1151,1,77.52930599963292,0.616684,9365,-1171.071884,round_trip_estimate,1271.8633985,100.79151449999995,2.4212084999999206,0.479336,6552.523368
6dd9d669e1e842768921b9290d9ac30b,1,946,1790127333198070713,1790127333281191065,1790127333285838353,1790127332015600700,610556177849600,100.069229,88.6775,1,76.97213999927044,4.641918,9398,-1182.470013,round_trip_estimate,1271.8633985,89.3933854999998,1.6257454999999936,0.479336,6641.991116
6dd9d669e1e842768921b9290d9ac30b,1,947,1790127333262096673,1790127333365065100,1790127333365631266,1790127332100043300,610556262285700,64.02596,84.4361,0,76.94028900004923,0.56224,9367,-1162.053373,round_trip_estimate,1271.8633985,109.81002549999994,6.275432499999852,0.479336,6721.783085
6dd9d669e1e842768921b9290d9ac30b,1,949,1790127333362087365,1790127333449907153,1790127333450476689,1790127332181705100,610556343947700,99.990692,81.662,1,77.47325100353919,0.565351,9344,-1180.382265,round_trip_estimate,1271.8633985,91.48113349999994,3.091809499999954,0.479336,6806.628897
6dd9d669e1e842768921b9290d9ac30b,1,950,1790127333398312782,1790127333533213393,1790127333533778392,1790127332263340700,610556425583300,36.225417,81.6356,0,79.05534100427758,0.560592,9381,-1134.972082,round_trip_estimate,1271.8633985,136.8913164999999,1.425706499999933,0.479336,6889.929989
6dd9d669e1e842768921b9290d9ac30b,1,952,1790127333498007974,1790127333613368065,1790127333613948268,1790127332343582400,610556505829000,99.695192,80.2457,1,77.63399100804236,0.575295,9358,-1154.425574,round_trip_estimate,1271.8633985,117.4378244999998,1.4975304999998116,0.479336,6970.100439
6dd9d669e1e842768921b9290d9ac30b,1,953,1790127333566315778,1790127333693398737,1790127333693977680,1790127332423741900,610556585991100,68.307804,80.1621,0,77.32821399986278,0.574573,9344,-1142.573878,round_trip_estimate,1271.8633985,129.28952049999998,1.627618499999926,0.479336,7050.130018
6dd9d669e1e842768921b9290d9ac30b,1,954,1790127333630747756,1790127333774223926,1790127333774792536,1790127332504457700,610556666709100,64.431978,80.718,0,77.95504599926062,0.564518,9379,-1126.290056,round_trip_estimate,1271.8633985,145.57334249999985,1.5285624999999072,0.479336,7130.944411
6dd9d669e1e842768921b9290d9ac30b,1,956,1790127333762498836,1790127333853344156,1790127333853920062,1790127332583687400,610556745934700,131.75108,79.2256,1,76.37167899520136,0.571758,9329,-1178.811436,round_trip_estimate,1271.8633985,93.05196249999995,1.6307365000000118,0.479336,7210.072233
6dd9d669e1e842768921b9290d9ac30b,1,957,1790127333798624309,1790127333932922514,1790127333933487568,1790127332663392700,610556825643900,36.125473,79.7092,0,76.74358499934897,0.561259,9335,-1135.231609,round_trip_estimate,1271.8633985,136.63178949999997,1.7685304999999971,0.479336,7289.639406
6dd9d669e1e842768921b9290d9ac30b,1,959,1790127333898354964,1790127334012814890,1790127334013385130,1790127332743519700,610556905768600,99.730655,80.1247,1,76.91845500085037,0.566387,9411,-1154.835264,round_trip_estimate,1271.8633985,117.02813449999985,1.9979684999998426,0.479336,7369.537152
6dd9d669e1e842768921b9290d9ac30b,1,960,1790127333966338362,1790127334094993781,1790127334095559668,1790127332825186900,610556987428400,67.983398,81.6598,0,78.94952700007707,0.561462,9366,-1141.151462,round_trip_estimate,1271.8633985,130.71193649999987,1.490630499999952,0.479336,7451.711599
6dd9d669e1e842768921b9290d9ac30b,1,961,1790127334030860024,1790127334174925861,1790127334175492952,1790127332905202500,610557067452200,64.521662,80.0238,0,77.3284550086828,0.562721,9381,-1125.657524,round_trip_estimate,1271.8633985,146.20587449999994,1.5729464999999436,0.479336,7531.644864
6dd9d669e1e842768921b9290d9ac30b,1,963,1790127334162054124,1790127334255139421,1790127334255709643,1790127332985326500,610557147568900,131.1941,80.1167,1,77.41649200033862,0.565888,9330,-1176.727624,round_trip_estimate,1271.8633985,95.1357744999998,1.4802554999998847,0.479336,7611.862166
6dd9d669e1e842768921b9290d9ac30b,1,964,1790127334198294504,1790127334334662984,1790127334335231149,1790127333064862000,610557227104000,36.24038,79.5351,0,76.92630699602887,0.563777,9360,-1133.432504,round_trip_estimate,1271.8633985,138.4308944999998,1.4942494999997962,0.479336,7691.383005
6dd9d669e1e842768921b9290d9ac30b,1,966,1790127334297969901,1790127334415391988,1790127334415956005,1790127333145651900,610557307900300,99.675397,80.7963,1,78.11278699955437,0.560203,9335,-1152.318001,round_trip_estimate,1271.8633985,119.54539749999981,1.559293499999967,0.479336,7772.107658
6dd9d669e1e842768921b9290d9ac30b,1,967,1790127334366455094,1790127334496721491,1790127334497284731,1790127333226923100,610557389172400,68.485193,81.2721,0,78.560452995589,0.558555,9340,-1139.531994,round_trip_estimate,1271.8633985,132.33140449999996,1.5017674999999144,0.479336,7853.437013
6dd9d669e1e842768921b9290d9ac30b,1,969,1790127334498012433,1790127334576444349,1790127334577009552,1790127333306625200,610557468867200,131.557339,79.6948,1,77.09919600165449,0.56111,9393,-1191.387233,round_trip_estimate,1271.8633985,80.47616549999998,1.4790464999998676,0.479336,7933.161019
6dd9d669e1e842768921b9290d9ac30b,1,970,1790127334565986757,1790127334657843797,1790127334658418055,1790127333388182500,610557550431900,67.974324,81.5647,0,78.81780499883462,0.570055,9356,-1177.804257,round_trip_estimate,1271.8633985,94.0591414999999,1.6278434999999263,0.479336,8014.570134
6dd9d669e1e842768921b9290d9ac30b,1,971,1790127334630234198,1790127334739248856,1790127334739820262,1790127333469349600,610557631592000,64.247441,81.1601,0,78.55328600271605,0.567277,9362,-1160.884598,round_trip_estimate,1271.8633985,110.9788004999998,1.3927364999999554,0.479336,8095.972044
6dd9d669e1e842768921b9290d9ac30b,1,972,1790127334698281762,1790127334818692326,1790127334819257269,1790127333548783300,610557711025500,68.047564,79.4335,0,76.93488099903334,0.560573,9392,-1149.498462,round_trip_estimate,1271.8633985,122.36493649999989,1.3894295000000056,0.479336,8175.409496
6dd9d669e1e842768921b9290d9ac30b,1,973,1790127334766288808,1790127334899802014,1790127334900364328,1790127333636551400,610557798794500,68.007046,87.769,0,78.60198999696877,0.557999,9365,-1129.737408,round_trip_estimate,1271.8633985,142.12599049999994,8.050470499999847,0.479336,8256.516259
6dd9d669e1e842768921b9290d9ac30b,1,975,1790127334865973297,1790127334986644582,1790127334987207155,1790127333716911600,610557879159600,99.684489,80.3651,1,77.67299099941738,0.558184,9389,-1149.061697,round_trip_estimate,1271.8633985,122.80170149999981,1.5678434999999808,0.479336,8343.358678
6dd9d669e1e842768921b9290d9ac30b,1,977,1790127334966154174,1790127335067706679,1790127335068268141,1790127333797936200,610557960185600,100.180877,81.026,1,78.29339799354784,0.55748,9335,-1168.217974,round_trip_estimate,1271.8633985,103.64542449999999,1.5314574999999877,0.479336,8424.420034
6dd9d669e1e842768921b9290d9ac30b,1,979,1790127335066005867,1790127335147327000,1790127335147892703,1790127333877611400,610558039861200,99.851693,79.6756,1,76.8868070008466,0.561647,9365,-1188.394467,round_trip_estimate,1271.8633985,83.46893149999983,1.582095499999923,0.479336,8504.044874
6dd9d669e1e842768921b9290d9ac30b,1,980,1790127335130034809,1790127335227081099,1790127335227648376,1790127333957463700,610558119719800,64.028942,79.8586,0,76.94019700284116,0.563425,9340,-1172.571109,round_trip_estimate,1271.8633985,99.29228949999992,1.6787224999998216,0.479336,8583.800102
6dd9d669e1e842768921b9290d9ac30b,1,981,1790127335166615281,1790127335309085287,1790127335309651897,1790127334039424800,610558201674200,36.580472,81.9544,0,78.95506400382146,0.562444,9355,-1127.190481,round_trip_estimate,1271.8633985,144.6729174999998,1.636301499999945,0.479336,8665.803679
6dd9d669e1e842768921b9290d9ac30b,1,983,1790127335266268029,1790127335389306514,1790127335389869773,1790127334119618500,610558281870300,99.652748,80.1961,1,77.38013999187388,0.559017,9314,-1146.649529,round_trip_estimate,1271.8633985,125.21386949999987,1.61212549999982,0.479336,8746.021647
6dd9d669e1e842768921b9290d9ac30b,1,985,1790127335366111204,1790127335487178526,1790127335487737432,1790127334217510400,610558379762700,99.843175,97.8924,1,77.54215900786221,0.554721,9318,-1148.600804,round_trip_estimate,1271.8633985,123.26259449999998,1.6363664999998946,0.479336,8843.889381
6dd9d669e1e842768921b9290d9ac30b,1,987,1790127335466148452,1790127335566868365,1790127335567430105,1790127334297273800,610558459573000,100.037248,79.8103,1,76.77214100840501,0.557351,9378,-1168.874652,round_trip_estimate,1271.8633985,102.98874649999993,1.707093499999928,0.479336,8923.581628
6dd9d669e1e842768921b9290d9ac30b,1,989,1790127335566113441,1790127335646717575,1790127335647281741,1790127334377132700,610558539385200,99.964989,79.8122,1,76.85478900384624,0.560277,9349,-1188.980741,round_trip_estimate,1271.8633985,82.88265749999982,1.7143575000000055,0.479336,9003.433579
6dd9d669e1e842768921b9290d9ac30b,1,990,1790127335630111753,1790127335726530378,1790127335727103469,1790127334457125500,610558619376700,63.998312,79.9915,0,76.81956699525472,0.568647,9378,-1172.986253,round_trip_estimate,1271.8633985,98.87714549999987,1.8854294999998729,0.479336,9083.2554
6dd9d669e1e842768921b9290d9ac30b,1,991,1790127335666391577,1790127335806686198,1790127335807252790,1790127334536875300,610558699121000,36.279824,79.7443,0,76.87884500774089,0.562684,9367,-1129.516277,round_trip_estimate,1271.8633985,142.34712149999996,1.485908499999823,0.479336,9163.404498
6dd9d669e1e842768921b9290d9ac30b,1,993,1790127335766237641,1790127335887003667,1790127335887571814,1790127334617269500,610558779525300,99.846064,80.4043,1,77.64691799820866,0.564222,9347,-1148.968141,round_trip_estimate,1271.8633985,122.89525749999984,1.561084499999879,0.479336,9243.72404
6dd9d669e1e842768921b9290d9ac30b,1,995,1790127335866218796,1790127335967606653,1790127335968164967,1790127334697722000,610558859968100,99.981155,80.4428,1,77.75260199559852,0.55461,9315,-1168.496796,round_trip_estimate,1271.8633985,103.3666025,1.4204314999999497,0.479336,9324.317119
6dd9d669e1e842768921b9290d9ac30b,1,997,1790127335966130359,1790127336047914807,1790127336048479861,1790127334778217200,610558940470100,99.911563,80.502,1,77.76684399868827,0.560758,9304,-1187.913159,round_trip_estimate,1271.8633985,83.95023949999995,1.6007374999999229,0.479336,9404.631588
6dd9d669e1e842768921b9290d9ac30b,1,998,1790127336030242857,1790127336127920313,1790127336128486571,1790127334858746200,610559020991200,64.112498,80.5211,0,77.10904900159221,0.562351,9332,-1171.496657,round_trip_estimate,1271.8633985,100.36674149999999,2.1230274999998073,0.479336,9484.638446
6dd9d669e1e842768921b9290d9ac30b,1,1000,1790127336130006624,1790127336208354744,1790127336208920854,1790127334938573700,610559100829200,99.763767,79.838,1,77.13371500722133,0.562091,9327,-1191.432924,round_trip_estimate,1271.8633985,80.43047449999995,1.516244499999857,0.479336,9565.07271
6dd9d669e1e842768921b9290d9ac30b,1,1001,1790127336166265634,1790127336289228397,1790127336289796118,1790127335021795000,610559184036800,36.25901,83.2076,0,78.18665799277369,0.563074,9365,-1144.470634,round_trip_estimate,1271.8633985,127.39276449999988,3.862280499999997,0.479336,9645.947696
6dd9d669e1e842768921b9290d9ac30b,1,1002,1790127336234314013,1790127336372142324,1790127336372704600,1790127335102231800,610559264474000,68.048379,80.4372,0,77.90123199811205,0.558184,9350,-1132.082213,round_trip_estimate,1271.8633985,139.7811855,1.3905984999998964,0.479336,9728.855938
6dd9d669e1e842768921b9290d9ac30b,1,1004,1790127336366324038,1790127336451392350,1790127336451950941,1790127335181647600,610559343899000,132.010025,79.425,1,76.75306701275986,0.554333,9333,-1184.676438,round_trip_estimate,1271.8633985,87.18696049999994,1.560057499999857,0.479336,9808.103149
6dd9d669e1e842768921b9290d9ac30b,1,1005,1790127336434118565,1790127336530865986,1790127336531427300,1790127335261080900,610559423331400,67.794527,79.4324,0,76.70780799526256,0.557222,9362,-1173.037665,round_trip_estimate,1271.8633985,98.82573349999984,1.5169984999999997,0.479336,9887.578971
6dd9d669e1e842768921b9290d9ac30b,1,1006,1790127336498220729,1790127336611133825,1790127336611697010,1790127335341523200,610559503775000,64.102164,80.4436,0,77.55147299030796,0.558869,9382,-1156.697529,round_trip_estimate,1271.8633985,115.16586949999987,1.6895884999998998,0.479336,9967.849199
6dd9d669e1e842768921b9290d9ac30b,1,1007,1790127336566280498,1790127336691333776,1790127336691903978,1790127335421590200,610559583838300,68.059769,80.0633,0,77.25641799333971,0.566388,9362,-1144.690298,round_trip_estimate,1271.8633985,127.17310049999992,1.5496204999999463,0.479336,10048.055835
6dd9d669e1e842768921b9290d9ac30b,1,1008,1790127336634433562,1790127336771172671,1790127336771738114,1790127335501763000,610559664014600,68.153064,80.1763,0,77.03240099363029,0.561647,9321,-1132.670562,round_trip_estimate,1271.8633985,139.19283649999988,1.888284499999827,0.479336,10127.890082
6dd9d669e1e842768921b9290d9ac30b,1,1010,1790127336734045089,1790127336864268117,1790127336864995893,1790127335594574200,610559756816800,99.611527,92.8022,1,89.97550699859858,0.723591,9367,-1139.470889,round_trip_estimate,1271.8633985,132.39250949999996,1.4417054999998982,0.479336,10221.14812
6dd9d669e1e842768921b9290d9ac30b,1,1012,1790127336834355188,1790127336957642432,1790127336958354190,1790127335687986000,610559850227500,100.310099,93.4107,1,90.5598950048443,0.706795,9329,-1146.369188,round_trip_estimate,1271.8633985,125.49421050000001,1.4952084999999897,0.479336,10314.50675
6dd9d669e1e842768921b9290d9ac30b,1,1014,1790127336934202826,1790127337042919485,1790127337043482169,1790127335773283100,610559935531200,99.847638,85.3037,1,82.55844599625561,0.558536,9316,-1160.919726,round_trip_estimate,1271.8633985,110.94367249999982,1.6643294999998943,0.479336,10399.634396
6dd9d669e1e842768921b9290d9ac30b,1,1016,1790127337034125445,1790127337123019491,1790127337123581823,1790127335855097400,610560017344100,99.922619,81.8129,1,77.21821499580983,0.558573,9365,-1179.028045,round_trip_estimate,1271.8633985,92.83535349999988,3.3789754999997967,0.479336,10479.733494
6dd9d669e1e842768921b9290d9ac30b,1,1017,1790127337098507423,1790127337205200790,1790127337205770307,1790127335935402300,610560097643900,64.381978,80.2998,0,77.61139899957925,0.565999,9371,-1163.105123,round_trip_estimate,1271.8633985,108.75827549999985,1.4953914999998688,0.479336,10561.922256
6dd9d669e1e842768921b9290d9ac30b,1,1019,1790127337198314506,1790127337284827908,1790127337285394629,1790127336014976800,610560177219700,99.807083,79.5758,1,76.94916000764351,0.562591,9370,-1183.337706,round_trip_estimate,1271.8633985,88.52569249999988,1.4455694999999196,0.479336,10641.546448
6dd9d669e1e842768921b9290d9ac30b,1,1020,1790127337234585719,1790127337393278660,1790127337393840048,1790127336127504600,610560289747500,36.271213,112.5278,0,105.84320100315381,0.55737,9360,-1107.081119,round_trip_estimate,1271.8633985,164.78227949999996,5.527950499999861,0.479336,10749.991904
6dd9d669e1e842768921b9290d9ac30b,1,1023,1790127337398119559,1790127337476958864,1790127337477521103,1790127336207138500,610560369379800,163.53384,79.6323,2,76.99719700030982,0.55824,9382,-1190.981059,round_trip_estimate,1271.8633985,80.88233949999994,1.4807954999998856,0.479336,10833.672997
6dd9d669e1e842768921b9290d9ac30b,1,1024,1790127337434489995,1790127337557312703,1790127337557881442,1790127336287394300,610560449636500,36.370436,80.2567,0,77.73375199758448,0.56398,9366,-1147.095695,round_trip_estimate,1271.8633985,124.76770349999993,1.376256499999954,0.479336,10914.033114
6dd9d669e1e842768921b9290d9ac30b,1,1026,1790127337534311577,1790127337638352615,1790127337638912243,1790127336368442300,610560530684700,99.821582,81.0482,1,78.55067600030452,0.555722,9319,-1165.869277,round_trip_estimate,1271.8633985,105.99412149999989,1.3934554999998454,0.479336,10995.063785
6dd9d669e1e842768921b9290d9ac30b,1,1028,1790127337634163548,1790127337719254193,1790127337719824100,1790127336449534300,610560611777900,99.851971,81.0932,1,78.38988000003155,0.565777,9297,-1184.629248,round_trip_estimate,1271.8633985,87.23415049999994,1.573598499999889,0.479336,11075.975715
6dd9d669e1e842768921b9290d9ac30b,1,1029,1790127337698346656,1790127337799835921,1790127337800395179,1790127336529897200,610560692139300,64.183108,80.3614,0,77.85575100569986,0.555499,9283,-1168.449456,round_trip_estimate,1271.8633985,103.41394249999985,1.3654194999999163,0.479336,11156.547147
6dd9d669e1e842768921b9290d9ac30b,1,1031,1790127337798205276,1790127337879456909,1790127337880020131,1790127336614992900,610560777235000,99.85862,85.0957,1,77.15462299529463,0.558091,9341,-1183.212376,round_trip_estimate,1271.8633985,88.65102249999995,6.836167499999874,0.479336,11236.17208
6dd9d669e1e842768921b9290d9ac30b,1,1032,1790127337834333101,1790127337965911293,1790127337966475885,1790127336696112600,610560858360500,36.127825,81.1255,0,78.48110199847724,0.560703,9364,-1138.220501,round_trip_estimate,1271.8633985,133.6428974999999,1.5001134999999977,0.479336,11322.627371
6dd9d669e1e842768921b9290d9ac30b,1,1034,1790127337936101754,1790127338045557856,1790127338046132966,1790127336775913400,610560938165100,101.768653,79.8046,1,76.95560398860835,0.571332,9355,-1160.188354,round_trip_estimate,1271.8633985,111.67504450000001,1.6438324999999168,0.479336,11402.285211
6dd9d669e1e842768921b9290d9ac30b,1,1036,1790127338034216135,1790127338125548159,1790127338126125473,1790127336855679200,610561017922300,98.114381,79.7572,1,77.08916001138277,0.573073,9351,-1178.536935,round_trip_estimate,1271.8633985,93.32646349999982,1.4171254999998837,0.479336,11482.277273
6dd9d669e1e842768921b9290d9ac30b,1,1037,1790127338102360811,1790127338204825481,1790127338205393166,1790127336934996200,610561097243000,68.144676,79.3207,0,76.72106799145695,0.563758,9380,-1167.364611,round_trip_estimate,1271.8633985,104.49878749999993,1.4664324999998826,0.479336,11561.544818
6dd9d669e1e842768921b9290d9ac30b,1,1038,1790127338166327531,1790127338284236137,1790127338284801858,1790127337014471300,610561176717500,63.96672,79.4745,0,76.73947500006761,0.561647,9378,-1151.856231,round_trip_estimate,1271.8633985,120.00716749999992,1.5328404999997929,0.479336,11640.953641
6dd9d669e1e842768921b9290d9ac30b,1,1039,1790127338234591040,1790127338364170477,1790127338364735180,1790127337095052400,610561257303500,68.263509,80.586,0,77.1853999904124,0.560721,9376,-1139.53864,round_trip_estimate,1271.8633985,132.32475849999992,2.1806184999998095,0.479336,11720.887147
6dd9d669e1e842768921b9290d9ac30b,1,1041,1790127338366176640,1790127338446074314,1790127338446636720,1790127337176538300,610561338787500,131.5856,81.484,1,78.46223200613167,0.558258,9349,-1189.63834,round_trip_estimate,1271.8633985,82.22505849999993,1.76497849999987,0.479336,11802.78828
6dd9d669e1e842768921b9290d9ac30b,1,1042,1790127338402447724,1790127338527375670,1790127338527941872,1790127337257539400,610561419780900,36.271084,80.9934,0,78.30126900807954,0.562222,9358,-1144.908324,round_trip_estimate,1271.8633985,126.95507449999991,1.460926499999914,0.479336,11884.093544
6dd9d669e1e842768921b9290d9ac30b,1,1044,1790127338506233448,1790127338608716118,1790127338609275673,1790127337339065500,610561501315100,103.785724,81.5342,1,78.71765698655508,0.555388,9327,-1167.167948,round_trip_estimate,1271.8633985,104.69545049999988,1.6532254999999623,0.479336,11965.427288
6dd9d669e1e842768921b9290d9ac30b,1,1046,1790127338602200260,1790127338688802865,1790127338689372494,1790127337419030700,610561581278300,95.966812,79.9632,1,77.20836299995426,0.565703,9357,-1183.16956,round_trip_estimate,1271.8633985,88.69383849999986,1.5216044999999667,0.479336,12045.524332
6dd9d669e1e842768921b9290d9ac30b,1,1047,1790127338666637405,1790127338769097909,1790127338769659167,1790127337506326700,610561668571900,64.437145,87.2936,0,77.53673299157526,0.557147,9353,-1160.310705,round_trip_estimate,1271.8633985,111.5526934999998,8.530931499999951,0.479336,12125.81119
6dd9d669e1e842768921b9290d9ac30b,1,1049,1790127338766162766,1790127338855950533,1790127338856513365,1790127337586150000,610561748396200,99.525361,79.8243,1,77.14815899089444,0.558295,9385,-1180.012766,round_trip_estimate,1271.8633985,91.85063249999985,1.5000334999999723,0.479336,12212.665573
6dd9d669e1e842768921b9290d9ac30b,1,1050,1790127338802584257,1790127338935940613,1790127338936500797,1790127337667787000,610561830029700,36.421491,81.6335,0,77.26666000962723,0.555739,9359,-1134.797257,round_trip_estimate,1271.8633985,137.06614149999996,3.1496014999997897,0.479336,12292.652413
6dd9d669e1e842768921b9290d9ac30b,1,1052,1790127338902211969,1790127339020385001,1790127339020952889,1790127337751696400,610561913943400,99.627712,83.9137,1,80.11991401144769,0.563721,9354,-1150.515569,round_trip_estimate,1271.8633985,121.34782949999999,2.6069094999998015,0.479336,12377.104745
6dd9d669e1e842768921b9290d9ac30b,1,1054,1790127339010235334,1790127339100966970,1790127339101528135,1790127337831872900,610561994115400,108.023365,80.172,1,76.75158599158749,0.556425,9368,-1178.362434,round_trip_estimate,1271.8633985,93.50096450000001,2.208163499999955,0.479336,12457.679936
6dd9d669e1e842768921b9290d9ac30b,1,1056,1790127339102398763,1790127339181206513,1790127339181772864,1790127337911291200,610562073534600,92.163429,79.4192,1,76.95582701126114,0.562184,9324,-1191.107563,round_trip_estimate,1271.8633985,80.75583549999988,1.3817344999999932,0.479336,12537.924868
6dd9d669e1e842768921b9290d9ac30b,1,1057,1790127339166587779,1790127339261075335,1790127339261645704,1790127337991174200,610562153415700,64.189016,79.8811,0,77.33623401145451,0.566184,9341,-1175.413579,round_trip_estimate,1271.8633985,96.44981949999988,1.3918944999998075,0.479336,12617.797486
6dd9d669e1e842768921b9290d9ac30b,1,1058,1790127339202652290,1790127339340595750,1790127339341160989,1790127338070708400,610562232952000,36.064511,79.5363,0,77.02462299494073,0.560962,9351,-1131.94389,round_trip_estimate,1271.8633985,139.9195084999999,1.410809499999914,0.479336,12697.312679
6dd9d669e1e842768921b9290d9ac30b,1,1060,1790127339302371373,1790127339420176887,1790127339420737460,1790127338150714900,610562312955700,99.719083,80.0037,1,77.07988200127147,0.556369,9307,-1151.656473,round_trip_estimate,1271.8633985,120.2069254999999,1.8408384999997907,0.479336,12776.889242
6dd9d669e1e842768921b9290d9ac30b,1,1062,1790127339402303715,1790127339500044005,1790127339500610393,1790127338230959700,610562393205200,99.932342,80.2495,1,76.88367798982654,0.562129,9351,-1171.344015,round_trip_estimate,1271.8633985,100.5193835,2.2127054999998563,0.479336,12856.762119
6dd9d669e1e842768921b9290d9ac30b,1,1064,1790127339502211946,1790127339580934343,1790127339581494176,1790127338311089000,610562473330300,99.908231,80.1251,1,77.51021499279886,0.556018,9280,-1191.122946,round_trip_estimate,1271.8633985,80.74045249999995,1.4582224999999198,0.479336,12937.645643
6dd9d669e1e842768921b9290d9ac30b,1,1065,1790127339570277325,1790127339660518703,1790127339661079591,1790127338391124700,610562553365600,68.065379,80.0353,0,77.039401003276,0.55648,9345,-1179.152625,round_trip_estimate,1271.8633985,92.71077349999996,1.9085074999998142,0.479336,13017.231595
6dd9d669e1e842768921b9290d9ac30b,1,1066,1790127339634543360,1790127339743848315,1790127339744414703,1790127338473947200,610562636188800,64.266035,82.8232,0,80.28991401079111,0.562369,9356,-1160.59616,round_trip_estimate,1271.8633985,111.26723849999985,1.395895499999824,0.479336,13100.566429
6dd9d669e1e842768921b9290d9ac30b,1,1067,1790127339702561536,1790127339823754636,1790127339824316469,1790127338553829500,610562716071300,68.018176,79.8825,0,77.41697400342673,0.557647,9360,-1148.732036,round_trip_estimate,1271.8633985,123.1313624999998,1.3764294999998583,0.479336,13180.468381
6dd9d669e1e842768921b9290d9ac30b,1,1069,1790127339802594415,1790127339902851219,1790127339903411848,1790127338633112200,610562795359500,100.032879,79.2882,1,76.61501299298834,0.556647,9359,-1169.482215,round_trip_estimate,1271.8633985,102.3811834999999,1.5637504999999692,0.479336,13259.563907
6dd9d669e1e842768921b9290d9ac30b,1,1070,1790127339870297980,1790127339982701207,1790127339983268373,1790127338714782200,610562877023900,67.703565,81.6644,0,77.07908599695656,0.562962,9389,-1155.51578,round_trip_estimate,1271.8633985,116.34761849999995,3.377225499999895,0.479336,13339.420414
6dd9d669e1e842768921b9290d9ac30b,1,1071,1790127339934575607,1790127340064598137,1790127340065164617,1790127338794825500,610562957067100,64.277627,80.0432,0,77.36730799661018,0.562555,9361,-1139.750107,round_trip_estimate,1271.8633985,132.11329149999983,1.5242814999999155,0.479336,13421.316548
6dd9d669e1e842768921b9290d9ac30b,1,1072,1790127340002822616,1790127340144207478,1790127340144766792,1790127338874477800,610563036722700,68.247009,79.6556,0,76.91234599042218,0.555295,9332,-1128.344816,round_trip_estimate,1271.8633985,143.51858249999987,1.5744064999998955,0.479336,13500.919074
6dd9d669e1e842768921b9290d9ac30b,1,1074,1790127340134293143,1790127340224048004,1790127340224610632,1790127338956502400,610563118744900,131.470527,82.0222,1,77.05727100255899,0.558554,9343,-1177.790743,round_trip_estimate,1271.8633985,94.07265549999988,3.7551664999998593,0.479336,13580.7626
6dd9d669e1e842768921b9290d9ac30b,1,1075,1790127340202641486,1790127340305929007,1790127340306494932,1790127339036145500,610563198386400,68.348343,79.6415,0,76.94890099810436,0.561851,9317,-1166.495986,round_trip_estimate,1271.8633985,105.3674125,1.513966499999924,0.479336,13662.647437
6dd9d669e1e842768921b9290d9ac30b,1,1076,1790127340270270829,1790127340385738866,1790127340386312606,1790127339115804100,610563278046200,67.629343,79.6598,0,77.12297499529086,0.569906,9339,-1154.466729,round_trip_estimate,1271.8633985,117.39666949999992,1.3548925000000054,0.479336,13742.464814
6dd9d669e1e842768921b9290d9ac30b,1,1078,1790127340370325431,1790127340464900893,1790127340465467615,1790127339199566100,610563361808400,100.054602,83.7622,1,76.67843899980653,0.562684,9327,-1170.759331,round_trip_estimate,1271.8633985,101.10406749999993,5.961883499999885,0.479336,13821.619674
6dd9d669e1e842768921b9290d9ac30b,1,1080,1790127340470251699,1790127340549427818,1790127340550013280,1790127339279505100,610563441747900,99.926268,79.9395,1,77.38878999953158,0.580999,9385,-1190.746599,round_trip_estimate,1271.8633985,81.11679949999984,1.3552184999998644,0.479336,13906.164896
6dd9d669e1e842768921b9290d9ac30b,1,1081,1790127340538261708,1790127340628994215,1790127340629556047,1790127339359069000,610563521311300,68.010009,79.5634,0,77.05949399678502,0.557684,9338,-1179.192708,round_trip_estimate,1271.8633985,92.67069049999986,1.3763514999998279,0.479336,13985.707718
6dd9d669e1e842768921b9290d9ac30b,1,1082,1790127340602420669,1790127340708187649,1790127340708753389,1790127339438231800,610563600473700,64.158961,79.1624,0,76.74080900324043,0.561425,9342,-1164.188869,round_trip_estimate,1271.8633985,107.67452949999984,1.341809499999954,0.479336,14064.905134
6dd9d669e1e842768921b9290d9ac30b,1,1083,1790127340670457197,1790127340787743194,1790127340788307045,1790127339517838800,610563680083600,68.036528,79.6099,0,77.0780499879038,0.559758,9373,-1152.618397,round_trip_estimate,1271.8633985,119.24500149999994,1.3951534999998785,0.479336,14144.45879
6dd9d669e1e842768921b9290d9ac30b,1,1085,1790127340770315688,1790127340867279628,1790127340867842627,1790127339597436500,610563759683300,99.858491,79.5997,1,76.95056799275335,0.559203,9353,-1172.879188,round_trip_estimate,1271.8633985,98.98421049999979,1.4572714999999334,0.479336,14223.994187
6dd9d669e1e842768921b9290d9ac30b,1,1086,1790127340834346038,1790127340948101244,1790127340948661706,1790127339678326200,610563840567800,64.03035,80.8845,0,78.13137999619357,0.55561,9327,-1156.019838,round_trip_estimate,1271.8633985,115.84356049999997,1.5278925000000072,0.479336,14304.813396
6dd9d669e1e842768921b9290d9ac30b,1,1088,1790127340938168002,1790127341027861474,1790127341028427362,1790127339758010400,610563920251800,103.821964,79.684,1,77.13427099224646,0.562184,9311,-1180.157602,round_trip_estimate,1271.8633985,91.7057964999999,1.4464364999998907,0.479336,14384.579366
6dd9d669e1e842768921b9290d9ac30b,1,1089,1790127341002834055,1790127341107066297,1790127341107633056,1790127339837242900,610563999483900,64.666053,79.2321,0,76.58986499882303,0.562425,9341,-1165.591155,round_trip_estimate,1271.8633985,106.27224349999983,1.4732424999999694,0.479336,14463.784949
6dd9d669e1e842768921b9290d9ac30b,1,1090,1790127341070300529,1790127341186644213,1790127341187204267,1790127339917994000,610564080235500,67.466474,80.7516,0,76.93523498892318,0.556165,9368,-1152.306529,round_trip_estimate,1271.8633985,119.55686949999995,2.653131499999972,0.479336,14543.35629
6dd9d669e1e842768921b9290d9ac30b,1,1092,1790127341170407686,1790127341267296607,1790127341267860921,1790127339997776900,610564160022700,100.107157,79.7872,1,76.8361049995292,0.560796,9364,-1172.630786,round_trip_estimate,1271.8633985,99.23261249999996,1.7793775000000096,0.479336,14624.012481
6dd9d669e1e842768921b9290d9ac30b,1,1093,1790127341234351628,1790127341349427222,1790127341349999406,1790127340079526700,610564241768800,63.943942,81.7461,0,79.12343500356656,0.567944,9383,-1154.824928,round_trip_estimate,1271.8633985,117.0384704999999,1.3906924999998864,0.479336,14706.151948
6dd9d669e1e842768921b9290d9ac30b,1,1095,1790127341334773470,1790127341431993225,1790127341432557687,1790127340164656400,610564326897700,100.421842,85.1289,1,80.05539599980693,0.560054,9372,-1170.11707,round_trip_estimate,1271.8633985,101.74632849999989,3.962111499999992,0.479336,14788.709469
6dd9d669e1e842768921b9290d9ac30b,1,1097,1790127341434622979,1790127341514356061,1790127341514921838,1790127340246207800,610564408449700,99.849509,81.552,1,77.2143270005472,0.561721,9361,-1188.415179,round_trip_estimate,1271.8633985,83.44821949999982,3.1493604999998297,0.479336,14871.073805
6dd9d669e1e842768921b9290d9ac30b,1,1098,1790127341470977730,1790127341596095528,1790127341596663008,1790127340326499500,610564488741500,36.354751,80.2918,0,77.48141899355687,0.563536,9351,-1144.47823,round_trip_estimate,1271.8633985,127.38516849999996,1.6998904999998103,0.479336,14952.814865
6dd9d669e1e842768921b9290d9ac30b,1,1100,1790127341571186313,1790127341679320418,1790127341679885140,1790127340409373500,610564571616000,100.208583,82.8745,1,80.35102499707136,0.560499,9348,-1161.812813,round_trip_estimate,1271.8633985,110.0505854999999,1.35175849999996,0.479336,15036.037107
6dd9d669e1e842768921b9290d9ac30b,1,1102,1790127341674207409,1790127341758894852,1790127341759456740,1790127340489109200,610564651357600,103.021096,79.7416,1,77.07678999577183,0.557814,9353,-1185.098209,round_trip_estimate,1271.8633985,86.7651894999999,1.515858499999922,0.479336,15115.608485
6dd9d669e1e842768921b9290d9ac30b,1,1103,1790127341738943776,1790127341838200027,1790127341838758008,1790127340569433300,610564731676700,64.736367,80.3191,0,76.56064299226273,0.55398,9179,-1169.510476,round_trip_estimate,1271.8633985,102.35292249999998,2.5386904999998023,0.479336,15194.909938
6dd9d669e1e842768921b9290d9ac30b,1,1104,1790127341802415442,1790127341918815515,1790127341919377977,1790127340652855600,610564815098100,63.471666,83.4214,0,76.91777200670913,0.558277,9049,-1149.559842,round_trip_estimate,1271.8633985,122.30355650000001,5.341021499999897,0.479336,15275.529907
6dd9d669e1e842768921b9290d9ac30b,1,1105,1790127341871034951,1790127342037752602,1790127342038500415,1790127340768279800,610564930528400,68.619509,115.4303,0,112.35991299326997,0.742407,8865,-1102.755151,round_trip_estimate,1271.8633985,169.10824749999983,1.6427834999999504,0.479336,15394.652679
6dd9d669e1e842768921b9290d9ac30b,1,1107,1790127342002758774,1790127342127128778,1790127342127686647,1790127340856979400,610565019226900,131.723823,88.6985,1,86.25694099464454,0.553702,8184,-1145.779374,round_trip_estimate,1271.8633985,126.08402449999994,1.1561514999998508,0.479336,15483.838874
6dd9d669e1e842768921b9290d9ac30b,1,1108,1790127342070795432,1790127342174951212,1790127342175546415,1790127340904950700,610565067206400,68.036658,47.9795,0,45.41364200122189,0.589462,8300,-1165.844732,round_trip_estimate,1271.8633985,106.01866649999988,1.2676834999999755,0.479336,15531.699438
6dd9d669e1e842768921b9290d9ac30b,1,1109,1790127342138810683,1790127342227206527,1790127342227796304,1790127340957177400,610565119423100,68.015251,52.2167,0,49.572746007470414,0.584036,8481,-1181.633283,round_trip_estimate,1271.8633985,90.23011550000001,1.2444944999999734,0.479336,15583.948846
6dd9d669e1e842768921b9290d9ac30b,1,1110,1790127342206400508,1790127342307029165,1790127342307590701,1790127341037084700,610565199336200,67.589825,79.9131,0,77.26030900084879,0.556777,8348,-1169.315808,round_trip_estimate,1271.8633985,102.54759049999984,1.3573974999999336,0.479336,15663.742909
6dd9d669e1e842768921b9290d9ac30b,1,1111,1790127342270517173,1790127342359296517,1790127342359876942,1790127341089787700,610565252055700,64.116665,52.7195,0,49.64822799956892,0.574517,8223,-1180.729473,round_trip_estimate,1271.8633985,91.1339254999998,1.77415649999989,0.479336,15716.03028
6dd9d669e1e842768921b9290d9ac30b,1,1112,1790127342342507917,1790127342408192672,1790127342408805412,1790127341139484800,610565301727800,71.990744,49.6721,0,45.620549004524946,0.60611,8331,-1203.023117,round_trip_estimate,1271.8633985,68.84028149999995,2.54278649999992,0.479336,15764.958323
6dd9d669e1e842768921b9290d9ac30b,1,1113,1790127342402746867,1790127342488226383,1790127342488787549,1790127341217918900,610565380170200,60.23895,78.4424,0,76.28745801048353,0.556981,8520,-1184.827967,round_trip_estimate,1271.8633985,87.03543149999996,0.994749499999898,0.479336,15844.939775
6dd9d669e1e842768921b9290d9ac30b,1,1114,1790127342438952877,1790127342567269522,1790127342567834224,1790127341297496700,610565459743300,36.20601,79.5731,0,76.89488299365621,0.56061,8566,-1141.456177,round_trip_estimate,1271.8633985,130.40722149999988,1.5258744999998726,0.479336,15923.986229
6dd9d669e1e842768921b9290d9ac30b,1,1116,1790127342538665868,1790127342646964141,1790127342647525695,1790127341382141900,610565544383500,99.712991,84.6402,1,76.93280901003163,0.557407,8782,-1156.523968,round_trip_estimate,1271.8633985,115.33943049999993,6.479603499999939,0.479336,16003.677366
6dd9d669e1e842768921b9290d9ac30b,1,1118,1790127342638386304,1790127342731467621,1790127342732028991,1790127341461603800,610565623845000,99.720436,79.4615,1,76.74442000279669,0.557276,8790,-1176.782504,round_trip_estimate,1271.8633985,95.08089449999989,1.4382074999998622,0.479336,16088.180773
6dd9d669e1e842768921b9290d9ac30b,1,1119,1790127342702737783,1790127342810812111,1790127342811369573,1790127341540928700,610565703169900,64.351479,79.3249,0,76.75381000444759,0.553758,8787,-1161.809083,round_trip_estimate,1271.8633985,110.0543154999998,1.4225254999998924,0.479336,16167.5213
6dd9d669e1e842768921b9290d9ac30b,1,1121,1790127342802448441,1790127342891238451,1790127342891802562,1790127341621352700,610565783594800,99.710658,80.4249,1,77.83940000808798,0.559517,8850,-1181.095741,round_trip_estimate,1271.8633985,90.76765749999981,1.4135364999999638,0.479336,16247.954177
6dd9d669e1e842768921b9290d9ac30b,1,1122,1790127342838731970,1790127342970498034,1790127342971057089,1790127341700539100,610565862781100,36.283529,79.1863,0,76.68699399800971,0.554591,8901,-1138.19287,round_trip_estimate,1271.8633985,133.67052849999982,1.3454094999999597,0.479336,16327.209204
6dd9d669e1e842768921b9290d9ac30b,1,1124,1790127342938536961,1790127343053425425,1790127343053998091,1790127341783502800,610565945745100,99.804991,82.964,1,80.46141399245244,0.568739,8928,-1155.034161,round_trip_estimate,1271.8633985,116.82923749999986,1.368107499999951,0.479336,16410.150151
6dd9d669e1e842768921b9290d9ac30b,1,1126,1790127343042248093,1790127343132502286,1790127343133062545,1790127341863746100,610566025987000,103.711132,80.2419,1,76.58888399600983,0.556277,8962,-1178.501993,round_trip_estimate,1271.8633985,93.36140549999982,2.5469534999999723,0.479336,16489.214438
6dd9d669e1e842768921b9290d9ac30b,1,1127,1790127343102624043,1790127343213851755,1790127343214434439,1790127341943986000,610566106229300,60.37595,80.2423,0,77.61032700364012,0.578165,8967,-1158.638043,round_trip_estimate,1271.8633985,113.22535549999998,1.4149594999998953,0.479336,16570.586239
6dd9d669e1e842768921b9290d9ac30b,1,1129,1790127343202465145,1790127343293285393,1790127343293849021,1790127342023888100,610566186130500,99.841102,79.9012,1,76.83477200043853,0.559759,8996,-1178.577045,round_trip_estimate,1271.8633985,93.2863534999999,1.9024774999998044,0.479336,16650.000748
6dd9d669e1e842768921b9290d9ac30b,1,1130,1790127343238598230,1790127343373409011,1790127343373983510,1790127342103476900,610566265719800,36.133085,79.5893,0,77.1003279951401,0.570277,8934,-1135.12133,round_trip_estimate,1271.8633985,136.74206849999996,1.3567884999999933,0.479336,16730.135237
6dd9d669e1e842768921b9290d9ac30b,1,1132,1790127343338424573,1790127343452985408,1790127343453545204,1790127342183198000,610566345449400,99.826343,79.7296,1,77.05845699820202,0.554888,8963,-1155.226573,round_trip_estimate,1271.8633985,116.63682549999999,1.5161944999999832,0.479336,16809.696523
6dd9d669e1e842768921b9290d9ac30b,1,1134,1790127343438466564,1790127343532531417,1790127343533092101,1790127342262657700,610566424905100,100.041991,79.4557,1,76.72104999073781,0.556721,8991,-1175.808864,round_trip_estimate,1271.8633985,96.05453449999982,1.428997499999923,0.479336,16889.243976
6dd9d669e1e842768921b9290d9ac30b,1,1135,1790127343502520951,1790127343612247536,1790127343612805850,1790127342342642300,610566504892200,64.054387,79.9871,0,77.02245799009688,0.554555,8968,-1159.878651,round_trip_estimate,1271.8633985,111.98474749999991,1.6998484999999164,0.479336,16968.957854
6dd9d669e1e842768921b9290d9ac30b,1,1137,1790127343606567601,1790127343692188210,1790127343692751950,1790127342422769400,610566585024100,104.04665,80.1319,1,76.96049500373192,0.559777,9012,-1183.798201,round_trip_estimate,1271.8633985,88.06519749999984,1.8808484999999564,0.479336,17048.903658
6dd9d669e1e842768921b9290d9ac30b,1,1138,1790127343670833766,1790127343772137440,1790127343772700587,1790127342502444700,610566664693100,64.266165,79.669,0,76.74530900840182,0.559295,8993,-1168.389066,round_trip_estimate,1271.8633985,103.47433249999995,1.6075114999998732,0.479336,17128.85224
6dd9d669e1e842768921b9290d9ac30b,1,1139,1790127343738418685,1790127343851798467,1790127343852361558,1790127342582272600,610566744525400,67.584919,79.8323,0,76.77879100083373,0.55874,9019,-1156.146085,round_trip_estimate,1271.8633985,115.71731349999982,1.774440499999855,0.479336,17208.513655
6dd9d669e1e842768921b9290d9ac30b,1,1140,1790127343806697028,1790127343960691350,1790127343961254441,1790127342690893200,610566853140200,68.278343,108.6148,0,105.8090180013096,0.55937,9008,-1115.803828,round_trip_estimate,1271.8633985,156.05957049999984,1.5021574999998393,0.479336,17317.406649
6dd9d669e1e842768921b9290d9ac30b,1,1142,1790127343938773758,1790127344068910919,1790127344069469362,1790127342799432900,610566961685700,132.07673,108.5455,1,105.46994498872664,0.554258,9023,-1139.340858,round_trip_estimate,1271.8633985,132.52254049999988,1.8269364999998743,0.479336,17425.620904
6dd9d669e1e842768921b9290d9ac30b,1,1144,1790127344070404953,1790127344177541691,1790127344178124727,1790127342907770400,610567070019100,131.631195,108.3334,1,105.50414799945429,0.577647,9024,-1162.634553,round_trip_estimate,1271.8633985,109.2288454999998,1.5090714999998909,0.479336,17534.276676
6dd9d669e1e842768921b9290d9ac30b,1,1146,1790127344170609870,1790127344285954816,1790127344286520778,1790127343016515100,610567178763500,100.204917,108.7444,1,105.60890700435266,0.561277,9028,-1154.09477,round_trip_estimate,1271.8633985,117.76862849999998,1.857720499999914,0.479336,17642.672226
6dd9d669e1e842768921b9290d9ac30b,1,1148,1790127344270469676,1790127344366694563,1790127344367258099,1790127343097003200,610567259251600,99.859806,80.4881,1,77.61393800319638,0.559388,8995,-1173.466476,round_trip_estimate,1271.8633985,98.39692249999985,1.6084994999998798,0.479336,17723.410029
6dd9d669e1e842768921b9290d9ac30b,1,1149,1790127344310524847,1790127344446084942,1790127344446648386,1790127343176144800,610567338387100,40.055171,79.1355,0,76.51693999650888,0.559536,8919,-1134.380047,round_trip_estimate,1271.8633985,137.4833514999998,1.3598124999998618,0.479336,17802.80002
6dd9d669e1e842768921b9290d9ac30b,1,1151,1790127344406529400,1790127344525394192,1790127344525966746,1790127343255562300,610567417811900,96.004553,79.4248,1,76.83442099369131,0.56837,8965,-1150.9671,round_trip_estimate,1271.8633985,120.89629849999983,1.4589524999998957,0.479336,17882.118473
6dd9d669e1e842768921b9290d9ac30b,1,1153,1790127344506514151,1790127344604930071,1790127344605490977,1790127343335064700,610567497306500,99.984751,79.4946,1,76.82145800208673,0.55674,8965,-1171.449451,round_trip_estimate,1271.8633985,100.41394749999995,1.4371214999998756,0.479336,17961.64287
6dd9d669e1e842768921b9290d9ac30b,1,1155,1790127344606458087,1790127344684173598,1790127344684733005,1790127343414174300,610567576416200,99.943936,79.1097,1,76.60584700352047,0.555369,8970,-1192.283787,round_trip_estimate,1271.8633985,79.57961149999983,1.3046934999999849,0.479336,18040.884935
6dd9d669e1e842768921b9290d9ac30b,1,1156,1790127344670580937,1790127344763561033,1790127344764124310,1790127343493551500,610567655793000,64.12285,79.3768,0,76.93429000210017,0.559203,8892,-1177.029437,round_trip_estimate,1271.8633985,94.83396149999999,1.2905885000000126,0.479336,18120.276629
6dd9d669e1e842768921b9290d9ac30b,1,1157,1790127344706899947,1790127344842821209,1790127344843388597,1790127343572909700,610567735151800,36.31901,79.3588,0,76.85345799836796,0.563128,8858,-1133.990247,round_trip_estimate,1271.8633985,137.87315149999995,1.384501499999942,0.479336,18199.54062
6dd9d669e1e842768921b9290d9ac30b,1,1159,1790127344806458069,1790127344922593476,1790127344923151142,1790127343652770300,610567815011900,99.558122,79.8601,1,77.19573499343824,0.553758,8850,-1153.687769,round_trip_estimate,1271.8633985,118.17562950000001,1.4825564999998733,0.479336,18279.30298
6dd9d669e1e842768921b9290d9ac30b,1,1161,1790127344906541986,1790127345002021763,1790127345002582799,1790127343735468200,610567897709900,100.083917,82.698,1,76.79540300159715,0.556888,8839,-1171.073786,round_trip_estimate,1271.8633985,100.78961249999998,4.748799499999905,0.479336,18358.734822
6dd9d669e1e842768921b9290d9ac30b,1,1163,1790127345006365959,1790127345084581377,1790127345085137006,1790127343814742600,610567976991900,99.823973,79.282,1,76.61329199618194,0.551721,8747,-1191.623359,round_trip_estimate,1271.8633985,80.24003949999997,1.468992500000013,0.479336,18441.288399
6dd9d669e1e842768921b9290d9ac30b,1,1164,1790127345070479995,1790127345166293994,1790127345166850604,1790127343896285400,610568058528300,64.114036,81.5364,0,78.96645399159752,0.552499,8732,-1174.194595,round_trip_estimate,1271.8633985,97.66880349999997,1.2981944999999087,0.479336,18523.002552
6dd9d669e1e842768921b9290d9ac30b,1,1165,1790127345110349166,1790127345245480947,1790127345246057280,1790127343975597100,610568137839300,39.869171,79.311,0,76.75019900489133,0.572424,8682,-1134.752066,round_trip_estimate,1271.8633985,137.1113324999999,1.4032184999998663,0.479336,18602.20934
6dd9d669e1e842768921b9290d9ac30b,1,1167,1790127345206988589,1790127345326610101,1790127345327169712,1790127344056830800,610568219080300,96.639423,81.241,1,78.53936200262979,0.55587,8648,-1150.157789,round_trip_estimate,1271.8633985,121.70560949999981,1.5244864999999663,0.479336,18683.321549
6dd9d669e1e842768921b9290d9ac30b,1,1169,1790127345310183204,1790127345406138370,1790127345406709739,1790127344136176900,610568298420000,103.194615,79.3397,1,76.73232800152618,0.567351,8734,-1174.006304,round_trip_estimate,1271.8633985,97.8570944999999,1.3305594999999357,0.479336,18762.861632
6dd9d669e1e842768921b9290d9ac30b,1,1171,1790127345406500758,1790127345485137083,1790127345485693619,1790127344215218200,610568377459900,96.317554,79.0399,1,76.47532899864018,0.552684,8863,-1191.282558,round_trip_estimate,1271.8633985,80.5808404999998,1.3879794999998012,0.479336,18841.845494
6dd9d669e1e842768921b9290d9ac30b,1,1172,1790127345474502620,1790127345565138109,1790127345565691108,1790127344295152100,610568457406800,68.001862,79.9469,0,77.43251298961695,0.549184,8806,-1179.35052,round_trip_estimate,1271.8633985,92.51287849999994,1.3243904999999359,0.479336,18921.843261
6dd9d669e1e842768921b9290d9ac30b,1,1173,1790127345546208050,1790127345644411063,1790127345644970044,1790127344374462300,610568536703800,71.70543,79.297,0,76.8288469989784,0.554684,8750,-1171.74575,round_trip_estimate,1271.8633985,100.11764849999986,1.3556544999999005,0.479336,19001.121807
6dd9d669e1e842768921b9290d9ac30b,1,1174,1790127345606555648,1790127345729173933,1790127345729740099,1790127344459299900,610568621554900,60.347598,84.8511,0,79.05028799723368,0.561981,8804,-1147.255748,round_trip_estimate,1271.8633985,124.60765049999986,1.4231995000000097,0.479336,19085.891733
6dd9d669e1e842768921b9290d9ac30b,1,1175,1790127345678413948,1790127345810522105,1790127345811087660,1790127344541950900,610568704193300,71.8583,82.6384,0,78.73841800028458,0.561332,8793,-1136.463048,round_trip_estimate,1271.8633985,135.40035049999983,2.726638499999808,0.479336,19167.239294
6dd9d669e1e842768921b9290d9ac30b,1,1177,1790127345806639594,1790127345892747795,1790127345893304627,1790127344624662300,610568786903800,128.225646,82.7105,1,78.37947399821132,0.552962,8765,-1181.977294,round_trip_estimate,1271.8633985,89.88610449999987,3.22107149999988,0.479336,19249.456576
6dd9d669e1e842768921b9290d9ac30b,1,1178,1790127345874588401,1790127345975463057,1790127345976019278,1790127344705466100,610568867708200,67.948807,80.8044,0,78.28936300938949,0.552277,8744,-1169.122301,round_trip_estimate,1271.8633985,102.7410974999998,1.310220500000014,0.479336,19332.171023
6dd9d669e1e842768921b9290d9ac30b,1,1180,1790127345974509151,1790127346057912357,1790127346058469782,1790127344787893300,610568950137700,99.92075,82.4295,1,79.94937899638899,0.553481,8665,-1186.615851,round_trip_estimate,1271.8633985,85.24754749999988,1.2869164999999612,0.479336,19414.621657
6dd9d669e1e842768921b9290d9ac30b,1,1181,1790127346042322625,1790127346138324939,1790127346138925567,1790127344869653400,610569031898400,67.813474,81.7607,0,77.93273399875034,0.595536,8705,-1172.669225,round_trip_estimate,1271.8633985,99.1941734999998,2.5912314999998216,0.479336,19495.077424
6dd9d669e1e842768921b9290d9ac30b,1,1183,1790127346138837419,1790127346219685204,1790127346220245999,1790127344950294100,610569112537300,96.514794,80.6389,1,77.5272899918491,0.556425,8668,-1188.543319,round_trip_estimate,1271.8633985,83.32007949999979,1.9114994999999908,0.479336,19576.397726
6dd9d669e1e842768921b9290d9ac30b,1,1184,1790127346174763282,1790127346299963823,1790127346300522970,1790127345030017500,610569192259200,35.925863,79.7219,0,77.22547599405516,0.555499,8709,-1144.745782,round_trip_estimate,1271.8633985,127.11761649999994,1.3579284999998436,0.479336,19656.674919
6dd9d669e1e842768921b9290d9ac30b,1,1186,1790127346275044329,1790127346382285197,1790127346382841955,1790127345112335100,610569274581500,100.281047,82.3223,1,79.84282299003098,0.55274,8690,-1162.709229,round_trip_estimate,1271.8633985,109.15416949999985,1.356543499999816,0.479336,19738.993497
6dd9d669e1e842768921b9290d9ac30b,1,1188,1790127346378146649,1790127346461784354,1790127346462361483,1790127345191828600,610569354070700,103.10232,79.4892,1,77.0067349949386,0.572833,8724,-1186.318049,round_trip_estimate,1271.8633985,85.54534949999993,1.3305154999998194,0.479336,19818.513784
6dd9d669e1e842768921b9290d9ac30b,1,1189,1790127346438973524,1790127346541619215,1790127346542187677,1790127345271641400,610569433882900,60.826875,79.8122,0,77.3421240010066,0.564202,8782,-1167.332124,round_trip_estimate,1271.8633985,104.53127449999988,1.3171214999999847,0.479336,19898.339274
6dd9d669e1e842768921b9290d9ac30b,1,1191,1790127346538898386,1790127346624701588,1790127346625259253,1790127345356137600,610569518379700,99.924862,84.4968,1,80.61298799293581,0.553702,8800,-1182.760786,round_trip_estimate,1271.8633985,89.10261249999985,2.741745499999979,0.479336,19981.411091
6dd9d669e1e842768921b9290d9ac30b,1,1192,1790127346578492798,1790127346705780964,1790127346706355334,1790127345435808300,610569598050400,39.594412,79.6707,0,77.19738400192,0.570129,8784,-1142.684498,round_trip_estimate,1271.8633985,129.17890049999983,1.3163644999999633,0.479336,20062.507412
6dd9d669e1e842768921b9290d9ac30b,1,1194,1790127346674811704,1790127346785271714,1790127346785833991,1790127345515333600,610569677575800,96.318906,79.5254,1,77.00236501113977,0.558592,8801,-1159.478104,round_trip_estimate,1271.8633985,112.38529449999987,1.363007499999867,0.479336,20141.986088
6dd9d669e1e842768921b9290d9ac30b,1,1196,1790127346774783455,1790127346865481703,1790127346866049425,1790127345595594300,610569757835700,99.971751,80.2599,1,77.71440100623295,0.563721,8781,-1179.189155,round_trip_estimate,1271.8633985,92.67424349999987,1.4082734999999502,0.479336,20222.201299
6dd9d669e1e842768921b9290d9ac30b,1,1197,1790127346846211478,1790127346944652139,1790127346945210323,1790127345676115800,610569838357500,71.428023,80.5218,0,76.56475499970838,0.553443,8804,-1170.095678,round_trip_estimate,1271.8633985,101.7677205,2.768875499999922,0.479336,20301.362087
6dd9d669e1e842768921b9290d9ac30b,1,1198,1790127346906708316,1790127347025498572,1790127347026071793,1790127345755529900,610569917771400,60.496838,79.4139,0,76.90456899581477,0.56911,8796,-1151.178416,round_trip_estimate,1271.8633985,120.68498249999993,1.3215054999998301,0.479336,20382.223242
6dd9d669e1e842768921b9290d9ac30b,1,1199,1790127346974776197,1790127347105293988,1790127347105854265,1790127345835327800,610569997570100,68.067881,79.7987,0,77.32195800053887,0.555647,8841,-1139.448397,round_trip_estimate,1271.8633985,132.4150014999998,1.3369334999999865,0.479336,20462.006028
6dd9d669e1e842768921b9290d9ac30b,1,1201,1790127347074652819,1790127347201088783,1790127347201809541,1790127345931338100,610570093580100,99.876622,96.01,1,93.255763000343,0.716332,8889,-1143.314719,round_trip_estimate,1271.8633985,128.54867949999993,1.3919574999999895,0.479336,20557.96199
6dd9d669e1e842768921b9290d9ac30b,1,1203,1790127347178358490,1790127347281252162,1790127347281808772,1790127346018004200,610570180249900,103.705671,86.6698,1,77.45880899892654,0.552444,8869,-1160.35429,round_trip_estimate,1271.8633985,111.50910849999991,8.058826499999896,0.479336,20637.960721
6dd9d669e1e842768921b9290d9ac30b,1,1204,1790127347242647692,1790127347367451159,1790127347368010066,1790127346101336800,610570263578600,64.289202,83.3287,0,76.87044001067989,0.554462,8862,-1141.310892,round_trip_estimate,1271.8633985,130.55250649999994,5.190132499999891,0.479336,20724.161792
6dd9d669e1e842768921b9290d9ac30b,1,1205,1790127347306969228,1790127347450478422,1790127347451039939,1790127346180643500,610570342885300,64.321536,79.3067,0,76.604995992966,0.557277,8888,-1126.325728,round_trip_estimate,1271.8633985,145.53767049999988,1.4669594999998026,0.479336,20807.191462
6dd9d669e1e842768921b9290d9ac30b,1,1207,1790127347442576306,1790127347560224786,1790127347560785618,1790127346293019900,610570455267500,135.607078,112.3822,1,107.06716500862967,0.555962,8872,-1149.556406,round_trip_estimate,1271.8633985,122.30699249999998,4.097680499999797,0.479336,20916.937382
6dd9d669e1e842768921b9290d9ac30b,1,1208,1790127347507244304,1790127347642234142,1790127347642812382,1790127346373633000,610570535876600,64.667998,80.6091,0,76.69469900429249,0.574425,8902,-1133.611304,round_trip_estimate,1271.8633985,138.25209449999988,2.6840164999998706,0.479336,20998.964497
6dd9d669e1e842768921b9290d9ac30b,1,1210,1790127347642583660,1790127347722867112,1790127347723425334,1790127346453197200,610570615439900,135.339356,79.5633,1,76.72651400207542,0.553702,8887,-1189.38646,round_trip_estimate,1271.8633985,82.47693849999996,1.6352644999999484,0.479336,21079.577486
6dd9d669e1e842768921b9290d9ac30b,1,1211,1790127347706695604,1790127347802376936,1790127347802935991,1790127346532392600,610570694638000,64.111944,79.1981,0,76.72012499824632,0.554981,8855,-1174.303004,round_trip_estimate,1271.8633985,97.5603944999998,1.3200074999999742,0.479336,21159.087792
6dd9d669e1e842768921b9290d9ac30b,1,1212,1790127347742989688,1790127347883227295,1790127347883784961,1790127346613364100,610570775605900,36.294084,80.9679,0,78.2598810037598,0.553462,8824,-1129.625588,round_trip_estimate,1271.8633985,142.2378104999998,1.442537499999844,0.479336,21239.936613
6dd9d669e1e842768921b9290d9ac30b,1,1214,1790127347842665440,1790127347963287822,1790127347963841228,1790127346694864700,610570857106400,99.675752,81.5005,1,77.45314200292341,0.549314,8894,-1147.80074,round_trip_estimate,1271.8633985,124.0626585,2.8868704999999864,0.479336,21319.993196
6dd9d669e1e842768921b9290d9ac30b,1,1216,1790127347942679117,1790127348044384532,1790127348044942828,1790127346774395500,610570936637400,100.013677,79.531,1,77.0474769960856,0.55461,8917,-1168.283617,round_trip_estimate,1271.8633985,103.57978149999985,1.316070499999796,0.479336,21401.094332
6dd9d669e1e842768921b9290d9ac30b,1,1218,1790127348042623721,1790127348123595839,1790127348124162726,1790127346853647300,610571015889900,99.944604,79.2525,1,76.7138299997896,0.562981,8886,-1188.976421,round_trip_estimate,1271.8633985,82.88697749999983,1.347972499999969,0.479336,21480.314157
6dd9d669e1e842768921b9290d9ac30b,1,1219,1790127348106638887,1790127348206945378,1790127348207536081,1790127346937083900,610571099331200,64.015166,83.4413,0,80.8071000064956,0.586647,8857,-1169.554987,round_trip_estimate,1271.8633985,102.30841149999992,1.4112174999997933,0.479336,21563.687771
6dd9d669e1e842768921b9290d9ac30b,1,1221,1790127348207036471,1790127348286339351,1790127348286905720,1790127347016400400,610571178642100,100.397584,79.3109,1,76.68375500361435,0.562555,8867,-1190.636071,round_trip_estimate,1271.8633985,81.2273275,1.3580784999999196,0.479336,21643.057669
6dd9d669e1e842768921b9290d9ac30b,1,1222,1790127348243145056,1790127348366116508,1790127348366673914,1790127347096171000,610571258413300,36.108585,79.7712,0,77.27082799829077,0.553554,8871,-1146.974056,round_trip_estimate,1271.8633985,124.88934249999988,1.360484499999984,0.479336,21722.825511
6dd9d669e1e842768921b9290d9ac30b,1,1224,1790127348342953308,1790127348446461757,1790127348447019737,1790127347176519600,610571338760900,99.808252,80.3476,1,77.84553000237793,0.553406,8892,-1166.433708,round_trip_estimate,1271.8633985,105.42969049999988,1.3632614999999078,0.479336,21803.171056
6dd9d669e1e842768921b9290d9ac30b,1,1226,1790127348446107942,1790127348525636341,1790127348526208173,1790127347255751200,610571417992500,103.154634,79.2316,1,76.59143999626394,0.56737,8874,-1190.356742,round_trip_estimate,1271.8633985,81.50665649999996,1.4064254999998411,0.479336,21882.360011
6dd9d669e1e842768921b9290d9ac30b,1,1227,1790127348506617522,1790127348605538072,1790127348606116089,1790127347335568200,610571497809500,60.50958,79.817,0,77.3111250018701,0.57387,8851,-1171.049322,round_trip_estimate,1271.8633985,100.81407649999983,1.315509499999962,0.479336,21962.267834
6dd9d669e1e842768921b9290d9ac30b,1,1229,1790127348606524551,1790127348684642063,1790127348685197877,1790127347414633200,610571576877700,99.907029,79.0682,1,76.61712499975692,0.551795,8848,-1191.891351,round_trip_estimate,1271.8633985,79.97204749999992,1.2987214999998287,0.479336,22041.350307
6dd9d669e1e842768921b9290d9ac30b,1,1230,1790127348642886284,1790127348764669553,1790127348765224571,1790127347494756400,610571656997900,36.361733,80.1202,0,77.51682799425907,0.551222,8832,-1148.129884,round_trip_estimate,1271.8633985,123.73351449999996,1.395227499999919,0.479336,22121.375983
6dd9d669e1e842768921b9290d9ac30b,1,1232,1790127348742918091,1790127348844388859,1790127348844945265,1790127347574484000,610571736726800,100.031807,79.7289,1,77.15714299411047,0.552148,8857,-1168.434091,round_trip_estimate,1271.8633985,103.42930749999982,1.4021334999999908,0.479336,22201.096955
6dd9d669e1e842768921b9290d9ac30b,1,1234,1790127348842644825,1790127348923844942,1790127348924405108,1790127347654307200,610571816553400,99.726734,79.8266,1,76.84244000120088,0.555981,8894,-1188.337625,round_trip_estimate,1271.8633985,83.52577350000001,1.7654904999999417,0.479336,22280.556927
6dd9d669e1e842768921b9290d9ac30b,1,1235,1790127348906680750,1790127349004060784,1790127349004621005,1790127347734145600,610571896387500,64.035925,79.8341,0,77.15314299275633,0.555832,8861,-1172.53515,round_trip_estimate,1271.8633985,99.32824849999997,1.3879934999999932,0.479336,22360.77288
6dd9d669e1e842768921b9290d9ac30b,1,1236,1790127348942910131,1790127349083575867,1790127349084140515,1790127347813696900,610571975939800,36.229381,79.5523,0,76.94251400243957,0.56037,8870,-1129.213231,round_trip_estimate,1271.8633985,142.65016749999995,1.419783499999994,0.479336,22440.292315
6dd9d669e1e842768921b9290d9ac30b,1,1238,1790127349042873550,1790127349162931229,1790127349163490006,1790127347892971900,610572055213600,99.963419,79.2738,1,76.7191070044646,0.554647,8924,-1149.90165,round_trip_estimate,1271.8633985,121.96174849999989,1.345292499999914,0.479336,22519.641862
6dd9d669e1e842768921b9290d9ac30b,1,1239,1790127349110963598,1790127349242182573,1790127349242767868,1790127347972280100,610572134522100,68.090048,79.3085,0,76.76571799675003,0.580128,8932,-1138.683498,round_trip_estimate,1271.8633985,133.1799004999998,1.375630499999943,0.479336,22598.92015
6dd9d669e1e842768921b9290d9ac30b,1,1241,1790127349242652479,1790127349321420509,1790127349321989397,1790127348051544500,610572213785500,131.688881,79.2634,1,76.652939998894,0.564962,8903,-1191.107979,round_trip_estimate,1271.8633985,80.75541950000002,1.4185014999998202,0.479336,22678.140605
6dd9d669e1e842768921b9290d9ac30b,1,1242,1790127349310736824,1790127349429348469,1790127349429921060,1790127348159379900,610572321621500,68.084345,107.836,0,105.31768700457178,0.568351,8985,-1151.356924,round_trip_estimate,1271.8633985,120.50647449999997,1.3222384999999122,0.479336,22786.073176
6dd9d669e1e842768921b9290d9ac30b,1,1243,1790127349374919767,1790127349508944404,1790127349509505348,1790127348239008900,610572401251800,64.182943,79.6303,0,77.09740298741963,0.556962,8922,-1135.910867,round_trip_estimate,1271.8633985,135.95253149999985,1.3669504999998026,0.479336,22865.657056
6dd9d669e1e842768921b9290d9ac30b,1,1245,1790127349510681975,1790127349588262822,1790127349588826080,1790127348318270100,610572480511400,135.762208,79.2596,1,76.79990299220663,0.559091,8945,-1192.411875,round_trip_estimate,1271.8633985,79.4515234999999,1.3074184999998124,0.479336,22944.978029
6dd9d669e1e842768921b9290d9ac30b,1,1246,1790127349574718475,1790127349669330273,1790127349669903161,1790127348399339100,610572561580800,64.0365,81.0694,0,78.585067007225,0.556925,8934,-1175.379375,round_trip_estimate,1271.8633985,96.48402349999992,1.299337499999865,0.479336,23026.054647
6dd9d669e1e842768921b9290d9ac30b,1,1247,1790127349614352554,1790127349749589744,1790127349750159817,1790127348479595400,610572641837100,39.634079,80.2563,0,77.76014199771453,0.565869,8944,-1134.757154,round_trip_estimate,1271.8633985,137.1062445,1.2989814999998543,0.479336,23106.311507
6dd9d669e1e842768921b9290d9ac30b,1,1249,1790127349710743941,1790127349830761992,1790127349831318287,1790127348566753200,610572728995200,96.391387,87.1581,1,78.69021499936935,0.552536,8942,-1143.990741,round_trip_estimate,1271.8633985,127.87265749999983,7.298311499999954,0.479336,23187.470069
6dd9d669e1e842768921b9290d9ac30b,1,1251,1790127349810878619,1790127349916297250,1790127349916854342,1790127348646355900,610572808597800,100.134678,79.6026,1,77.10308799869381,0.552925,8919,-1164.522719,round_trip_estimate,1271.8633985,107.34067949999985,1.3649564999998347,0.479336,23273.006402
6dd9d669e1e842768921b9290d9ac30b,1,1253,1790127349910848963,1790127349996610258,1790127349997164276,1790127348726590700,610572888836300,99.970344,80.2385,1,77.75403100822587,0.549832,8909,-1184.258263,round_trip_estimate,1271.8633985,87.60513549999996,1.2898224999999002,0.479336,23353.31641
6dd9d669e1e842768921b9290d9ac30b,1,1254,1790127349982198320,1790127350075848528,1790127350076411082,1790127348806045700,610572968288000,71.349357,79.4517,0,76.71695899625774,0.55811,8901,-1176.15262,round_trip_estimate,1271.8633985,95.71077849999983,1.4980164999999488,0.479336,23432.562828
6dd9d669e1e842768921b9290d9ac30b,1,1255,1790127350042696419,1790127350155345408,1790127350155905129,1790127348885329400,610573047571700,60.498099,79.2837,0,76.8048479949357,0.555407,8876,-1157.367019,round_trip_estimate,1271.8633985,114.49637949999988,1.2876694999999927,0.479336,23512.056689
6dd9d669e1e842768921b9290d9ac30b,1,1256,1790127350110877022,1790127350235219251,1790127350235777675,1790127348965196200,610573127438000,68.180603,79.8663,0,77.37358700251207,0.554443,8902,-1145.680822,round_trip_estimate,1271.8633985,126.18257649999987,1.281923499999948,0.479336,23591.929976
6dd9d669e1e842768921b9290d9ac30b,1,1258,1790127350210997607,1790127350314440816,1790127350315004871,1790127349054972900,610573217216000,100.120585,89.778,1,76.75653400656302,0.560444,8866,-1156.024707,round_trip_estimate,1271.8633985,115.83869149999987,11.83142749999979,0.479336,23671.157246
6dd9d669e1e842768921b9290d9ac30b,1,1260,1790127350310789341,1790127350404236068,1790127350404796752,1790127349134192100,610573296434300,99.791734,79.2183,1,76.7041819926817,0.556147,8870,-1176.597241,round_trip_estimate,1271.8633985,95.26615749999996,1.2587464999999156,0.479336,23760.94833
6dd9d669e1e842768921b9290d9ac30b,1,1261,1790127350374902600,1790127350483514022,1790127350484071318,1790127349213479200,610573375720900,64.113259,79.2866,0,76.87432901002467,0.553166,8904,-1161.4234,round_trip_estimate,1271.8633985,110.4399985,1.2712804999998752,0.479336,23840.222896
6dd9d669e1e842768921b9290d9ac30b,1,1263,1790127350474716315,1790127350562869866,1790127350563436272,1790127349295528100,610573457770000,99.813715,82.0491,1,76.921478001168,0.562517,8872,-1179.188215,round_trip_estimate,1271.8633985,92.6751835,3.9552264999999807,0.479336,23919.588721
6dd9d669e1e842768921b9290d9ac30b,1,1264,1790127350511074067,1790127350645230296,1790127350645793925,1790127349375248400,610573537492300,36.357752,79.7223,0,77.24077299644705,0.559907,8890,-1135.825667,round_trip_estimate,1271.8633985,136.03773149999984,1.317873499999905,0.479336,24001.945578
6dd9d669e1e842768921b9290d9ac30b,1,1266,1790127350610705171,1790127350724832510,1790127350725389472,1790127349455149200,610573617396900,99.631104,79.9046,1,77.06277299439535,0.553147,8868,-1155.555971,round_trip_estimate,1271.8633985,116.3074274999999,1.6231264999998984,0.479336,24081.541013
6dd9d669e1e842768921b9290d9ac30b,1,1268,1790127350710765386,1790127350804574630,1790127350805141463,1790127349534993100,610573697239700,100.060215,79.8428,1,76.79323700722307,0.562295,8860,-1175.772286,round_trip_estimate,1271.8633985,96.09111250000001,1.7150354999998854,0.479336,24161.293263
6dd9d669e1e842768921b9290d9ac30b,1,1269,1790127350774831682,1790127350913553515,1790127350914123347,1790127349643534200,610573805775600,64.066296,108.5359,0,105.96755699953064,0.565702,8865,-1131.297482,round_trip_estimate,1271.8633985,140.56591649999996,1.2742514999999912,0.479336,24270.275629
6dd9d669e1e842768921b9290d9ac30b,1,1272,1790127350910736946,1790127350992790118,1790127350993366654,1790127349723004000,610573885247400,135.905264,79.4718,2,76.77258900366724,0.572073,8870,-1187.732946,round_trip_estimate,1271.8633985,84.13045249999982,1.5007444999998825,0.479336,24349.519343
6dd9d669e1e842768921b9290d9ac30b,1,1273,1790127350978873198,1790127351074697531,1790127351075264123,1790127349804706900,610573966948500,68.136252,81.7011,0,79.12117800151464,0.56261,8866,-1174.166298,round_trip_estimate,1271.8633985,97.6971004999998,1.3061754999998811,0.479336,24431.416016
6dd9d669e1e842768921b9290d9ac30b,1,1274,1790127351043906640,1790127351182388418,1790127351182949398,1790127349912474200,610574074718700,65.033442,107.7702,0,105.22648399637546,0.556869,8844,-1131.43244,round_trip_estimate,1271.8633985,140.43095849999986,1.3882004999998117,0.479336,24539.100977
6dd9d669e1e842768921b9290d9ac30b,1,1276,1790127351178760184,1790127351293835484,1790127351294407909,1790127350024007500,610574186255900,134.853544,111.5372,1,108.85071799566504,0.568147,8853,-1154.752684,round_trip_estimate,1271.8633985,117.11071449999986,1.4629894999998214,0.479336,24650.559617
6dd9d669e1e842768921b9290d9ac30b,1,1277,1790127351246285918,1790127351403685922,1790127351404246829,1790127350135039400,610574297280800,67.525734,111.0249,0,107.07422099949326,0.557166,8851,-1111.246518,round_trip_estimate,1271.8633985,160.61688049999998,2.6559694999998555,0.479336,24760.398815
6dd9d669e1e842768921b9290d9ac30b,1,1279,1790127351382532533,1790127351514086582,1790127351514643915,1790127350245148900,610574407392100,136.246615,110.1113,1,106.551055010641,0.553295,8833,-1137.383633,round_trip_estimate,1271.8633985,134.47976549999998,2.3683834999999362,0.479336,24870.795623
6dd9d669e1e842768921b9290d9ac30b,1,1281,1790127351478832384,1790127351624147225,1790127351624705835,1790127350354152900,610574516394600,96.299851,109.0025,1,106.44635200151242,0.554333,8873,-1124.679484,round_trip_estimate,1271.8633985,147.1839144999999,1.310463499999969,0.479336,24980.857654
6dd9d669e1e842768921b9290d9ac30b,1,1283,1790127351579488950,1790127351733622664,1790127351734193182,1790127350464167600,610574626412100,100.656566,110.0175,1,107.00748099770863,0.566166,8848,-1115.32135,round_trip_estimate,1271.8633985,156.54204849999996,1.8378164999999171,0.479336,25090.345038
6dd9d669e1e842768921b9290d9ac30b,1,1285,1790127351688519298,1790127351844672619,1790127351845227637,1790127350575757400,610574738003400,109.030348,111.5913,1,107.9363119933987,0.550962,8832,-1112.761898,round_trip_estimate,1271.8633985,159.10150049999993,2.3931614999999056,0.479336,25201.379067
6dd9d669e1e842768921b9290d9ac30b,1,1288,1790127351842735530,1790127351954884224,1790127351955437668,1790127350684820800,610574847062800,154.216232,109.0594,2,106.53087100945413,0.549258,8859,-1157.91473,round_trip_estimate,1271.8633985,113.94866849999994,1.2465304999998352,0.479336,25311.589505
6dd9d669e1e842768921b9290d9ac30b,1,1290,1790127351942769412,1790127352062862889,1790127352063425943,1790127350792862500,610574955104000,100.033882,108.0412,1,105.54268700070679,0.559239,8839,-1149.906912,round_trip_estimate,1271.8633985,121.95648649999998,1.2999554999998963,0.479336,25419.57767
6dd9d669e1e842768921b9290d9ac30b,1,1292,1790127352043064108,1790127352171065886,1790127352171626570,1790127350902679700,610575064921100,100.294696,109.8171,1,105.73207600100432,0.556739,8843,-1140.384408,round_trip_estimate,1271.8633985,131.4789905,2.916528499999913,0.479336,25527.778593
6dd9d669e1e842768921b9290d9ac30b,1,1294,1790127352142824472,1790127352267564182,1790127352268290847,1790127350999044900,610575161286300,99.760364,96.3652,1,92.33685799699742,0.722332,8796,-1143.779572,round_trip_estimate,1271.8633985,128.0838265,2.6174515000000156,0.479336,25624.443166
6dd9d669e1e842768921b9290d9ac30b,1,1296,1790127352246281052,1790127352361970222,1790127352362661868,1790127351092096800,610575254338400,103.45658,93.0521,1,90.36615799413994,0.686943,8798,-1154.184252,round_trip_estimate,1271.8633985,117.67914649999989,1.2983304999997927,0.479336,25718.813743
6dd9d669e1e842768921b9290d9ac30b,1,1298,1790127352342876606,1790127352457910111,1790127352458607128,1790127351188096000,610575350340100,96.595554,96.0017,1,93.27443099755328,0.692314,8780,-1154.780606,round_trip_estimate,1271.8633985,117.08279249999987,1.352270499999804,0.479336,25814.759151
6dd9d669e1e842768921b9290d9ac30b,1,1300,1790127352446219631,1790127352549772359,1790127352550484394,1790127351279904200,610575442145600,103.343025,91.8055,1,89.13097500044387,0.707221,8709,-1166.315431,round_trip_estimate,1271.8633985,105.54796749999991,1.2832045000000107,0.479336,25906.636529
6dd9d669e1e842768921b9290d9ac30b,1,1302,1790127352543120333,1790127352636307060,1790127352636870911,1790127351366353400,610575528594700,96.900702,86.4491,1,83.92763198935427,0.559462,8715,-1176.766933,round_trip_estimate,1271.8633985,95.0964654999998,1.3458874999998898,0.479336,25993.023008
6dd9d669e1e842768921b9290d9ac30b,1,1303,1790127352579103641,1790127352715921867,1790127352716482273,1790127351445896600,610575608139400,35.983308,79.5447,0,77.07240400486626,0.556055,8704,-1133.207041,round_trip_estimate,1271.8633985,138.6563575,1.2777254999998604,0.479336,26072.633963
6dd9d669e1e842768921b9290d9ac30b,1,1305,1790127352678807876,1790127352795223451,1790127352795780913,1790127351525348900,610575687591700,99.704235,79.4523,1,76.82481099618599,0.553703,8753,-1153.458976,round_trip_estimate,1271.8633985,118.40442250000001,1.4313854999998057,0.479336,26151.932584
6dd9d669e1e842768921b9290d9ac30b,1,1307,1790127352778839165,1790127352876234996,1790127352876790328,1790127351606184800,610575768426800,100.031289,80.8351,1,78.36053099890705,0.55124,8782,-1172.654365,round_trip_estimate,1271.8633985,99.2090334999998,1.2578704999998536,0.479336,26232.941999
6dd9d669e1e842768921b9290d9ac30b,1,1308,1790127352847264380,1790127352955398637,1790127352955957969,1790127351685342900,610575847585100,68.425215,79.1583,0,76.72525598900393,0.555647,8770,-1161.92148,round_trip_estimate,1271.8633985,109.94191849999993,1.2483294999999544,0.479336,26312.110066
6dd9d669e1e842768921b9290d9ac30b,1,1309,1790127352911126324,1790127353035851904,1790127353036409663,1790127351765781200,610575928022900,63.861944,80.4378,0,77.98438300960697,0.553702,8754,-1145.345124,round_trip_estimate,1271.8633985,126.51827449999996,1.2349354999998923,0.479336,26392.56176
6dd9d669e1e842768921b9290d9ac30b,1,1310,1790127352979339669,1790127353118566372,1790127353119132445,1790127351848530200,610576010772800,68.213345,82.7499,0,80.28061999357305,0.561425,8815,-1130.809469,round_trip_estimate,1271.8633985,141.05392949999987,1.261153499999864,0.479336,26475.284542
6dd9d669e1e842768921b9290d9ac30b,1,1312,1790127353114162880,1790127353197690939,1790127353198260105,1790127351927638300,610576089881300,134.823211,79.1085,1,76.67079300154,0.564481,8745,-1186.52458,round_trip_estimate,1271.8633985,85.33881849999989,1.241593499999908,0.479336,26554.411683
6dd9d669e1e842768921b9290d9ac30b,1,1313,1790127353178947231,1790127353276794431,1790127353277356949,1790127352006697100,610576168940800,64.784351,79.0595,0,76.62651599093806,0.558555,8675,-1172.250131,round_trip_estimate,1271.8633985,99.61326749999989,1.2035495000000083,0.479336,26633.509046
6dd9d669e1e842768921b9290d9ac30b,1,1314,1790127353246998131,1790127353356234109,1790127353356788200,1790127352086216800,610576248459400,68.0509,79.5186,0,77.05207000253722,0.55037,8582,-1160.781331,round_trip_estimate,1271.8633985,111.0820675,1.2919984999998633,0.479336,26712.939982
6dd9d669e1e842768921b9290d9ac30b,1,1316,1790127353346852051,1790127353437427153,1790127353437996634,1790127352167473700,610576329721900,99.85392,81.2625,1,78.72030801081564,0.565333,8507,-1179.378351,round_trip_estimate,1271.8633985,92.48504749999984,1.3404644999998254,0.479336,26794.14849
6dd9d669e1e842768921b9290d9ac30b,1,1317,1790127353411108014,1790127353517940384,1790127353518495624,1790127352249163100,610576411411500,64.255963,81.6896,0,77.83369800017681,0.550981,8624,-1161.944914,round_trip_estimate,1271.8633985,109.91848449999998,2.5308744999999817,0.479336,26874.647258
6dd9d669e1e842768921b9290d9ac30b,1,1319,1790127353511071859,1790127353598485726,1790127353599052744,1790127352328698300,610576490946300,99.963845,79.5348,1,76.69901600456797,0.563277,8663,-1182.373559,round_trip_estimate,1271.8633985,89.48983950000002,1.5089544999998452,0.479336,26955.204989
6dd9d669e1e842768921b9290d9ac30b,1,1320,1790127353547163519,1790127353678302421,1790127353678863846,1790127352408861600,610576571117200,36.09166,80.1709,0,77.02714500192087,0.557591,8660,-1138.301919,round_trip_estimate,1271.8633985,133.5614794999999,1.8611524999998892,0.479336,27035.015332
6dd9d669e1e842768921b9290d9ac30b,1,1322,1790127353647464975,1790127353758637134,1790127353759197207,1790127352488879700,610576651129400,100.301456,80.0122,1,77.04451499739662,0.555925,8572,-1158.585275,round_trip_estimate,1271.8633985,113.27812349999999,1.5458914999999251,0.479336,27115.349063
6dd9d669e1e842768921b9290d9ac30b,1,1324,1790127353746936987,1790127353838618699,1790127353839177957,1790127352568690600,610576730937200,99.472012,79.8078,1,77.02447799965739,0.555555,8620,-1178.246387,round_trip_estimate,1271.8633985,93.61701149999999,1.3760414999999284,0.479336,27195.329869
6dd9d669e1e842768921b9290d9ac30b,1,1325,1790127353811185784,1790127353919822706,1790127353920382131,1790127352649981600,610576812231600,64.248797,81.2944,0,78.50764199974947,0.555406,8612,-1161.204184,round_trip_estimate,1271.8633985,110.65921449999996,1.462867499999902,0.479336,27276.533988
6dd9d669e1e842768921b9290d9ac30b,1,1327,1790127353910842129,1790127354028492426,1790127354029048277,1790127352758623900,610576920870500,99.656345,108.6389,1,105.82676099147648,0.551962,8451,-1152.218229,round_trip_estimate,1271.8633985,119.64516949999984,1.4390214999998534,0.479336,27385.200207
6dd9d669e1e842768921b9290d9ac30b,1,1329,1790127354010927808,1790127354109285712,1790127354109875859,1790127352839431700,610577001687300,100.085679,80.8168,1,78.04053199652117,0.585906,8366,-1171.496108,round_trip_estimate,1271.8633985,100.36729049999985,1.4192395000000033,0.479336,27466.028567
6dd9d669e1e842768921b9290d9ac30b,1,1331,1790127354110800135,1790127354188604112,1790127354189160426,1790127352918242500,610577080491000,99.872327,78.8037,1,76.45483099622652,0.551444,8154,-1192.557635,round_trip_estimate,1271.8633985,79.30576350000001,0.9454724999998234,0.479336,27545.312337
6dd9d669e1e842768921b9290d9ac30b,1,1332,1790127354147097684,1790127354270269193,1790127354270874006,1790127353000404700,610577162650700,36.297549,82.1597,0,79.35412200458813,0.600461,8129,-1146.692984,round_trip_estimate,1271.8633985,125.17041449999988,1.3940924999999424,0.479336,27627.025807
6dd9d669e1e842768921b9290d9ac30b,1,1334,1790127354246982511,1790127354351540626,1790127354352093903,1790127353082138300,610577244384500,99.884827,81.7338,1,78.51999400008935,0.549555,8150,-1164.844211,round_trip_estimate,1271.8633985,107.01918749999982,1.9077954999997928,0.479336,27708.246167
6dd9d669e1e842768921b9290d9ac30b,1,1336,1790127354346823208,1790127354461886361,1790127354462459842,1790127353192151300,610577354399300,99.840697,110.0148,1,107.1495359938126,0.569185,8058,-1154.671908,round_trip_estimate,1271.8633985,117.19149049999987,1.5548564999999144,0.479336,27818.611605
6dd9d669e1e842768921b9290d9ac30b,1,1338,1790127354446965017,1790127354570121767,1790127354570729377,1790127353300088300,610577462330400,100.141809,107.9311,1,105.38650299713481,0.60311,8179,-1146.876717,round_trip_estimate,1271.8633985,124.9866814999998,1.2223214999999072,0.479336,27926.880955
6dd9d669e1e842768921b9290d9ac30b,1,1340,1790127354547053066,1790127354649525240,1790127354650095647,1790127353384607300,610577546852000,100.088049,84.5216,1,76.89829300215933,0.566425,8358,-1162.445766,round_trip_estimate,1271.8633985,109.41763249999985,6.375051499999927,0.479336,28006.247392
6dd9d669e1e842768921b9290d9ac30b,1,1342,1790127354646897171,1790127354734136409,1790127354734742648,1790127353464390700,610577626635200,99.844105,79.7832,1,76.94503299717326,0.601684,8553,-1182.506471,round_trip_estimate,1271.8633985,89.35692749999998,1.5114504999999099,0.479336,28090.894431
6dd9d669e1e842768921b9290d9ac30b,1,1343,1790127354714963849,1790127354813635290,1790127354814208474,1790127353545092200,610577707334200,68.066678,80.699,0,76.65733101021033,0.568906,8659,-1169.871649,round_trip_estimate,1271.8633985,101.99174949999997,2.747124499999927,0.479336,28170.360552
6dd9d669e1e842768921b9290d9ac30b,1,1344,1790127354778895961,1790127354895167723,1790127354895733814,1790127353625227300,610577787470600,63.932112,80.1364,0,77.55403299233876,0.561962,8722,-1153.668661,round_trip_estimate,1271.8633985,118.19473749999997,1.3568844999999783,0.479336,28251.885504
6dd9d669e1e842768921b9290d9ac30b,1,1345,1790127354847256917,1790127354974760530,1790127354975325047,1790127353704837000,610577867078200,68.360956,79.6076,0,76.99351500195917,0.560555,8809,-1142.419917,round_trip_estimate,1271.8633985,129.44348149999996,1.3753514999998515,0.479336,28331.476533
6dd9d669e1e842768921b9290d9ac30b,1,1346,1790127354915299244,1790127355054589336,1790127355055193335,1790127353784634100,610577946879200,68.042327,79.801,0,77.21271800983232,0.599628,8762,-1130.665144,round_trip_estimate,1271.8633985,141.19825449999985,1.3041634999999587,0.479336,28411.34521
6dd9d669e1e842768921b9290d9ac30b,1,1348,1790127355046857275,1790127355134675013,1790127355135233308,1790127353864874000,610578027121900,131.558031,80.2427,1,77.44582901068497,0.554739,8860,-1181.983275,round_trip_estimate,1271.8633985,89.88012349999985,1.5040904999998475,0.479336,28491.385386
6dd9d669e1e842768921b9290d9ac30b,1,1349,1790127355118491707,1790127355214485801,1790127355215079300,1790127353944470200,610578106719300,71.634432,79.5974,0,76.90442299644928,0.58887,8789,-1174.021507,round_trip_estimate,1271.8633985,97.84189149999997,1.2542985000000044,0.479336,28571.231545
6dd9d669e1e842768921b9290d9ac30b,1,1351,1790127355215469114,1790127355294114941,1790127355294711736,1790127354024558100,610578186808900,96.977407,80.0896,1,76.98555299430154,0.592461,8945,-1190.911014,round_trip_estimate,1271.8633985,80.95238449999988,1.709762499999897,0.479336,28650.863296
6dd9d669e1e842768921b9290d9ac30b,1,1352,1790127355278968411,1790127355374781542,1790127355375352949,1790127354105743600,610578267994300,63.499297,81.1854,0,77.58005098730791,0.566962,9048,-1173.224811,round_trip_estimate,1271.8633985,98.63858749999986,2.2540494999998373,0.479336,28731.504453
6dd9d669e1e842768921b9290d9ac30b,1,1353,1790127355315508071,1790127355455591162,1790127355456152272,1790127354186366300,610578348617600,36.53966,80.6233,0,77.16338599857409,0.55724,9014,-1129.141771,round_trip_estimate,1271.8633985,142.72162749999984,2.0774265000000014,0.479336,28812.303628
6dd9d669e1e842768921b9290d9ac30b,1,1355,1790127355415332380,1790127355536591670,1790127355537146891,1790127354281736300,610578443978700,99.824309,95.3611,1,77.54081099119503,0.551499,9070,-1133.59608,round_trip_estimate,1271.8633985,138.26731849999987,16.452807499999835,0.479336,28893.298525
6dd9d669e1e842768921b9290d9ac30b,1,1357,1790127355515446281,1790127355631708543,1790127355632264060,1790127354361754000,610578523995900,100.113901,80.0172,1,77.40008900873363,0.551739,9033,-1153.692281,round_trip_estimate,1271.8633985,118.17111749999981,1.3533384999998361,0.479336,28988.415583
6dd9d669e1e842768921b9290d9ac30b,1,1359,1790127355614971535,1790127355711066869,1790127355711627016,1790127354441834200,610578604078400,99.525254,80.0825,1,76.72634899790864,0.556258,9073,-1173.137335,round_trip_estimate,1271.8633985,98.72606350000001,2.0705825000000004,0.479336,29067.779039
6dd9d669e1e842768921b9290d9ac30b,1,1360,1790127355679012795,1790127355793311949,1790127355793910615,1790127354523283700,610578685525500,64.04126,81.4471,0,78.90653000504244,0.593758,9044,-1155.729095,round_trip_estimate,1271.8633985,116.13430349999999,1.2364834999998493,0.479336,29150.062434
6dd9d669e1e842768921b9290d9ac30b,1,1362,1790127355778921955,1790127355875618751,1790127355876183454,1790127354605636400,610578767878200,99.90916,82.3527,1,79.83147299091797,0.560777,8999,-1173.285555,round_trip_estimate,1271.8633985,98.57784349999997,1.3163445000000138,0.479336,29232.335403
6dd9d669e1e842768921b9290d9ac30b,1,1363,1790127355815099059,1790127355954900022,1790127355955461317,1790127354684826000,610578847068500,36.177104,79.1903,0,76.70003399834968,0.556555,9040,-1130.273059,round_trip_estimate,1271.8633985,141.5903394999998,1.2280814999999166,0.479336,29311.613396
6dd9d669e1e842768921b9290d9ac30b,1,1365,1790127355915045128,1790127356034968735,1790127356035528308,1790127354764890500,610578927133200,99.946069,80.0647,1,77.5944399938453,0.555277,9030,-1150.154628,round_trip_estimate,1271.8633985,121.7087704999999,1.225590499999953,0.479336,29391.679998
6dd9d669e1e842768921b9290d9ac30b,1,1367,1790127356015082547,1790127356117683852,1790127356118254499,1790127354848442400,610579010690000,100.037419,83.5568,1,80.25717599957716,0.565851,9067,-1166.640147,round_trip_estimate,1271.8633985,105.22325149999983,2.0512994999999137,0.479336,29474.406633
6dd9d669e1e842768921b9290d9ac30b,1,1369,1790127356114938171,1790127356197858510,1790127356198439361,1790127354936778200,610579099020000,99.855624,88.33,1,76.83840399840847,0.576036,9082,-1178.159971,round_trip_estimate,1271.8633985,93.70342749999986,10.20223749999991,0.479336,29554.591217
6dd9d669e1e842768921b9290d9ac30b,1,1370,1790127356179032265,1790127356287649429,1790127356288209502,1790127355017617500,610579179862100,64.094094,80.8421,0,78.27114299288951,0.555981,9087,-1161.414765,round_trip_estimate,1271.8633985,110.44863349999991,1.2713964999998097,0.479336,29644.361192
6dd9d669e1e842768921b9290d9ac30b,1,1372,1790127356278943833,1790127356367089774,1790127356367656791,1790127355097319600,610579259564300,99.911568,79.7022,1,76.8930519989226,0.563128,9132,-1181.624233,round_trip_estimate,1271.8633985,90.2391654999999,1.5262074999998276,0.479336,29723.808758
6dd9d669e1e842768921b9290d9ac30b,1,1373,1790127356315380604,1790127356447578709,1790127356448141800,1790127355184602800,610579346846000,36.436771,87.2817,0,77.62558800459374,0.559054,9130,-1130.777804,round_trip_estimate,1271.8633985,141.08559449999984,8.324398499999916,0.479336,29804.293638
6dd9d669e1e842768921b9290d9ac30b,1,1375,1790127356415210505,1790127356538272441,1790127356538882088,1790127355268347700,610579430589400,99.829901,83.7434,1,81.09087900083978,0.605591,9110,-1146.862805,round_trip_estimate,1271.8633985,125.00059349999992,1.3290104999998675,0.479336,29895.033722
6dd9d669e1e842768921b9290d9ac30b,1,1377,1790127356515672091,1790127356617514342,1790127356618089674,1790127355347518200,610579509760500,100.461586,79.1711,1,76.62996099679731,0.571036,9135,-1168.153891,round_trip_estimate,1271.8633985,103.70950749999997,1.2919244999998227,0.479336,29974.242123
6dd9d669e1e842768921b9290d9ac30b,1,1378,1790127356583029234,1790127356696539724,1790127356697103334,1790127355426454800,610579588696400,67.357143,78.9359,0,76.52018299268093,0.559407,9143,-1156.574434,round_trip_estimate,1271.8633985,115.28896449999979,1.214864499999976,0.479336,30053.255264
6dd9d669e1e842768921b9290d9ac30b,1,1379,1790127356647415827,1790127356784637535,1790127356785195849,1790127355515694100,610579677936900,64.386593,89.2405,0,79.49252999969758,0.554333,9074,-1131.721727,round_trip_estimate,1272.1089805,140.38725349999982,2.607231499999898,0.36634,80.765731
6dd9d669e1e842768921b9290d9ac30b,1,1381,1790127356782956853,1790127356865037970,1790127356865624117,1790127355596154100,610579758397600,135.541026,80.4607,1,76.75818199641071,0.581943,9085,-1186.802753,round_trip_estimate,1272.1089805,85.30622749999998,2.638963499999818,0.36634,161.1945
6dd9d669e1e842768921b9290d9ac30b,1,1382,1790127356847028853,1790127356945326313,1790127356945930608,1790127355675366300,610579837608300,64.072,79.2107,0,76.55108999460936,0.599629,9142,-1171.662553,round_trip_estimate,1272.1089805,100.44642750000003,1.5446724999999333,0.36634,241.500713
6dd9d669e1e842768921b9290d9ac30b,1,1383,1790127356915123328,1790127357024573362,1790127357025136083,1790127355754557700,610579916801300,68.094475,79.193,0,76.69440501194913,0.558554,9068,-1160.565628,round_trip_estimate,1272.1089805,111.54335249999986,1.5305974999998853,0.36634,320.705521
6dd9d669e1e842768921b9290d9ac30b,1,1384,1790127356983295248,1790127357108630995,1790127357109194272,1790127355838615200,610580000857700,68.17192,84.0564,0,81.48572999925818,0.55935,9103,-1144.680048,round_trip_estimate,1272.1089805,127.42893249999997,1.5299084999999195,0.36634,404.764135
6dd9d669e1e842768921b9290d9ac30b,1,1386,1790127357083708667,1790127357190681724,1790127357191297778,1790127355924056700,610580086299300,100.413419,85.4416,1,79.55328900425229,0.61161,9135,-1159.651967,round_trip_estimate,1272.1089805,112.4570134999999,4.8679024999999,0.36634,486.867475
6dd9d669e1e842768921b9290d9ac30b,1,1388,1790127357186110695,1790127357273670340,1790127357274248747,1790127356003649300,610580165892900,102.402028,79.5936,1,77.0207930036122,0.57411,9126,-1182.461395,round_trip_estimate,1272.1089805,89.64758549999988,1.5095334999998613,0.36634,569.819018
6dd9d669e1e842768921b9290d9ac30b,1,1389,1790127357247669533,1790127357353552832,1790127357354134979,1790127356083558000,610580245802000,61.558838,79.9091,0,77.33966299565509,0.578036,9167,-1164.111533,round_trip_estimate,1272.1089805,107.99744749999991,1.5320014999999785,0.36634,649.704899
6dd9d669e1e842768921b9290d9ac30b,1,1391,1790127357347060714,1790127357432873214,1790127357433436121,1790127356168714400,610580330957600,99.391181,85.1556,1,76.74392400076613,0.559055,9116,-1178.346314,round_trip_estimate,1272.1089805,93.76266650000002,7.387259500000027,0.36634,729.006262
6dd9d669e1e842768921b9290d9ac30b,1,1392,1790127357383382522,1790127357519077584,1790127357519648250,1790127356257417700,610580419659600,36.321808,88.702,0,77.74682900344487,0.566777,9173,-1125.964822,round_trip_estimate,1272.1089805,146.1441585,9.878430499999922,0.36634,815.217984
6dd9d669e1e842768921b9290d9ac30b,1,1394,1790127357483040387,1790127357608546356,1790127357609112040,1790127356338525600,610580500767300,99.657865,81.1077,1,78.52762400580104,0.561406,9126,-1144.514787,round_trip_estimate,1272.1089805,127.59419349999985,1.5225404999998773,0.36634,904.681774
6dd9d669e1e842768921b9290d9ac30b,1,1396,1790127357583605566,1790127357703518544,1790127357704248228,1790127356433721100,610580595962800,100.565179,95.1955,1,92.44489599950612,0.725035,9105,-1149.884466,round_trip_estimate,1272.1089805,122.22451449999994,1.5818524999999681,0.36634,999.818203
6dd9d669e1e842768921b9290d9ac30b,1,1398,1790127357683145320,1790127357786041902,1790127357786600660,1790127356516284000,610580678525900,99.539754,82.5631,1,79.78138099133503,0.554943,9130,-1166.86132,round_trip_estimate,1272.1089805,105.24766049999994,1.7923204999999598,0.36634,1082.170191
6dd9d669e1e842768921b9290d9ac30b,1,1400,1790127357783078722,1790127357867257392,1790127357867823872,1790127356597527300,610580759771100,99.933402,81.2452,1,78.43588301329874,0.562518,9097,-1185.551422,round_trip_estimate,1272.1089805,86.55755849999991,1.8124084999999468,0.36634,1163.393403
6dd9d669e1e842768921b9290d9ac30b,1,1401,1790127357847394463,1790127357946910940,1790127357947490272,1790127356678079500,610580840325700,64.315741,80.5546,0,76.78146100079175,0.57511,9095,-1169.314963,round_trip_estimate,1272.1089805,102.79401749999988,2.6982084999999643,0.36634,1243.059969
6dd9d669e1e842768921b9290d9ac30b,1,1403,1790127357947037403,1790127358028213578,1790127358028780299,1790127356760716300,610580922958300,99.64294,82.6326,1,77.64027400116902,0.56237,9131,-1186.321103,round_trip_estimate,1272.1089805,85.78787749999992,4.044981499999949,0.36634,1324.350311
6dd9d669e1e842768921b9290d9ac30b,1,1404,1790127357983274748,1790127358110783621,1790127358111348583,1790127356840805300,610581003047100,36.237345,80.0888,0,77.46477398904972,0.560796,9125,-1142.469448,round_trip_estimate,1272.1089805,129.63953249999986,1.565697499999942,0.36634,1406.918261
6dd9d669e1e842768921b9290d9ac30b,1,1406,1790127358083316353,1790127358197314787,1790127358197873008,1790127356927300400,610581089542500,100.041605,86.4954,1,84.00152200192679,0.554036,9162,-1156.015953,round_trip_estimate,1272.1089805,116.09302749999983,1.5363724999999704,0.36634,1493.442687
6dd9d669e1e842768921b9290d9ac30b,1,1408,1790127358183109385,1790127358276759761,1790127358277321853,1790127357006755400,610581168997600,99.793032,79.4551,1,76.94779400480911,0.558128,9108,-1176.353985,round_trip_estimate,1272.1089805,95.75499549999995,1.5425275000000056,0.36634,1572.891661
6dd9d669e1e842768921b9290d9ac30b,1,1409,1790127358247241608,1790127358356060088,1790127358356624957,1790127357086004800,610581248246500,64.132223,79.2489,0,76.79566499427892,0.560592,9092,-1161.236808,round_trip_estimate,1272.1089805,110.8721724999998,1.488823499999853,0.36634,1652.194914
6dd9d669e1e842768921b9290d9ac30b,1,1411,1790127358347128955,1790127358435570321,1790127358436139839,1790127357165560400,610581327802900,99.887347,79.5564,1,77.05323700793087,0.56548,9158,-1181.568555,round_trip_estimate,1272.1089805,90.54042549999986,1.529541499999823,0.36634,1731.709999
6dd9d669e1e842768921b9290d9ac30b,1,1412,1790127358383433726,1790127358514840555,1790127358515423629,1790127357245464600,610581407706400,36.304771,79.9035,0,76.77499701094348,0.57874,9114,-1137.969126,round_trip_estimate,1272.1089805,134.13985449999996,2.1499514999998155,0.36634,1810.993585
6dd9d669e1e842768921b9290d9ac30b,1,1414,1790127358515062055,1790127358594905603,1790127358595470454,1790127357326686700,610581488929700,131.628329,81.2233,1,76.860775006935,0.560425,9142,-1188.375355,round_trip_estimate,1272.1089805,83.73362550000002,3.3252264999998715,0.36634,1891.040188
6dd9d669e1e842768921b9290d9ac30b,1,1415,1790127358583219475,1790127358676374852,1790127358676936443,1790127357406289200,610581568531000,68.15742,79.6013,0,77.11081199522596,0.557277,9102,-1176.930275,round_trip_estimate,1272.1089805,95.17870549999998,1.4617375000000266,0.36634,1972.506585
6dd9d669e1e842768921b9290d9ac30b,1,1416,1790127358651662672,1790127358755861771,1790127358756423270,1790127357489754700,610581651996800,68.443197,83.4658,0,77.02320099633653,0.557221,9032,-1161.907972,round_trip_estimate,1272.1089805,110.20100849999994,5.440410499999871,0.36634,2051.99343
6dd9d669e1e842768921b9290d9ac30b,1,1418,1790127358751138075,1790127358840763236,1790127358841322716,1790127357570669200,610581732912400,99.475403,80.9156,1,78.41816199652385,0.554962,9046,-1180.468875,round_trip_estimate,1272.1089805,91.64010549999989,1.4554644999998345,0.36634,2136.892524
6dd9d669e1e842768921b9290d9ac30b,1,1419,1790127358815573057,1790127358920523302,1790127358921081486,1790127357651238900,610581813484900,64.434982,80.5725,0,77.26623700000346,0.554351,9013,-1164.334157,round_trip_estimate,1272.1089805,107.77482349999991,2.266394499999933,0.36634,2216.651461
6dd9d669e1e842768921b9290d9ac30b,1,1421,1790127358915151126,1790127359005703248,1790127359006275395,1790127357741557300,610581903799800,99.578069,90.3149,1,81.86858099361416,0.567647,8999,-1173.593826,round_trip_estimate,1272.1089805,98.51515449999988,7.390885499999968,0.36634,2301.845389
6dd9d669e1e842768921b9290d9ac30b,1,1422,1790127358954356151,1790127359091481490,1790127359092041452,1790127357821473900,610581983715900,39.205025,79.9161,0,77.45979299943428,0.556332,8974,-1132.882251,round_trip_estimate,1272.1089805,139.22672949999992,1.5414284999999381,0.36634,2387.611297
6dd9d669e1e842768921b9290d9ac30b,1,1424,1790127359051526929,1790127359171286890,1790127359171846019,1790127357905626800,610582067869400,97.170778,84.1535,1,77.28386699454859,0.554739,8993,-1145.900129,round_trip_estimate,1272.1089805,126.20885149999981,5.8897614999998495,0.36634,2467.415586
6dd9d669e1e842768921b9290d9ac30b,1,1426,1790127359151474368,1790127359259070387,1790127359259625960,1790127357989035600,610582151279200,99.947439,83.4098,1,80.83954700850882,0.551536,9044,-1162.438768,round_trip_estimate,1272.1089805,109.67021249999993,1.5186204999999973,0.36634,2555.195398
6dd9d669e1e842768921b9290d9ac30b,1,1428,1790127359251209678,1790127359340030970,1790127359340595858,1790127358070043800,610582232287300,99.73531,81.0081,1,78.439236007398,0.560424,9056,-1181.165878,round_trip_estimate,1272.1089805,90.9431024999999,1.5569224999999278,0.36634,2636.165722
6dd9d669e1e842768921b9290d9ac30b,1,1429,1790127359315590920,1790127359419402464,1790127359419961963,1790127358150234200,610582312487200,64.381242,80.1999,0,76.78812700032722,0.555092,8996,-1165.35672,round_trip_estimate,1272.1089805,106.75226049999992,2.3812174999998206,0.36634,2715.531586
6dd9d669e1e842768921b9290d9ac30b,1,1431,1790127359415101675,1790127359500596028,1790127359501158397,1790127358230625000,610582392872200,99.510755,80.385,1,77.61427399236709,0.55874,8948,-1184.476675,round_trip_estimate,1272.1089805,87.63230550000003,1.5755834999999934,0.36634,2796.728391
6dd9d669e1e842768921b9290d9ac30b,1,1432,1790127359451448927,1790127359580395021,1790127359580958371,1790127358310373600,610582472620900,36.347252,79.7487,0,77.14423799188808,0.559499,8989,-1141.075327,round_trip_estimate,1272.1089805,131.0336534999999,1.5242094999998699,0.36634,2876.527883
6dd9d669e1e842768921b9290d9ac30b,1,1434,1790127359551517811,1790127359660919956,1790127359661481826,1790127358391238800,610582553495600,100.068884,80.8747,1,77.96555099776015,0.557814,8967,-1160.279011,round_trip_estimate,1272.1089805,111.82996949999983,1.865954499999816,0.36634,2957.051504
6dd9d669e1e842768921b9290d9ac30b,1,1436,1790127359654271134,1790127359740967078,1790127359741527022,1790127358470935200,610582633180200,102.753323,79.6846,1,76.99012699595187,0.55548,9022,-1183.335934,round_trip_estimate,1272.1089805,88.77304649999996,1.517158499999823,0.36634,3037.096645
6dd9d669e1e842768921b9290d9ac30b,1,1437,1790127359715499159,1790127359820080516,1790127359820640719,1790127358550230500,610582712476500,61.228025,79.2963,0,76.61320100305602,0.556443,9017,-1165.268659,round_trip_estimate,1272.1089805,106.84032149999985,1.6987614999998186,0.36634,3116.210472
6dd9d669e1e842768921b9290d9ac30b,1,1439,1790127359815200765,1790127359900104157,1790127359900666785,1790127358630667900,610582792925400,99.701606,80.4489,1,77.21957100147847,0.558221,8990,-1184.532865,round_trip_estimate,1272.1089805,87.57611550000001,2.110095499999943,0.36634,3196.236353
6dd9d669e1e842768921b9290d9ac30b,1,1440,1790127359851453444,1790127359980777963,1790127359981338536,1790127358711021300,610582873267800,36.252679,80.3424,0,77.38353399327025,0.556536,8967,-1140.432144,round_trip_estimate,1272.1089805,131.6768364999998,1.7917444999998224,0.36634,3276.909196
6dd9d669e1e842768921b9290d9ac30b,1,1442,1790127359951258550,1790127360060698214,1790127360061260861,1790127358790654700,610582952896600,99.805106,79.6288,1,77.15860899770632,0.558481,8957,-1160.60385,round_trip_estimate,1272.1089805,111.50513049999995,1.5028194999999869,0.36634,3356.83067
6dd9d669e1e842768921b9290d9ac30b,1,1444,1790127360051075175,1790127360140707225,1790127360141268687,1790127358871963500,610583034213100,99.816625,81.3165,1,77.52784799959045,0.557388,8923,-1179.111675,round_trip_estimate,1272.1089805,92.99730549999981,2.8037934999999834,0.36634,3436.838347
6dd9d669e1e842768921b9290d9ac30b,1,1445,1790127360115730972,1790127360222330956,1790127360222892195,1790127358952258300,610583114500300,64.655797,80.2872,0,77.65618100529537,0.556777,8929,-1163.472672,round_trip_estimate,1272.1089805,108.63630849999981,1.4750854999999774,0.36634,3518.462374
6dd9d669e1e842768921b9290d9ac30b,1,1447,1790127360215131486,1790127360301735634,1790127360302333633,1790127359031664400,610583193906600,99.400514,79.4063,1,76.95796000189148,0.593351,8971,-1183.467086,round_trip_estimate,1272.1089805,88.64189449999981,1.4397474999998394,0.36634,3597.903516
6dd9d669e1e842768921b9290d9ac30b,1,1448,1790127360251434035,1790127360381752349,1790127360382327274,1790127359118308600,610583280550500,36.302549,86.6439,0,77.57610800035764,0.570759,8966,-1133.125435,round_trip_estimate,1272.1089805,138.9835455,8.090306499999997,0.36634,3677.897415
6dd9d669e1e842768921b9290d9ac30b,1,1450,1790127360383043754,1790127360467968108,1790127360468528163,1790127359198708100,610583360964300,131.609719,80.4138,1,77.05438599805348,0.555944,8998,-1184.335654,round_trip_estimate,1272.1089805,87.77332649999994,2.288917500000025,0.36634,3764.098156
6dd9d669e1e842768921b9290d9ac30b,1,1451,1790127360451218933,1790127360548275582,1790127360548837636,1790127359278661900,610583440910100,68.175179,79.9458,0,76.74158998997882,0.557999,9009,-1172.557033,round_trip_estimate,1272.1089805,99.55194749999987,1.9332445000000007,0.36634,3844.407352
6dd9d669e1e842768921b9290d9ac30b,1,1452,1790127360519486502,1790127360628352111,1790127360628909610,1790127359358634600,610583520884500,68.267569,79.9744,0,77.03707099426538,0.552907,8870,-1160.851902,round_trip_estimate,1272.1089805,111.2570784999998,1.8339704999998503,0.36634,3924.479326
6dd9d669e1e842768921b9290d9ac30b,1,1454,1790127360619212868,1790127360708322215,1790127360708877306,1790127359438216200,610583600463100,99.726366,79.5786,1,77.06360900192522,0.550944,8551,-1180.996668,round_trip_estimate,1272.1089805,91.11231249999992,1.447874499999898,0.36634,4004.447115
6dd9d669e1e842768921b9290d9ac30b,1,1455,1790127360683692127,1790127360788072726,1790127360788629762,1790127359518429600,610583680685300,64.479259,80.2222,0,77.19920099771116,0.553018,8481,-1165.262527,round_trip_estimate,1272.1089805,106.84645349999982,1.9088184999998248,0.36634,4084.200033
6dd9d669e1e842768921b9290d9ac30b,1,1457,1790127360783221160,1790127360868318996,1790127360868918754,1790127359598688500,610583760938700,99.529033,80.2534,1,77.12696000817232,0.592628,8189,-1184.53266,round_trip_estimate,1272.1089805,87.57632049999984,1.878726499999857,0.36634,4164.491766
6dd9d669e1e842768921b9290d9ac30b,1,1458,1790127360819493931,1790127360948813358,1790127360949373764,1790127359679541400,610583841798000,36.272771,80.8593,0,77.43490400025621,0.55587,8163,-1139.952531,round_trip_estimate,1272.1089805,132.1564495,2.276616499999818,0.36634,4244.943739
6dd9d669e1e842768921b9290d9ac30b,1,1460,1790127360919314390,1790127361030908347,1790127361031464698,1790127359761130300,610583923387000,99.820459,81.589,1,78.58845700684469,0.552,8408,-1158.18409,round_trip_estimate,1272.1089805,113.92489049999995,1.7745824999999513,0.36634,4327.034117
6dd9d669e1e842768921b9290d9ac30b,1,1462,1790127361022327010,1790127361111302042,1790127361111863078,1790127359841444900,610584003701200,103.01262,80.3142,1,77.12325699685607,0.556554,8344,-1180.88211,round_trip_estimate,1272.1089805,91.2268704999999,1.690802500000018,0.36634,4407.432776
6dd9d669e1e842768921b9290d9ac30b,1,1463,1790127361083483090,1790127361190817128,1790127361191373350,1790127359920990400,610584083237600,61.15608,79.5364,0,76.61264599300921,0.552036,8443,-1162.49269,round_trip_estimate,1272.1089805,109.61629049999988,1.726030499999979,0.36634,4486.942751
6dd9d669e1e842768921b9290d9ac30b,1,1465,1790127361183158697,1790127361270407362,1790127361270964102,1790127360000682900,610584162933900,99.675607,79.6963,1,76.74551599484403,0.552814,8256,-1182.475797,round_trip_estimate,1272.1089805,89.63318349999986,1.8277785000000222,0.36634,4566.534114
6dd9d669e1e842768921b9290d9ac30b,1,1466,1790127361219456728,1790127361350182911,1790127361350737021,1790127360080458500,610584242711600,36.298031,79.7777,0,76.80025699664839,0.54998,8220,-1138.998228,round_trip_estimate,1272.1089805,133.1107525,1.8304594999999608,0.36634,4646.306885
6dd9d669e1e842768921b9290d9ac30b,1,1468,1790127361319242112,1790127361431846753,1790127361432395455,1790127360161652600,610584323894400,99.785384,81.1828,1,78.67295799951535,0.544388,8295,-1157.589512,round_trip_estimate,1272.1089805,114.5194684999999,1.3661254999999528,0.36634,4727.964671
6dd9d669e1e842768921b9290d9ac30b,1,1470,1790127361419173145,1790127361511402061,1790127361511956171,1790127360241562100,610584403867900,99.931033,79.9735,1,77.18518300680444,0.549647,8352,-1177.611045,round_trip_estimate,1272.1089805,94.49793549999981,1.714909499999976,0.36634,4807.525924
6dd9d669e1e842768921b9290d9ac30b,1,1471,1790127361483463812,1790127361592968384,1790127361593526624,1790127360322801800,610584485044500,64.290667,81.1766,0,78.6302360065747,0.554314,8525,-1160.662012,round_trip_estimate,1272.1089805,111.44696849999991,1.3841565000000173,0.36634,4889.096469
6dd9d669e1e842768921b9290d9ac30b,1,1473,1790127361583115086,1790127361701882587,1790127361702451549,1790127360431447300,610584593692100,99.651274,108.6476,1,106.51444700488355,0.564703,8638,-1151.667786,round_trip_estimate,1272.1089805,120.44119449999994,1.1047314999998434,0.36634,4998.022301
6dd9d669e1e842768921b9290d9ac30b,1,1475,1790127361683198989,1790127361781206488,1790127361781765968,1790127360510870700,610584673128900,100.083903,79.4368,1,77.11594199645333,0.554944,8744,-1172.328289,round_trip_estimate,1272.1089805,99.78069149999988,1.2137124999999287,0.36634,5077.335999
6dd9d669e1e842768921b9290d9ac30b,1,1477,1790127361783104207,1790127361892505334,1790127361893058537,1790127360622026600,610584784272900,99.905218,111.144,1,108.71238799882121,0.549314,8250,-1161.077607,round_trip_estimate,1272.1089805,111.03137349999997,1.0770434999999452,0.36634,5188.628753
6dd9d669e1e842768921b9290d9ac30b,1,1479,1790127361883269313,1790127361940583400,1790127361941186436,1790127360670391900,610584832642900,100.165106,48.37,1,45.93886599468533,0.597221,8517,-1212.877413,round_trip_estimate,1272.1089805,59.23156749999998,1.3144444999998086,0.36634,5236.757596
6dd9d669e1e842768921b9290d9ac30b,1,1480,1790127361919358621,1790127362021196206,1790127362021749076,1790127360750874900,610584913123900,36.089308,80.481,0,78.08310700056609,0.548277,8552,-1168.483721,round_trip_estimate,1272.1089805,103.62525949999986,1.234804499999882,0.36634,5317.318662
6dd9d669e1e842768921b9290d9ac30b,1,1482,1790127362019136191,1790127362100224034,1790127362100782052,1790127360829929400,610584992176200,99.77757,79.0523,1,76.69764599995688,0.55411,8601,-1189.206791,round_trip_estimate,1272.1089805,82.90218949999985,1.2563284999998814,0.36634,5396.35186
6dd9d669e1e842768921b9290d9ac30b,1,1483,1790127362087262779,1790127362207888850,1790127362208447349,1790127360937674900,610585099921300,68.126588,107.7451,0,105.36113499256317,0.554424,8704,-1149.587879,round_trip_estimate,1272.1089805,122.52110149999999,1.3365314999998645,0.36634,5504.017694
6dd9d669e1e842768921b9290d9ac30b,1,1484,1790127362151509224,1790127362257338747,1790127362257954876,1790127360987441000,610585149690400,64.246445,49.7691,0,47.01071600720752,0.609925,8685,-1164.068224,round_trip_estimate,1272.1089805,108.04075649999982,1.595104499999934,0.36634,5553.525276
6dd9d669e1e842768921b9290d9ac30b,1,1485,1790127362219389442,1790127362339517384,1790127362340080031,1790127361069432500,610585231688700,67.880218,81.9983,0,79.32186500693206,0.558054,8748,-1149.956942,round_trip_estimate,1272.1089805,122.15203849999989,1.4614494999998442,0.36634,5635.649877
6dd9d669e1e842768921b9290d9ac30b,1,1486,1790127362287325862,1790127362418561805,1790127362419148489,1790127361148531700,610585310787600,67.93642,79.0989,0,76.39125800051261,0.577074,8733,-1138.794162,round_trip_estimate,1272.1089805,133.3148185,1.49219149999999,0.36634,5714.723334
6dd9d669e1e842768921b9290d9ac30b,1,1488,1790127362419379433,1790127362529477245,1790127362530049244,1790127361259362700,610585421611200,132.053571,110.8236,1,108.1951670057606,0.567536,8848,-1160.016733,round_trip_estimate,1272.1089805,112.09224749999998,1.4224365000000034,0.36634,5825.619478
6dd9d669e1e842768921b9290d9ac30b,1,1489,1790127362490138478,1790127362611252642,1790127362611809937,1790127361341075900,610585503323000,70.759045,81.7118,0,79.22216100268997,0.552944,8873,-1149.062578,round_trip_estimate,1272.1089805,123.04640249999989,1.3749434999999721,0.36634,5907.379634
6dd9d669e1e842768921b9290d9ac30b,1,1491,1790127362590242992,1790127362659388337,1790127362659991892,1790127361389421800,610585551675400,100.104514,48.3524,1,45.65562499919906,0.596666,8875,-1200.821192,round_trip_estimate,1272.1089805,71.2877884999998,1.5388884999999846,0.36634,5955.562885
6dd9d669e1e842768921b9290d9ac30b,1,1492,1790127362651756035,1790127362707868588,1790127362708456679,1790127361437887700,610585600137400,61.513043,48.462,0,45.65368199837394,0.582795,8923,-1213.868335,round_trip_estimate,1272.1089805,58.24064550000003,1.5400015000000167,0.36634,6004.027636
6dd9d669e1e842768921b9290d9ac30b,1,1493,1790127362687925770,1790127362803775701,1790127362804500348,1790127361538115900,610585700365700,36.169735,100.2283,0,93.09952599869575,0.719721,8917,-1149.80987,round_trip_estimate,1272.1089805,122.29911049999987,5.724532499999896,0.36634,6100.07049
6dd9d669e1e842768921b9290d9ac30b,1,1495,1790127362790135762,1790127362888873000,1790127362889423944,1790127361618530100,610585780779700,102.209992,80.414,1,78.11981100530829,0.546925,8948,-1171.605662,round_trip_estimate,1272.1089805,100.50331849999998,1.2151364999999714,0.36634,6184.993567
6dd9d669e1e842768921b9290d9ac30b,1,1497,1790127362887281725,1790127362996467724,1790127362997025149,1790127361726612600,610585888859100,97.145963,108.0794,1,105.33007899357472,0.55274,8937,-1160.669125,round_trip_estimate,1272.1089805,111.43985550000002,1.696431500000017,0.36634,6292.595253
6dd9d669e1e842768921b9290d9ac30b,1,1499,1790127362987200240,1790127363076163939,1790127363076727087,1790127361806621000,610585968863200,99.918515,80.0041,1,76.91792400146369,0.558758,8993,-1180.57924,round_trip_estimate,1272.1089805,91.52974049999989,2.0028935000000274,0.36634,6372.297432
6dd9d669e1e842768921b9290d9ac30b,1,1500,1790127363051938833,1790127363184791124,1790127363185352123,1790127361914345500,610586076588200,64.738593,107.725,0,105.63059699779842,0.557036,9029,-1137.593333,round_trip_estimate,1272.1089805,134.5156474999999,1.1023574999999255,0.36634,6480.922339
6dd9d669e1e842768921b9290d9ac30b,1,1502,1790127363151265200,1790127363265034524,1790127363265593134,1790127361994726100,610586156975200,99.326367,80.387,1,78.10499600600451,0.55461,9165,-1156.5391,round_trip_estimate,1272.1089805,115.56988049999995,1.2419464999998127,0.36634,6561.163572
6dd9d669e1e842768921b9290d9ac30b,1,1504,1790127363254128117,1790127363373855209,1790127363374435949,1790127362103828800,610586266081600,102.862917,109.1064,1,106.4511700096773,0.576721,9194,-1150.299317,round_trip_estimate,1272.1089805,121.80966349999994,1.5018314999999802,0.36634,6670.005664
6dd9d669e1e842768921b9290d9ac30b,1,1506,1790127363351785635,1790127363453900850,1790127363454465571,1790127362183558900,610586345808000,97.657518,79.7264,1,77.35183100157883,0.560092,9264,-1168.226735,round_trip_estimate,1272.1089805,103.88224549999995,1.2023094999999557,0.36634,6750.035472
6dd9d669e1e842768921b9290d9ac30b,1,1508,1790127363451207484,1790127363532710512,1790127363533275288,1790127362262403400,610586424655100,99.421849,78.8471,1,76.4647949981736,0.560721,9283,-1188.804084,round_trip_estimate,1272.1089805,83.30489649999981,1.237092500000017,0.36634,6828.845486
6dd9d669e1e842768921b9290d9ac30b,1,1509,1790127363487695366,1790127363612591894,1790127363613157208,1790127362342233600,610586504475200,36.487882,79.8201,0,77.47281200136058,0.560758,9279,-1145.461766,round_trip_estimate,1272.1089805,126.64721450000002,1.1853724999998576,0.36634,6908.727164
6dd9d669e1e842768921b9290d9ac30b,1,1511,1790127363587678918,1790127363691605203,1790127363692169443,1790127362421263300,610586583506000,99.983552,79.0308,1,76.82753499830142,0.560111,9294,-1166.415618,round_trip_estimate,1272.1089805,105.69336249999992,1.202837499999987,0.36634,6987.73964
6dd9d669e1e842768921b9290d9ac30b,1,1513,1790127363687282877,1790127363799057927,1790127363799616593,1790127362528740600,610586690993400,99.603959,107.4874,1,105.18643200339284,0.554425,9216,-1158.542277,round_trip_estimate,1272.1089805,113.5667034999999,1.2329874999998083,0.36634,7095.186716
6dd9d669e1e842768921b9290d9ac30b,1,1515,1790127363787304855,1790127363878278125,1790127363878842587,1790127362608183400,610586770431400,100.021978,79.438,1,76.80614700075239,0.559925,9082,-1179.121455,round_trip_estimate,1272.1089805,92.98752549999995,1.4497934999999416,0.36634,7174.412247
6dd9d669e1e842768921b9290d9ac30b,1,1516,1790127363851589652,1790127363957914841,1790127363958473211,1790127362688073200,610586850326300,64.284797,79.8949,0,76.98777600307949,0.554202,9125,-1163.516452,round_trip_estimate,1272.1089805,108.59252849999984,1.7089694999999665,0.36634,7254.043037
6dd9d669e1e842768921b9290d9ac30b,1,1518,1790127363955313142,1790127364007732682,1790127364008334218,1790127362737808000,610586900060100,103.72349,49.7338,1,46.95027200796176,0.59561,9146,-1217.505142,round_trip_estimate,1272.1089805,54.60383849999994,1.5827624999999443,0.36634,7303.905563
6dd9d669e1e842768921b9290d9ac30b,1,1519,1790127364019345310,1790127364065605046,1790127364066243360,1790127362795319700,610586957565500,64.032168,57.5054,0,45.967772995936684,0.631499,9185,-1224.02561,round_trip_estimate,1272.1089805,48.0833705,1.185320499999989,0.36634,7361.814242
6dd9d669e1e842768921b9290d9ac30b,1,1520,1790127364087261750,1790127364133177857,1790127364133775523,1790127362862928000,610587025178700,67.91644,67.6132,0,45.68410699721426,0.59148,9246,-1224.33375,round_trip_estimate,1272.1089805,47.77523049999991,1.261457500000006,0.36634,7429.34696
6dd9d669e1e842768921b9290d9ac30b,1,1521,1790127364155501782,1790127364201255148,1790127364201857184,1790127362932208100,610587094452800,68.240032,69.2741,0,45.4939600022044,0.596332,9297,-1223.293682,round_trip_estimate,1272.1089805,48.815298499999926,2.4598965000000135,0.36634,7497.428233
6dd9d669e1e842768921b9290d9ac30b,1,1522,1790127364219284266,1790127364266537111,1790127364267148721,1790127362996189000,610587158431300,63.782484,63.9785,0,47.01151199697051,0.605925,9356,-1223.095266,round_trip_estimate,1272.1089805,49.01371449999988,1.149259499999971,0.36634,7562.720529
6dd9d669e1e842768921b9290d9ac30b,1,1523,1790127364287282205,1790127364334747291,1790127364335351827,1790127363064482600,610587226729200,67.997939,68.2979,0,47.20923499553464,0.598277,9458,-1222.799605,round_trip_estimate,1272.1089805,49.30937549999999,1.2397535000000062,0.36634,7630.923357
6dd9d669e1e842768921b9290d9ac30b,1,1524,1790127364355274849,1790127364401268252,1790127364401889176,1790127363131051000,610587293296500,67.992644,66.5673,0,45.74873700039461,0.614536,9498,-1224.223849,round_trip_estimate,1272.1089805,47.88513149999994,1.2708044999999402,0.36634,7697.482355
6dd9d669e1e842768921b9290d9ac30b,1,1525,1790127364419251184,1790127364465472531,1790127364466091548,1790127363198551200,610587360798100,63.976335,67.5016,0,45.96077399037313,0.612555,9507,-1220.699984,round_trip_estimate,1272.1089805,51.40899649999983,4.5686324999999215,0.36634,7761.663246
6dd9d669e1e842768921b9290d9ac30b,1,1526,1790127364455349419,1790127364516801536,1790127364517409535,1790127363247817300,610587410059900,36.098235,49.2618,0,45.561125996755436,0.601925,9566,-1207.532119,round_trip_estimate,1272.1089805,64.57686149999995,2.5167454999998427,0.36634,7812.980714
6dd9d669e1e842768921b9290d9ac30b,1,1527,1790127364519323773,1790127364566265804,1790127364566883136,1790127363296015400,610587458260100,63.974354,48.2002,0,45.81071899156086,0.61011,9573,-1223.308373,round_trip_estimate,1272.1089805,48.80060749999984,1.2412444999999934,0.36634,7862.453759
6dd9d669e1e842768921b9290d9ac30b,1,1528,1790127364555504248,1790127364614316592,1790127364614940369,1790127363344018900,610587506261400,36.180475,48.0013,0,45.58273700240534,0.617536,9595,-1211.485348,round_trip_estimate,1272.1089805,60.623632499999985,1.1875115000000278,0.36634,7910.511677
6dd9d669e1e842768921b9290d9ac30b,1,1529,1790127364619276750,1790127364665444801,1790127364666078689,1790127363395254100,610587557500200,63.772502,51.2388,0,45.89940300502349,0.62661,9551,-1224.02265,round_trip_estimate,1272.1089805,48.086330499999804,1.284391499999856,0.36634,7961.649756
6dd9d669e1e842768921b9290d9ac30b,1,1530,1790127364655369392,1790127364713449645,1790127364714109514,1790127363443872700,610587606117000,36.092642,48.6168,0,45.448069999110885,0.65311,9476,-1211.496692,round_trip_estimate,1272.1089805,60.61228849999998,1.872166499999821,0.36634,8009.681045
6dd9d669e1e842768921b9290d9ac30b,1,1531,1790127364719289728,1790127364766744739,1790127364767342701,1790127363496397700,610587658639900,63.920336,52.5229,0,47.19204900902696,0.593647,9469,-1222.892028,round_trip_estimate,1272.1089805,49.216952499999934,1.1639794999998685,0.36634,8062.913713
6dd9d669e1e842768921b9290d9ac30b,1,1532,1790127364758285124,1790127364814531473,1790127364815121916,1790127363544259900,610587706503300,38.995396,47.8634,0,45.465885996236466,0.586517,9472,-1214.025224,round_trip_estimate,1272.1089805,58.083756499999936,1.2469644999998764,0.36634,8110.692187
6dd9d669e1e842768921b9290d9ac30b,1,1533,1790127364819339816,1790127364867294198,1790127364867902863,1790127363597219900,610587759466800,61.054692,52.9635,0,47.66273300629109,0.602795,9485,-1222.119916,round_trip_estimate,1272.1089805,49.98906449999981,1.4260174999999435,0.36634,8163.474264
6dd9d669e1e842768921b9290d9ac30b,1,1534,1790127364855810662,1790127364915639374,1790127364916270503,1790127363645450700,610587807697600,36.470846,48.2308,0,45.702200004598126,0.624814,9465,-1210.359962,round_trip_estimate,1272.1089805,61.74901849999992,1.2891774999998233,0.36634,8211.842145
6dd9d669e1e842768921b9290d9ac30b,1,1535,1790127364919289202,1790127364965404567,1790127364966022714,1790127363696756700,610587858999300,63.47854,51.3017,0,45.870255009504035,0.611962,9471,-1222.532502,round_trip_estimate,1272.1089805,49.576478499999894,2.842966499999875,0.36634,8261.593412
6dd9d669e1e842768921b9290d9ac30b,1,1536,1790127364955580066,1790127365014880446,1790127365015492112,1790127363744724900,610587906968200,36.290864,47.9689,0,45.41105199314188,0.604777,9463,-1210.855166,round_trip_estimate,1272.1089805,61.25381449999986,1.3417684999999437,0.36634,8311.064661
6dd9d669e1e842768921b9290d9ac30b,1,1537,1790127365019618438,1790127365067505005,1790127365068106578,1790127363797185200,610587959430400,64.038372,52.4622,0,47.635549010010436,0.596332,9475,-1222.433238,round_trip_estimate,1272.1089805,49.67574249999984,1.1876024999999117,0.36634,8363.677978
6dd9d669e1e842768921b9290d9ac30b,1,1538,1790127365055435988,1790127365147822479,1790127365148388848,1790127363877430100,610588039671800,35.81755,80.2414,0,77.86075600597542,0.561888,9498,-1178.005888,round_trip_estimate,1272.1089805,94.1030925,1.1502324999999018,0.36634,8443.958527
6dd9d669e1e842768921b9290d9ac30b,1,1539,1790127365119691601,1790127365227388010,1790127365227950083,1790127363958294100,610588120537500,64.255613,80.8657,0,77.37518299836665,0.558185,9626,-1161.397501,round_trip_estimate,1272.1089805,110.7114795,2.4529974999998103,0.36634,8523.52041
6dd9d669e1e842768921b9290d9ac30b,1,1541,1790127365219328505,1790127365276913463,1790127365277533054,1790127364006668000,610588168918400,99.636904,48.3809,1,45.99479200260248,0.61061,9657,-1212.660505,round_trip_estimate,1272.1089805,59.44847549999986,1.2439264999998159,0.36634,8573.104492
6dd9d669e1e842768921b9290d9ac30b,1,1542,1790127365255617555,1790127365325300454,1790127365325913268,1790127364055051300,610588217298300,36.28905,48.3799,0,45.83192199061159,0.606536,9708,-1200.566255,round_trip_estimate,1272.1089805,71.54272549999996,1.2470124999999825,0.36634,8621.484243
6dd9d669e1e842768921b9290d9ac30b,1,1543,1790127365319328279,1790127365405207689,1790127365405774836,1790127364135069100,610588297319900,63.710724,80.0216,0,77.40681200812105,0.563313,9752,-1184.259179,round_trip_estimate,1272.1089805,87.84980150000001,1.403244500000028,0.36634,8701.345181
6dd9d669e1e842768921b9290d9ac30b,1,1544,1790127365355613069,1790127365484771405,1790127365485346478,1790127364214479000,610588376727200,36.28479,79.4073,0,77.00314599787816,0.570814,9759,-1141.134069,round_trip_estimate,1272.1089805,130.97491149999996,1.2415025000000242,0.36634,8780.916638
6dd9d669e1e842768921b9290d9ac30b,1,1546,1790127365455513788,1790127365565746564,1790127365566361007,1790127364295422300,610588457670300,99.900719,80.9431,1,78.53310700738803,0.609684,9724,-1160.091488,round_trip_estimate,1272.1089805,112.01749249999989,1.1702734999998938,0.36634,8861.931037
6dd9d669e1e842768921b9290d9ac30b,1,1548,1790127365558155947,1790127365613477871,1790127365614155407,1790127364343250800,610588505493300,102.642159,47.823,1,45.383015007246286,0.669999,9750,-1214.905147,round_trip_estimate,1272.1089805,57.20383349999997,1.2043734999999742,0.36634,8909.727419
6dd9d669e1e842768921b9290d9ac30b,1,1549,1790127365619726435,1790127365665534653,1790127365666164541,1790127364395268100,610588557510500,61.570488,52.0172,0,45.563330000732094,0.623777,9735,-1224.458335,round_trip_estimate,1272.1089805,47.65064549999988,1.2125394999998207,0.36634,8961.736182
